run_id	created_at	event	branch	run_conclusion	job_name	job_conclusion	duration_s
30875633905	2026-08-04T03:44:55Z	pull_request	@chore/goal-skills-agents-documentation-audit	cancelled	PR Size Label	success	8
30875633905	2026-08-04T03:44:55Z	pull_request	@chore/goal-skills-agents-documentation-audit	cancelled	Test Unit	cancelled	417
30875633905	2026-08-04T03:44:55Z	pull_request	@chore/goal-skills-agents-documentation-audit	cancelled	Nix Shell	success	75
30875633905	2026-08-04T03:44:55Z	pull_request	@chore/goal-skills-agents-documentation-audit	cancelled	JSDoc Ratchet	success	302
30875633905	2026-08-04T03:44:55Z	pull_request	@chore/goal-skills-agents-documentation-audit	cancelled	Professional Desktop IPC Stdio	success	60
30875633905	2026-08-04T03:44:55Z	pull_request	@chore/goal-skills-agents-documentation-audit	cancelled	SAST	success	81
30875633905	2026-08-04T03:44:55Z	pull_request	@chore/goal-skills-agents-documentation-audit	cancelled	Coverage Regression	cancelled	400
30875633905	2026-08-04T03:44:55Z	pull_request	@chore/goal-skills-agents-documentation-audit	cancelled	Knip	success	79
30875633905	2026-08-04T03:44:55Z	pull_request	@chore/goal-skills-agents-documentation-audit	cancelled	Security	failure	41
30875633905	2026-08-04T03:44:55Z	pull_request	@chore/goal-skills-agents-documentation-audit	cancelled	Fallow Advisory Envelopes	failure	98
30875633905	2026-08-04T03:44:55Z	pull_request	@chore/goal-skills-agents-documentation-audit	cancelled	Property Laws	cancelled	407
30875633905	2026-08-04T03:44:55Z	pull_request	@chore/goal-skills-agents-documentation-audit	cancelled	Codegen Drift	success	86
30875633905	2026-08-04T03:44:55Z	pull_request	@chore/goal-skills-agents-documentation-audit	cancelled	Commitlint	failure	80
30875633905	2026-08-04T03:44:55Z	pull_request	@chore/goal-skills-agents-documentation-audit	cancelled	Test Integration	success	341
30875633905	2026-08-04T03:44:55Z	pull_request	@chore/goal-skills-agents-documentation-audit	cancelled	Repo Sanity	failure	99
30875633905	2026-08-04T03:44:55Z	pull_request	@chore/goal-skills-agents-documentation-audit	cancelled	Lint Policy	cancelled	399
30875633905	2026-08-04T03:44:55Z	pull_request	@chore/goal-skills-agents-documentation-audit	cancelled	Docgen	cancelled	399
30875633905	2026-08-04T03:44:55Z	pull_request	@chore/goal-skills-agents-documentation-audit	cancelled	Check	cancelled	403
30875633905	2026-08-04T03:44:55Z	pull_request	@chore/goal-skills-agents-documentation-audit	cancelled	Secret Scanning	failure	35
30875633905	2026-08-04T03:44:55Z	pull_request	@chore/goal-skills-agents-documentation-audit	cancelled	Lint	success	347
30875633905	2026-08-04T03:44:55Z	pull_request	@chore/goal-skills-agents-documentation-audit	cancelled	Build	skipped	
30754414753	2026-08-02T15:28:09Z	push	main	failure	JSDoc Ratchet	success	284
30754414753	2026-08-02T15:28:09Z	push	main	failure	Knip	success	66
30754414753	2026-08-02T15:28:09Z	push	main	failure	Codegen Drift	success	72
30754414753	2026-08-02T15:28:09Z	push	main	failure	Build	failure	841
30754414753	2026-08-02T15:28:09Z	push	main	failure	Docgen	success	1487
30754414753	2026-08-02T15:28:09Z	push	main	failure	Commitlint	success	73
30754414753	2026-08-02T15:28:09Z	push	main	failure	Fallow Advisory Envelopes	success	87
30754414753	2026-08-02T15:28:09Z	push	main	failure	Security	success	52
30754414753	2026-08-02T15:28:09Z	push	main	failure	Professional Desktop IPC Stdio	success	60
30754414753	2026-08-02T15:28:09Z	push	main	failure	Test Unit	success	713
30754414753	2026-08-02T15:28:09Z	push	main	failure	SAST	success	80
30754414753	2026-08-02T15:28:09Z	push	main	failure	Lint	success	1180
30754414753	2026-08-02T15:28:09Z	push	main	failure	Property Laws	success	674
30754414753	2026-08-02T15:28:09Z	push	main	failure	Nix Shell	success	70
30754414753	2026-08-02T15:28:09Z	push	main	failure	Secret Scanning	success	31
30754414753	2026-08-02T15:28:09Z	push	main	failure	Repo Sanity	success	92
30754414753	2026-08-02T15:28:09Z	push	main	failure	Lint Policy	success	963
30754414753	2026-08-02T15:28:09Z	push	main	failure	Check	success	2733
30754414753	2026-08-02T15:28:09Z	push	main	failure	Test Integration	success	345
30754414753	2026-08-02T15:28:09Z	push	main	failure	Coverage Regression	success	717
30754414753	2026-08-02T15:28:09Z	push	main	failure	PR Size Label	skipped	0
30752715246	2026-08-02T14:42:51Z	pull_request	@chore/7-30-26	success	PR Size Label	success	8
30752715246	2026-08-02T14:42:51Z	pull_request	@chore/7-30-26	success	JSDoc Ratchet	success	289
30752715246	2026-08-02T14:42:51Z	pull_request	@chore/7-30-26	success	Knip	success	67
30752715246	2026-08-02T14:42:51Z	pull_request	@chore/7-30-26	success	Fallow Advisory Envelopes	success	87
30752715246	2026-08-02T14:42:51Z	pull_request	@chore/7-30-26	success	Security	success	50
30752715246	2026-08-02T14:42:51Z	pull_request	@chore/7-30-26	success	Property Laws	success	623
30752715246	2026-08-02T14:42:51Z	pull_request	@chore/7-30-26	success	Nix Shell	success	72
30752715246	2026-08-02T14:42:51Z	pull_request	@chore/7-30-26	success	Secret Scanning	success	37
30752715246	2026-08-02T14:42:51Z	pull_request	@chore/7-30-26	success	SAST	success	80
30752715246	2026-08-02T14:42:51Z	pull_request	@chore/7-30-26	success	Lint Policy	success	982
30752715246	2026-08-02T14:42:51Z	pull_request	@chore/7-30-26	success	Check	success	2704
30752715246	2026-08-02T14:42:51Z	pull_request	@chore/7-30-26	success	Commitlint	success	70
30752715246	2026-08-02T14:42:51Z	pull_request	@chore/7-30-26	success	Test Unit	success	754
30752715246	2026-08-02T14:42:51Z	pull_request	@chore/7-30-26	success	Coverage Regression	success	719
30752715246	2026-08-02T14:42:51Z	pull_request	@chore/7-30-26	success	Codegen Drift	success	69
30752715246	2026-08-02T14:42:51Z	pull_request	@chore/7-30-26	success	Repo Sanity	success	101
30752715246	2026-08-02T14:42:51Z	pull_request	@chore/7-30-26	success	Docgen	success	1510
30752715246	2026-08-02T14:42:51Z	pull_request	@chore/7-30-26	success	Test Integration	success	357
30752715246	2026-08-02T14:42:51Z	pull_request	@chore/7-30-26	success	Professional Desktop IPC Stdio	success	56
30752715246	2026-08-02T14:42:51Z	pull_request	@chore/7-30-26	success	Lint	success	351
30752715246	2026-08-02T14:42:51Z	pull_request	@chore/7-30-26	success	Build	skipped	
30748547716	2026-08-02T12:47:00Z	pull_request	@chore/7-30-26	cancelled	Knip	success	69
30748547716	2026-08-02T12:47:00Z	pull_request	@chore/7-30-26	cancelled	PR Size Label	success	8
30748547716	2026-08-02T12:47:00Z	pull_request	@chore/7-30-26	cancelled	JSDoc Ratchet	success	292
30748547716	2026-08-02T12:47:00Z	pull_request	@chore/7-30-26	cancelled	Professional Desktop IPC Stdio	success	58
30748547716	2026-08-02T12:47:00Z	pull_request	@chore/7-30-26	cancelled	Property Laws	success	660
30748547716	2026-08-02T12:47:00Z	pull_request	@chore/7-30-26	cancelled	Security	success	46
30748547716	2026-08-02T12:47:00Z	pull_request	@chore/7-30-26	cancelled	Nix Shell	success	69
30748547716	2026-08-02T12:47:00Z	pull_request	@chore/7-30-26	cancelled	Test Integration	success	359
30748547716	2026-08-02T12:47:00Z	pull_request	@chore/7-30-26	cancelled	Secret Scanning	success	34
30748547716	2026-08-02T12:47:00Z	pull_request	@chore/7-30-26	cancelled	SAST	success	88
30748547716	2026-08-02T12:47:00Z	pull_request	@chore/7-30-26	cancelled	Lint	success	348
30748547716	2026-08-02T12:47:00Z	pull_request	@chore/7-30-26	cancelled	Check	cancelled	1817
30748547716	2026-08-02T12:47:00Z	pull_request	@chore/7-30-26	cancelled	Commitlint	success	76
30748547716	2026-08-02T12:47:00Z	pull_request	@chore/7-30-26	cancelled	Codegen Drift	success	77
30748547716	2026-08-02T12:47:00Z	pull_request	@chore/7-30-26	cancelled	Test Unit	success	714
30748547716	2026-08-02T12:47:00Z	pull_request	@chore/7-30-26	cancelled	Repo Sanity	success	91
30748547716	2026-08-02T12:47:00Z	pull_request	@chore/7-30-26	cancelled	Lint Policy	success	998
30748547716	2026-08-02T12:47:00Z	pull_request	@chore/7-30-26	cancelled	Docgen	success	1478
30748547716	2026-08-02T12:47:00Z	pull_request	@chore/7-30-26	cancelled	Coverage Regression	success	748
30748547716	2026-08-02T12:47:00Z	pull_request	@chore/7-30-26	cancelled	Fallow Advisory Envelopes	success	95
30748547716	2026-08-02T12:47:00Z	pull_request	@chore/7-30-26	cancelled	Build	skipped	0
30742186638	2026-08-02T09:39:09Z	pull_request	@chore/7-30-26	cancelled	Fallow Advisory Envelopes	success	97
30742186638	2026-08-02T09:39:09Z	pull_request	@chore/7-30-26	cancelled	Knip	success	73
30742186638	2026-08-02T09:39:09Z	pull_request	@chore/7-30-26	cancelled	Nix Shell	success	74
30742186638	2026-08-02T09:39:09Z	pull_request	@chore/7-30-26	cancelled	JSDoc Ratchet	success	289
30742186638	2026-08-02T09:39:09Z	pull_request	@chore/7-30-26	cancelled	Security	success	42
30742186638	2026-08-02T09:39:09Z	pull_request	@chore/7-30-26	cancelled	Property Laws	success	635
30742186638	2026-08-02T09:39:09Z	pull_request	@chore/7-30-26	cancelled	PR Size Label	success	8
30742186638	2026-08-02T09:39:09Z	pull_request	@chore/7-30-26	cancelled	Commitlint	success	71
30742186638	2026-08-02T09:39:09Z	pull_request	@chore/7-30-26	cancelled	SAST	success	83
30742186638	2026-08-02T09:39:09Z	pull_request	@chore/7-30-26	cancelled	Professional Desktop IPC Stdio	success	55
30742186638	2026-08-02T09:39:09Z	pull_request	@chore/7-30-26	cancelled	Lint	success	321
30742186638	2026-08-02T09:39:09Z	pull_request	@chore/7-30-26	cancelled	Secret Scanning	success	44
30742186638	2026-08-02T09:39:09Z	pull_request	@chore/7-30-26	cancelled	Repo Sanity	success	94
30742186638	2026-08-02T09:39:09Z	pull_request	@chore/7-30-26	cancelled	Test Integration	success	358
30742186638	2026-08-02T09:39:09Z	pull_request	@chore/7-30-26	cancelled	Docgen	cancelled	1217
30742186638	2026-08-02T09:39:09Z	pull_request	@chore/7-30-26	cancelled	Lint Policy	success	1002
30742186638	2026-08-02T09:39:09Z	pull_request	@chore/7-30-26	cancelled	Test Unit	success	704
30742186638	2026-08-02T09:39:09Z	pull_request	@chore/7-30-26	cancelled	Coverage Regression	success	714
30742186638	2026-08-02T09:39:09Z	pull_request	@chore/7-30-26	cancelled	Check	cancelled	1216
30742186638	2026-08-02T09:39:09Z	pull_request	@chore/7-30-26	cancelled	Codegen Drift	success	73
30742186638	2026-08-02T09:39:09Z	pull_request	@chore/7-30-26	cancelled	Build	skipped	0
30738356172	2026-08-02T07:43:28Z	push	main	failure	Knip	success	72
30738356172	2026-08-02T07:43:28Z	push	main	failure	Professional Desktop IPC Stdio	success	56
30738356172	2026-08-02T07:43:28Z	push	main	failure	Lint	success	839
30738356172	2026-08-02T07:43:28Z	push	main	failure	Fallow Advisory Envelopes	success	90
30738356172	2026-08-02T07:43:28Z	push	main	failure	Property Laws	success	631
30738356172	2026-08-02T07:43:28Z	push	main	failure	Check	success	442
30738356172	2026-08-02T07:43:28Z	push	main	failure	Test Unit	success	741
30738356172	2026-08-02T07:43:28Z	push	main	failure	Lint Policy	success	605
30738356172	2026-08-02T07:43:28Z	push	main	failure	Test Integration	success	317
30738356172	2026-08-02T07:43:28Z	push	main	failure	Security	success	38
30738356172	2026-08-02T07:43:28Z	push	main	failure	Repo Sanity	success	95
30738356172	2026-08-02T07:43:28Z	push	main	failure	Docgen	success	568
30738356172	2026-08-02T07:43:28Z	push	main	failure	Coverage Regression	success	692
30738356172	2026-08-02T07:43:28Z	push	main	failure	Codegen Drift	success	78
30738356172	2026-08-02T07:43:28Z	push	main	failure	Build	failure	841
30738356172	2026-08-02T07:43:28Z	push	main	failure	Secret Scanning	success	37
30738356172	2026-08-02T07:43:28Z	push	main	failure	SAST	success	77
30738356172	2026-08-02T07:43:28Z	push	main	failure	Nix Shell	success	73
30738356172	2026-08-02T07:43:28Z	push	main	failure	JSDoc Ratchet	success	300
30738356172	2026-08-02T07:43:28Z	push	main	failure	Commitlint	success	77
30738356172	2026-08-02T07:43:28Z	push	main	failure	PR Size Label	skipped	
30738308358	2026-08-02T07:41:58Z	pull_request	@chore/goal-skills-agents-documentation-audit	success	Property Laws	success	678
30738308358	2026-08-02T07:41:58Z	pull_request	@chore/goal-skills-agents-documentation-audit	success	Test Unit	success	681
30738308358	2026-08-02T07:41:58Z	pull_request	@chore/goal-skills-agents-documentation-audit	success	Professional Desktop IPC Stdio	success	63
30738308358	2026-08-02T07:41:58Z	pull_request	@chore/goal-skills-agents-documentation-audit	success	Build	skipped	
30738308358	2026-08-02T07:41:58Z	pull_request	@chore/goal-skills-agents-documentation-audit	success	Lint	success	319
30738308358	2026-08-02T07:41:58Z	pull_request	@chore/goal-skills-agents-documentation-audit	success	Nix Shell	success	70
30738308358	2026-08-02T07:41:58Z	pull_request	@chore/goal-skills-agents-documentation-audit	success	Commitlint	success	86
30738308358	2026-08-02T07:41:58Z	pull_request	@chore/goal-skills-agents-documentation-audit	success	Check	success	387
30738308358	2026-08-02T07:41:58Z	pull_request	@chore/goal-skills-agents-documentation-audit	success	Repo Sanity	success	102
30738308358	2026-08-02T07:41:58Z	pull_request	@chore/goal-skills-agents-documentation-audit	success	JSDoc Ratchet	success	275
30738308358	2026-08-02T07:41:58Z	pull_request	@chore/goal-skills-agents-documentation-audit	success	Coverage Regression	success	782
30738308358	2026-08-02T07:41:58Z	pull_request	@chore/goal-skills-agents-documentation-audit	success	Docgen	success	544
30738308358	2026-08-02T07:41:58Z	pull_request	@chore/goal-skills-agents-documentation-audit	success	Test Integration	success	289
30738308358	2026-08-02T07:41:58Z	pull_request	@chore/goal-skills-agents-documentation-audit	success	Codegen Drift	success	65
30738308358	2026-08-02T07:41:58Z	pull_request	@chore/goal-skills-agents-documentation-audit	success	Fallow Advisory Envelopes	success	90
30738308358	2026-08-02T07:41:58Z	pull_request	@chore/goal-skills-agents-documentation-audit	success	Secret Scanning	success	38
30738308358	2026-08-02T07:41:58Z	pull_request	@chore/goal-skills-agents-documentation-audit	success	Lint Policy	success	578
30738308358	2026-08-02T07:41:58Z	pull_request	@chore/goal-skills-agents-documentation-audit	success	Knip	success	72
30738308358	2026-08-02T07:41:58Z	pull_request	@chore/goal-skills-agents-documentation-audit	success	SAST	success	79
30738308358	2026-08-02T07:41:58Z	pull_request	@chore/goal-skills-agents-documentation-audit	success	Security	success	39
30738308358	2026-08-02T07:41:58Z	pull_request	@chore/goal-skills-agents-documentation-audit	success	PR Size Label	success	8
30737940386	2026-08-02T07:30:23Z	pull_request	feat/contradiction-source-highlight-pr	success	Fallow Advisory Envelopes	success	88
30737940386	2026-08-02T07:30:23Z	pull_request	feat/contradiction-source-highlight-pr	success	Professional Desktop IPC Stdio	success	61
30737940386	2026-08-02T07:30:23Z	pull_request	feat/contradiction-source-highlight-pr	success	Property Laws	success	595
30737940386	2026-08-02T07:30:23Z	pull_request	feat/contradiction-source-highlight-pr	success	PR Size Label	success	6
30737940386	2026-08-02T07:30:23Z	pull_request	feat/contradiction-source-highlight-pr	success	Lint Policy	success	604
30737940386	2026-08-02T07:30:23Z	pull_request	feat/contradiction-source-highlight-pr	success	Commitlint	success	67
30737940386	2026-08-02T07:30:23Z	pull_request	feat/contradiction-source-highlight-pr	success	Docgen	success	628
30737940386	2026-08-02T07:30:23Z	pull_request	feat/contradiction-source-highlight-pr	success	Security	success	39
30737940386	2026-08-02T07:30:23Z	pull_request	feat/contradiction-source-highlight-pr	success	Knip	success	76
30737940386	2026-08-02T07:30:23Z	pull_request	feat/contradiction-source-highlight-pr	success	SAST	success	87
30737940386	2026-08-02T07:30:23Z	pull_request	feat/contradiction-source-highlight-pr	success	Secret Scanning	success	43
30737940386	2026-08-02T07:30:23Z	pull_request	feat/contradiction-source-highlight-pr	success	Coverage Regression	success	706
30737940386	2026-08-02T07:30:23Z	pull_request	feat/contradiction-source-highlight-pr	success	Repo Sanity	success	87
30737940386	2026-08-02T07:30:23Z	pull_request	feat/contradiction-source-highlight-pr	success	Nix Shell	success	70
30737940386	2026-08-02T07:30:23Z	pull_request	feat/contradiction-source-highlight-pr	success	Lint	success	327
30737940386	2026-08-02T07:30:23Z	pull_request	feat/contradiction-source-highlight-pr	success	Codegen Drift	success	74
30737940386	2026-08-02T07:30:23Z	pull_request	feat/contradiction-source-highlight-pr	success	Test Integration	success	323
30737940386	2026-08-02T07:30:23Z	pull_request	feat/contradiction-source-highlight-pr	success	JSDoc Ratchet	success	292
30737940386	2026-08-02T07:30:23Z	pull_request	feat/contradiction-source-highlight-pr	success	Check	success	471
30737940386	2026-08-02T07:30:23Z	pull_request	feat/contradiction-source-highlight-pr	success	Test Unit	success	726
30737940386	2026-08-02T07:30:23Z	pull_request	feat/contradiction-source-highlight-pr	success	Build	skipped	0
30735824339	2026-08-02T06:23:23Z	pull_request	feat/contradiction-source-highlight-pr	failure	Fallow Advisory Envelopes	success	90
30735824339	2026-08-02T06:23:23Z	pull_request	feat/contradiction-source-highlight-pr	failure	PR Size Label	success	6
30735824339	2026-08-02T06:23:23Z	pull_request	feat/contradiction-source-highlight-pr	failure	Lint Policy	failure	781
30735824339	2026-08-02T06:23:23Z	pull_request	feat/contradiction-source-highlight-pr	failure	Knip	success	69
30735824339	2026-08-02T06:23:23Z	pull_request	feat/contradiction-source-highlight-pr	failure	Coverage Regression	failure	702
30735824339	2026-08-02T06:23:23Z	pull_request	feat/contradiction-source-highlight-pr	failure	Codegen Drift	success	78
30735824339	2026-08-02T06:23:23Z	pull_request	feat/contradiction-source-highlight-pr	failure	Professional Desktop IPC Stdio	success	57
30735824339	2026-08-02T06:23:23Z	pull_request	feat/contradiction-source-highlight-pr	failure	Docgen	success	564
30735824339	2026-08-02T06:23:23Z	pull_request	feat/contradiction-source-highlight-pr	failure	JSDoc Ratchet	success	297
30735824339	2026-08-02T06:23:23Z	pull_request	feat/contradiction-source-highlight-pr	failure	Commitlint	success	75
30735824339	2026-08-02T06:23:23Z	pull_request	feat/contradiction-source-highlight-pr	failure	SAST	success	87
30735824339	2026-08-02T06:23:23Z	pull_request	feat/contradiction-source-highlight-pr	failure	Property Laws	success	654
30735824339	2026-08-02T06:23:23Z	pull_request	feat/contradiction-source-highlight-pr	failure	Secret Scanning	success	33
30735824339	2026-08-02T06:23:23Z	pull_request	feat/contradiction-source-highlight-pr	failure	Security	success	54
30735824339	2026-08-02T06:23:23Z	pull_request	feat/contradiction-source-highlight-pr	failure	Nix Shell	success	69
30735824339	2026-08-02T06:23:23Z	pull_request	feat/contradiction-source-highlight-pr	failure	Lint	success	327
30735824339	2026-08-02T06:23:23Z	pull_request	feat/contradiction-source-highlight-pr	failure	Test Integration	success	328
30735824339	2026-08-02T06:23:23Z	pull_request	feat/contradiction-source-highlight-pr	failure	Test Unit	success	724
30735824339	2026-08-02T06:23:23Z	pull_request	feat/contradiction-source-highlight-pr	failure	Check	success	458
30735824339	2026-08-02T06:23:23Z	pull_request	feat/contradiction-source-highlight-pr	failure	Repo Sanity	success	91
30735824339	2026-08-02T06:23:23Z	pull_request	feat/contradiction-source-highlight-pr	failure	Build	skipped	0
30734822037	2026-08-02T05:50:22Z	pull_request	chore/effect-jsdoc-quality	failure	Knip	success	75
30734822037	2026-08-02T05:50:22Z	pull_request	chore/effect-jsdoc-quality	failure	Docgen	failure	534
30734822037	2026-08-02T05:50:22Z	pull_request	chore/effect-jsdoc-quality	failure	Test Unit	failure	267
30734822037	2026-08-02T05:50:22Z	pull_request	chore/effect-jsdoc-quality	failure	Coverage Regression	failure	790
30734822037	2026-08-02T05:50:22Z	pull_request	chore/effect-jsdoc-quality	failure	Test Integration	success	288
30734822037	2026-08-02T05:50:22Z	pull_request	chore/effect-jsdoc-quality	failure	Professional Desktop IPC Stdio	success	59
30734822037	2026-08-02T05:50:22Z	pull_request	chore/effect-jsdoc-quality	failure	Check	failure	380
30734822037	2026-08-02T05:50:22Z	pull_request	chore/effect-jsdoc-quality	failure	Codegen Drift	success	72
30734822037	2026-08-02T05:50:22Z	pull_request	chore/effect-jsdoc-quality	failure	Lint Policy	failure	538
30734822037	2026-08-02T05:50:22Z	pull_request	chore/effect-jsdoc-quality	failure	PR Size Label	success	7
30734822037	2026-08-02T05:50:22Z	pull_request	chore/effect-jsdoc-quality	failure	Repo Sanity	failure	89
30734822037	2026-08-02T05:50:22Z	pull_request	chore/effect-jsdoc-quality	failure	Lint	success	301
30734822037	2026-08-02T05:50:22Z	pull_request	chore/effect-jsdoc-quality	failure	Secret Scanning	success	36
30734822037	2026-08-02T05:50:22Z	pull_request	chore/effect-jsdoc-quality	failure	Security	success	50
30734822037	2026-08-02T05:50:22Z	pull_request	chore/effect-jsdoc-quality	failure	SAST	success	79
30734822037	2026-08-02T05:50:22Z	pull_request	chore/effect-jsdoc-quality	failure	JSDoc Ratchet	success	280
30734822037	2026-08-02T05:50:22Z	pull_request	chore/effect-jsdoc-quality	failure	Fallow Advisory Envelopes	failure	96
30734822037	2026-08-02T05:50:22Z	pull_request	chore/effect-jsdoc-quality	failure	Property Laws	success	194
30734822037	2026-08-02T05:50:22Z	pull_request	chore/effect-jsdoc-quality	failure	Nix Shell	success	69
30734822037	2026-08-02T05:50:22Z	pull_request	chore/effect-jsdoc-quality	failure	Commitlint	success	69
30734822037	2026-08-02T05:50:22Z	pull_request	chore/effect-jsdoc-quality	failure	Build	skipped	
30733981624	2026-08-02T05:21:27Z	pull_request	@chore/7-30-26	cancelled	Property Laws	success	618
30733981624	2026-08-02T05:21:27Z	pull_request	@chore/7-30-26	cancelled	Secret Scanning	success	36
30733981624	2026-08-02T05:21:27Z	pull_request	@chore/7-30-26	cancelled	Professional Desktop IPC Stdio	success	56
30733981624	2026-08-02T05:21:27Z	pull_request	@chore/7-30-26	cancelled	Fallow Advisory Envelopes	success	91
30733981624	2026-08-02T05:21:27Z	pull_request	@chore/7-30-26	cancelled	Repo Sanity	success	93
30733981624	2026-08-02T05:21:27Z	pull_request	@chore/7-30-26	cancelled	Test Integration	success	331
30733981624	2026-08-02T05:21:27Z	pull_request	@chore/7-30-26	cancelled	Security	success	38
30733981624	2026-08-02T05:21:27Z	pull_request	@chore/7-30-26	cancelled	Knip	success	77
30733981624	2026-08-02T05:21:27Z	pull_request	@chore/7-30-26	cancelled	Codegen Drift	success	72
30733981624	2026-08-02T05:21:27Z	pull_request	@chore/7-30-26	cancelled	Lint Policy	success	869
30733981624	2026-08-02T05:21:27Z	pull_request	@chore/7-30-26	cancelled	Docgen	cancelled	1217
30733981624	2026-08-02T05:21:27Z	pull_request	@chore/7-30-26	cancelled	Lint	success	301
30733981624	2026-08-02T05:21:27Z	pull_request	@chore/7-30-26	cancelled	JSDoc Ratchet	success	289
30733981624	2026-08-02T05:21:27Z	pull_request	@chore/7-30-26	cancelled	Coverage Regression	success	818
30733981624	2026-08-02T05:21:27Z	pull_request	@chore/7-30-26	cancelled	PR Size Label	success	8
30733981624	2026-08-02T05:21:27Z	pull_request	@chore/7-30-26	cancelled	SAST	success	81
30733981624	2026-08-02T05:21:27Z	pull_request	@chore/7-30-26	cancelled	Nix Shell	success	72
30733981624	2026-08-02T05:21:27Z	pull_request	@chore/7-30-26	cancelled	Commitlint	success	69
30733981624	2026-08-02T05:21:27Z	pull_request	@chore/7-30-26	cancelled	Check	cancelled	1218
30733981624	2026-08-02T05:21:27Z	pull_request	@chore/7-30-26	cancelled	Test Unit	success	703
30733981624	2026-08-02T05:21:27Z	pull_request	@chore/7-30-26	cancelled	Build	skipped	0
30733969199	2026-08-02T05:21:02Z	pull_request	@chore/7-30-26	cancelled	PR Size Label	success	8
30733969199	2026-08-02T05:21:02Z	pull_request	@chore/7-30-26	cancelled	Professional Desktop IPC Stdio	cancelled	22
30733969199	2026-08-02T05:21:02Z	pull_request	@chore/7-30-26	cancelled	Lint Policy	cancelled	21
30733969199	2026-08-02T05:21:02Z	pull_request	@chore/7-30-26	cancelled	Fallow Advisory Envelopes	cancelled	22
30733969199	2026-08-02T05:21:02Z	pull_request	@chore/7-30-26	cancelled	Knip	cancelled	20
30733969199	2026-08-02T05:21:02Z	pull_request	@chore/7-30-26	cancelled	Repo Sanity	cancelled	21
30733969199	2026-08-02T05:21:02Z	pull_request	@chore/7-30-26	cancelled	Codegen Drift	cancelled	21
30733969199	2026-08-02T05:21:02Z	pull_request	@chore/7-30-26	cancelled	Docgen	cancelled	21
30733969199	2026-08-02T05:21:02Z	pull_request	@chore/7-30-26	cancelled	Coverage Regression	cancelled	20
30733969199	2026-08-02T05:21:02Z	pull_request	@chore/7-30-26	cancelled	Property Laws	cancelled	21
30733969199	2026-08-02T05:21:02Z	pull_request	@chore/7-30-26	cancelled	SAST	cancelled	21
30733969199	2026-08-02T05:21:02Z	pull_request	@chore/7-30-26	cancelled	JSDoc Ratchet	cancelled	20
30733969199	2026-08-02T05:21:02Z	pull_request	@chore/7-30-26	cancelled	Nix Shell	cancelled	21
30733969199	2026-08-02T05:21:02Z	pull_request	@chore/7-30-26	cancelled	Security	cancelled	21
30733969199	2026-08-02T05:21:02Z	pull_request	@chore/7-30-26	cancelled	Secret Scanning	cancelled	20
30733969199	2026-08-02T05:21:02Z	pull_request	@chore/7-30-26	cancelled	Commitlint	cancelled	21
30733969199	2026-08-02T05:21:02Z	pull_request	@chore/7-30-26	cancelled	Test Integration	cancelled	20
30733969199	2026-08-02T05:21:02Z	pull_request	@chore/7-30-26	cancelled	Check	cancelled	20
30733969199	2026-08-02T05:21:02Z	pull_request	@chore/7-30-26	cancelled	Lint	cancelled	20
30733969199	2026-08-02T05:21:02Z	pull_request	@chore/7-30-26	cancelled	Build	skipped	0
30733969199	2026-08-02T05:21:02Z	pull_request	@chore/7-30-26	cancelled	Test Unit	cancelled	20
30733723350	2026-08-02T05:12:55Z	push	main	failure	Knip	success	67
30733723350	2026-08-02T05:12:55Z	push	main	failure	Professional Desktop IPC Stdio	success	56
30733723350	2026-08-02T05:12:55Z	push	main	failure	Build	success	178
30733723350	2026-08-02T05:12:55Z	push	main	failure	JSDoc Ratchet	success	282
30733723350	2026-08-02T05:12:55Z	push	main	failure	Fallow Advisory Envelopes	success	87
30733723350	2026-08-02T05:12:55Z	push	main	failure	Nix Shell	success	67
30733723350	2026-08-02T05:12:55Z	push	main	failure	Property Laws	success	613
30733723350	2026-08-02T05:12:55Z	push	main	failure	Security	success	48
30733723350	2026-08-02T05:12:55Z	push	main	failure	SAST	success	76
30733723350	2026-08-02T05:12:55Z	push	main	failure	Commitlint	success	66
30733723350	2026-08-02T05:12:55Z	push	main	failure	Test Unit	success	674
30733723350	2026-08-02T05:12:55Z	push	main	failure	Secret Scanning	success	41
30733723350	2026-08-02T05:12:55Z	push	main	failure	Coverage Regression	success	788
30733723350	2026-08-02T05:12:55Z	push	main	failure	Check	success	365
30733723350	2026-08-02T05:12:55Z	push	main	failure	Docgen	success	521
30733723350	2026-08-02T05:12:55Z	push	main	failure	Lint Policy	failure	781
30733723350	2026-08-02T05:12:55Z	push	main	failure	Test Integration	success	277
30733723350	2026-08-02T05:12:55Z	push	main	failure	Repo Sanity	success	95
30733723350	2026-08-02T05:12:55Z	push	main	failure	Lint	success	787
30733723350	2026-08-02T05:12:55Z	push	main	failure	Codegen Drift	success	76
30733723350	2026-08-02T05:12:55Z	push	main	failure	PR Size Label	skipped	0
30732752436	2026-08-02T04:39:33Z	pull_request	@chore/goal-skills-agents-documentation-audit	success	Lint Policy	success	566
30732752436	2026-08-02T04:39:33Z	pull_request	@chore/goal-skills-agents-documentation-audit	success	Property Laws	success	636
30732752436	2026-08-02T04:39:33Z	pull_request	@chore/goal-skills-agents-documentation-audit	success	Knip	success	73
30732752436	2026-08-02T04:39:33Z	pull_request	@chore/goal-skills-agents-documentation-audit	success	Repo Sanity	success	91
30732752436	2026-08-02T04:39:33Z	pull_request	@chore/goal-skills-agents-documentation-audit	success	Secret Scanning	success	37
30732752436	2026-08-02T04:39:33Z	pull_request	@chore/goal-skills-agents-documentation-audit	success	SAST	success	72
30732752436	2026-08-02T04:39:33Z	pull_request	@chore/goal-skills-agents-documentation-audit	success	Test Integration	success	291
30732752436	2026-08-02T04:39:33Z	pull_request	@chore/goal-skills-agents-documentation-audit	success	Coverage Regression	success	821
30732752436	2026-08-02T04:39:33Z	pull_request	@chore/goal-skills-agents-documentation-audit	success	Docgen	success	533
30732752436	2026-08-02T04:39:33Z	pull_request	@chore/goal-skills-agents-documentation-audit	success	Codegen Drift	success	68
30732752436	2026-08-02T04:39:33Z	pull_request	@chore/goal-skills-agents-documentation-audit	success	Check	success	377
30732752436	2026-08-02T04:39:33Z	pull_request	@chore/goal-skills-agents-documentation-audit	success	JSDoc Ratchet	success	287
30732752436	2026-08-02T04:39:33Z	pull_request	@chore/goal-skills-agents-documentation-audit	success	Build	skipped	
30732752436	2026-08-02T04:39:33Z	pull_request	@chore/goal-skills-agents-documentation-audit	success	Nix Shell	success	68
30732752436	2026-08-02T04:39:33Z	pull_request	@chore/goal-skills-agents-documentation-audit	success	Test Unit	success	663
30732752436	2026-08-02T04:39:33Z	pull_request	@chore/goal-skills-agents-documentation-audit	success	Professional Desktop IPC Stdio	success	56
30732752436	2026-08-02T04:39:33Z	pull_request	@chore/goal-skills-agents-documentation-audit	success	Lint	success	309
30732752436	2026-08-02T04:39:33Z	pull_request	@chore/goal-skills-agents-documentation-audit	success	Security	success	40
30732752436	2026-08-02T04:39:33Z	pull_request	@chore/goal-skills-agents-documentation-audit	success	PR Size Label	success	8
30732752436	2026-08-02T04:39:33Z	pull_request	@chore/goal-skills-agents-documentation-audit	success	Commitlint	success	69
30732752436	2026-08-02T04:39:33Z	pull_request	@chore/goal-skills-agents-documentation-audit	success	Fallow Advisory Envelopes	success	87
30731936393	2026-08-02T04:11:22Z	pull_request	@slop/8-1-2026	success	Knip	success	65
30731936393	2026-08-02T04:11:22Z	pull_request	@slop/8-1-2026	success	Property Laws	success	622
30731936393	2026-08-02T04:11:22Z	pull_request	@slop/8-1-2026	success	Fallow Advisory Envelopes	success	85
30731936393	2026-08-02T04:11:22Z	pull_request	@slop/8-1-2026	success	Docgen	success	31
30731936393	2026-08-02T04:11:22Z	pull_request	@slop/8-1-2026	success	Professional Desktop IPC Stdio	success	58
30731936393	2026-08-02T04:11:22Z	pull_request	@slop/8-1-2026	success	PR Size Label	success	6
30731936393	2026-08-02T04:11:22Z	pull_request	@slop/8-1-2026	success	Test Unit	success	672
30731936393	2026-08-02T04:11:22Z	pull_request	@slop/8-1-2026	success	Nix Shell	success	68
30731936393	2026-08-02T04:11:22Z	pull_request	@slop/8-1-2026	success	SAST	success	77
30731936393	2026-08-02T04:11:22Z	pull_request	@slop/8-1-2026	success	Coverage Regression	success	831
30731936393	2026-08-02T04:11:22Z	pull_request	@slop/8-1-2026	success	Security	success	50
30731936393	2026-08-02T04:11:22Z	pull_request	@slop/8-1-2026	success	Check	success	380
30731936393	2026-08-02T04:11:22Z	pull_request	@slop/8-1-2026	success	Secret Scanning	success	37
30731936393	2026-08-02T04:11:22Z	pull_request	@slop/8-1-2026	success	Commitlint	success	76
30731936393	2026-08-02T04:11:22Z	pull_request	@slop/8-1-2026	success	JSDoc Ratchet	success	296
30731936393	2026-08-02T04:11:22Z	pull_request	@slop/8-1-2026	success	Lint	success	310
30731936393	2026-08-02T04:11:22Z	pull_request	@slop/8-1-2026	success	Lint Policy	success	588
30731936393	2026-08-02T04:11:22Z	pull_request	@slop/8-1-2026	success	Repo Sanity	success	92
30731936393	2026-08-02T04:11:22Z	pull_request	@slop/8-1-2026	success	Codegen Drift	success	77
30731936393	2026-08-02T04:11:22Z	pull_request	@slop/8-1-2026	success	Test Integration	success	296
30731936393	2026-08-02T04:11:22Z	pull_request	@slop/8-1-2026	success	Build	skipped	0
30731873588	2026-08-02T04:09:15Z	pull_request	feat/contradiction-source-highlight-pr	failure	Test Integration	failure	1024
30731873588	2026-08-02T04:09:15Z	pull_request	feat/contradiction-source-highlight-pr	failure	Coverage Regression	failure	1263
30731873588	2026-08-02T04:09:15Z	pull_request	feat/contradiction-source-highlight-pr	failure	Build	skipped	
30731873588	2026-08-02T04:09:15Z	pull_request	feat/contradiction-source-highlight-pr	failure	Secret Scanning	success	37
30731873588	2026-08-02T04:09:15Z	pull_request	feat/contradiction-source-highlight-pr	failure	Check	success	461
30731873588	2026-08-02T04:09:15Z	pull_request	feat/contradiction-source-highlight-pr	failure	Test Unit	success	694
30731873588	2026-08-02T04:09:15Z	pull_request	feat/contradiction-source-highlight-pr	failure	Docgen	success	572
30731873588	2026-08-02T04:09:15Z	pull_request	feat/contradiction-source-highlight-pr	failure	Codegen Drift	success	70
30731873588	2026-08-02T04:09:15Z	pull_request	feat/contradiction-source-highlight-pr	failure	Repo Sanity	success	100
30731873588	2026-08-02T04:09:15Z	pull_request	feat/contradiction-source-highlight-pr	failure	Property Laws	success	631
30731873588	2026-08-02T04:09:15Z	pull_request	feat/contradiction-source-highlight-pr	failure	SAST	success	86
30731873588	2026-08-02T04:09:15Z	pull_request	feat/contradiction-source-highlight-pr	failure	Lint Policy	success	718
30731873588	2026-08-02T04:09:15Z	pull_request	feat/contradiction-source-highlight-pr	failure	JSDoc Ratchet	success	280
30731873588	2026-08-02T04:09:15Z	pull_request	feat/contradiction-source-highlight-pr	failure	Security	success	51
30731873588	2026-08-02T04:09:15Z	pull_request	feat/contradiction-source-highlight-pr	failure	Commitlint	success	76
30731873588	2026-08-02T04:09:15Z	pull_request	feat/contradiction-source-highlight-pr	failure	Professional Desktop IPC Stdio	success	58
30731873588	2026-08-02T04:09:15Z	pull_request	feat/contradiction-source-highlight-pr	failure	Lint	success	319
30731873588	2026-08-02T04:09:15Z	pull_request	feat/contradiction-source-highlight-pr	failure	Knip	success	65
30731873588	2026-08-02T04:09:15Z	pull_request	feat/contradiction-source-highlight-pr	failure	PR Size Label	success	7
30731873588	2026-08-02T04:09:15Z	pull_request	feat/contradiction-source-highlight-pr	failure	Fallow Advisory Envelopes	success	91
30731873588	2026-08-02T04:09:15Z	pull_request	feat/contradiction-source-highlight-pr	failure	Nix Shell	success	70
30731859007	2026-08-02T04:08:45Z	pull_request	@chore/goal-skills-agents-documentation-audit	failure	Fallow Advisory Envelopes	success	90
30731859007	2026-08-02T04:08:45Z	pull_request	@chore/goal-skills-agents-documentation-audit	failure	Check	success	374
30731859007	2026-08-02T04:08:45Z	pull_request	@chore/goal-skills-agents-documentation-audit	failure	Professional Desktop IPC Stdio	success	57
30731859007	2026-08-02T04:08:45Z	pull_request	@chore/goal-skills-agents-documentation-audit	failure	Property Laws	success	610
30731859007	2026-08-02T04:08:45Z	pull_request	@chore/goal-skills-agents-documentation-audit	failure	Knip	success	74
30731859007	2026-08-02T04:08:45Z	pull_request	@chore/goal-skills-agents-documentation-audit	failure	JSDoc Ratchet	success	288
30731859007	2026-08-02T04:08:45Z	pull_request	@chore/goal-skills-agents-documentation-audit	failure	Lint Policy	success	577
30731859007	2026-08-02T04:08:45Z	pull_request	@chore/goal-skills-agents-documentation-audit	failure	Codegen Drift	success	69
30731859007	2026-08-02T04:08:45Z	pull_request	@chore/goal-skills-agents-documentation-audit	failure	Secret Scanning	failure	43
30731859007	2026-08-02T04:08:45Z	pull_request	@chore/goal-skills-agents-documentation-audit	failure	Nix Shell	success	69
30731859007	2026-08-02T04:08:45Z	pull_request	@chore/goal-skills-agents-documentation-audit	failure	Security	success	49
30731859007	2026-08-02T04:08:45Z	pull_request	@chore/goal-skills-agents-documentation-audit	failure	Commitlint	failure	87
30731859007	2026-08-02T04:08:45Z	pull_request	@chore/goal-skills-agents-documentation-audit	failure	PR Size Label	success	8
30731859007	2026-08-02T04:08:45Z	pull_request	@chore/goal-skills-agents-documentation-audit	failure	Test Integration	success	292
30731859007	2026-08-02T04:08:45Z	pull_request	@chore/goal-skills-agents-documentation-audit	failure	Test Unit	success	660
30731859007	2026-08-02T04:08:45Z	pull_request	@chore/goal-skills-agents-documentation-audit	failure	Coverage Regression	success	797
30731859007	2026-08-02T04:08:45Z	pull_request	@chore/goal-skills-agents-documentation-audit	failure	Repo Sanity	success	116
30731859007	2026-08-02T04:08:45Z	pull_request	@chore/goal-skills-agents-documentation-audit	failure	Docgen	success	534
30731859007	2026-08-02T04:08:45Z	pull_request	@chore/goal-skills-agents-documentation-audit	failure	Lint	success	345
30731859007	2026-08-02T04:08:45Z	pull_request	@chore/goal-skills-agents-documentation-audit	failure	SAST	success	71
30731859007	2026-08-02T04:08:45Z	pull_request	@chore/goal-skills-agents-documentation-audit	failure	Build	skipped	0
30729253666	2026-08-02T02:39:52Z	pull_request	@slop/8-1-2026	success	Lint Policy	success	579
30729253666	2026-08-02T02:39:52Z	pull_request	@slop/8-1-2026	success	PR Size Label	success	6
30729253666	2026-08-02T02:39:52Z	pull_request	@slop/8-1-2026	success	Build	skipped	
30729253666	2026-08-02T02:39:52Z	pull_request	@slop/8-1-2026	success	Coverage Regression	success	801
30729253666	2026-08-02T02:39:52Z	pull_request	@slop/8-1-2026	success	Property Laws	success	628
30729253666	2026-08-02T02:39:52Z	pull_request	@slop/8-1-2026	success	Professional Desktop IPC Stdio	success	61
30729253666	2026-08-02T02:39:52Z	pull_request	@slop/8-1-2026	success	Repo Sanity	success	98
30729253666	2026-08-02T02:39:52Z	pull_request	@slop/8-1-2026	success	SAST	success	69
30729253666	2026-08-02T02:39:52Z	pull_request	@slop/8-1-2026	success	Check	success	371
30729253666	2026-08-02T02:39:52Z	pull_request	@slop/8-1-2026	success	Nix Shell	success	75
30729253666	2026-08-02T02:39:52Z	pull_request	@slop/8-1-2026	success	Secret Scanning	success	33
30729253666	2026-08-02T02:39:52Z	pull_request	@slop/8-1-2026	success	Docgen	success	31
30729253666	2026-08-02T02:39:52Z	pull_request	@slop/8-1-2026	success	Test Unit	success	663
30729253666	2026-08-02T02:39:52Z	pull_request	@slop/8-1-2026	success	Test Integration	success	292
30729253666	2026-08-02T02:39:52Z	pull_request	@slop/8-1-2026	success	JSDoc Ratchet	success	286
30729253666	2026-08-02T02:39:52Z	pull_request	@slop/8-1-2026	success	Security	success	38
30729253666	2026-08-02T02:39:52Z	pull_request	@slop/8-1-2026	success	Fallow Advisory Envelopes	success	89
30729253666	2026-08-02T02:39:52Z	pull_request	@slop/8-1-2026	success	Knip	success	78
30729253666	2026-08-02T02:39:52Z	pull_request	@slop/8-1-2026	success	Lint	success	295
30729253666	2026-08-02T02:39:52Z	pull_request	@slop/8-1-2026	success	Codegen Drift	success	79
30729253666	2026-08-02T02:39:52Z	pull_request	@slop/8-1-2026	success	Commitlint	success	74
30729119152	2026-08-02T02:35:09Z	pull_request	feat/contradiction-source-highlight-pr	failure	Knip	success	66
30729119152	2026-08-02T02:35:09Z	pull_request	feat/contradiction-source-highlight-pr	failure	JSDoc Ratchet	success	294
30729119152	2026-08-02T02:35:09Z	pull_request	feat/contradiction-source-highlight-pr	failure	Lint Policy	failure	781
30729119152	2026-08-02T02:35:09Z	pull_request	feat/contradiction-source-highlight-pr	failure	Test Unit	failure	217
30729119152	2026-08-02T02:35:09Z	pull_request	feat/contradiction-source-highlight-pr	failure	Fallow Advisory Envelopes	success	88
30729119152	2026-08-02T02:35:09Z	pull_request	feat/contradiction-source-highlight-pr	failure	Coverage Regression	failure	458
30729119152	2026-08-02T02:35:09Z	pull_request	feat/contradiction-source-highlight-pr	failure	Nix Shell	success	95
30729119152	2026-08-02T02:35:09Z	pull_request	feat/contradiction-source-highlight-pr	failure	Security	success	47
30729119152	2026-08-02T02:35:09Z	pull_request	feat/contradiction-source-highlight-pr	failure	Lint	success	306
30729119152	2026-08-02T02:35:09Z	pull_request	feat/contradiction-source-highlight-pr	failure	Repo Sanity	success	93
30729119152	2026-08-02T02:35:09Z	pull_request	feat/contradiction-source-highlight-pr	failure	Check	failure	366
30729119152	2026-08-02T02:35:09Z	pull_request	feat/contradiction-source-highlight-pr	failure	Property Laws	failure	106
30729119152	2026-08-02T02:35:09Z	pull_request	feat/contradiction-source-highlight-pr	failure	Test Integration	failure	204
30729119152	2026-08-02T02:35:09Z	pull_request	feat/contradiction-source-highlight-pr	failure	Professional Desktop IPC Stdio	failure	78
30729119152	2026-08-02T02:35:09Z	pull_request	feat/contradiction-source-highlight-pr	failure	Codegen Drift	success	76
30729119152	2026-08-02T02:35:09Z	pull_request	feat/contradiction-source-highlight-pr	failure	Docgen	failure	331
30729119152	2026-08-02T02:35:09Z	pull_request	feat/contradiction-source-highlight-pr	failure	PR Size Label	success	6
30729119152	2026-08-02T02:35:09Z	pull_request	feat/contradiction-source-highlight-pr	failure	SAST	success	88
30729119152	2026-08-02T02:35:09Z	pull_request	feat/contradiction-source-highlight-pr	failure	Commitlint	success	68
30729119152	2026-08-02T02:35:09Z	pull_request	feat/contradiction-source-highlight-pr	failure	Secret Scanning	success	34
30729119152	2026-08-02T02:35:09Z	pull_request	feat/contradiction-source-highlight-pr	failure	Build	skipped	0
30727618563	2026-08-02T01:45:15Z	pull_request	feat/contradiction-source-highlight-pr	cancelled	Coverage Regression	cancelled	1434
30727618563	2026-08-02T01:45:15Z	pull_request	feat/contradiction-source-highlight-pr	cancelled	Test Integration	failure	901
30727618563	2026-08-02T01:45:15Z	pull_request	feat/contradiction-source-highlight-pr	cancelled	Lint Policy	failure	781
30727618563	2026-08-02T01:45:15Z	pull_request	feat/contradiction-source-highlight-pr	cancelled	Property Laws	success	649
30727618563	2026-08-02T01:45:15Z	pull_request	feat/contradiction-source-highlight-pr	cancelled	Knip	success	65
30727618563	2026-08-02T01:45:15Z	pull_request	feat/contradiction-source-highlight-pr	cancelled	Security	success	41
30727618563	2026-08-02T01:45:15Z	pull_request	feat/contradiction-source-highlight-pr	cancelled	Repo Sanity	success	89
30727618563	2026-08-02T01:45:15Z	pull_request	feat/contradiction-source-highlight-pr	cancelled	Commitlint	success	75
30727618563	2026-08-02T01:45:15Z	pull_request	feat/contradiction-source-highlight-pr	cancelled	Nix Shell	success	70
30727618563	2026-08-02T01:45:15Z	pull_request	feat/contradiction-source-highlight-pr	cancelled	Secret Scanning	success	32
30727618563	2026-08-02T01:45:15Z	pull_request	feat/contradiction-source-highlight-pr	cancelled	Check	success	453
30727618563	2026-08-02T01:45:15Z	pull_request	feat/contradiction-source-highlight-pr	cancelled	Codegen Drift	success	78
30727618563	2026-08-02T01:45:15Z	pull_request	feat/contradiction-source-highlight-pr	cancelled	Fallow Advisory Envelopes	success	91
30727618563	2026-08-02T01:45:15Z	pull_request	feat/contradiction-source-highlight-pr	cancelled	Professional Desktop IPC Stdio	success	56
30727618563	2026-08-02T01:45:15Z	pull_request	feat/contradiction-source-highlight-pr	cancelled	Lint	success	306
30727618563	2026-08-02T01:45:15Z	pull_request	feat/contradiction-source-highlight-pr	cancelled	SAST	success	82
30727618563	2026-08-02T01:45:15Z	pull_request	feat/contradiction-source-highlight-pr	cancelled	Build	skipped	
30727618563	2026-08-02T01:45:15Z	pull_request	feat/contradiction-source-highlight-pr	cancelled	JSDoc Ratchet	success	286
30727618563	2026-08-02T01:45:15Z	pull_request	feat/contradiction-source-highlight-pr	cancelled	PR Size Label	success	6
30727618563	2026-08-02T01:45:15Z	pull_request	feat/contradiction-source-highlight-pr	cancelled	Test Unit	success	668
30727618563	2026-08-02T01:45:15Z	pull_request	feat/contradiction-source-highlight-pr	cancelled	Docgen	success	561
30726878601	2026-08-02T01:20:26Z	pull_request	feat/contradiction-source-highlight-pr	failure	Knip	success	69
30726878601	2026-08-02T01:20:26Z	pull_request	feat/contradiction-source-highlight-pr	failure	PR Size Label	success	7
30726878601	2026-08-02T01:20:26Z	pull_request	feat/contradiction-source-highlight-pr	failure	Lint Policy	failure	781
30726878601	2026-08-02T01:20:26Z	pull_request	feat/contradiction-source-highlight-pr	failure	Check	success	472
30726878601	2026-08-02T01:20:26Z	pull_request	feat/contradiction-source-highlight-pr	failure	Test Unit	success	686
30726878601	2026-08-02T01:20:26Z	pull_request	feat/contradiction-source-highlight-pr	failure	Docgen	success	568
30726878601	2026-08-02T01:20:26Z	pull_request	feat/contradiction-source-highlight-pr	failure	Codegen Drift	success	91
30726878601	2026-08-02T01:20:26Z	pull_request	feat/contradiction-source-highlight-pr	failure	Professional Desktop IPC Stdio	success	61
30726878601	2026-08-02T01:20:26Z	pull_request	feat/contradiction-source-highlight-pr	failure	Repo Sanity	success	87
30726878601	2026-08-02T01:20:26Z	pull_request	feat/contradiction-source-highlight-pr	failure	Secret Scanning	success	35
30726878601	2026-08-02T01:20:26Z	pull_request	feat/contradiction-source-highlight-pr	failure	Lint	success	317
30726878601	2026-08-02T01:20:26Z	pull_request	feat/contradiction-source-highlight-pr	failure	Coverage Regression	failure	1201
30726878601	2026-08-02T01:20:26Z	pull_request	feat/contradiction-source-highlight-pr	failure	JSDoc Ratchet	success	297
30726878601	2026-08-02T01:20:26Z	pull_request	feat/contradiction-source-highlight-pr	failure	Test Integration	failure	961
30726878601	2026-08-02T01:20:26Z	pull_request	feat/contradiction-source-highlight-pr	failure	SAST	success	86
30726878601	2026-08-02T01:20:26Z	pull_request	feat/contradiction-source-highlight-pr	failure	Property Laws	success	620
30726878601	2026-08-02T01:20:26Z	pull_request	feat/contradiction-source-highlight-pr	failure	Fallow Advisory Envelopes	success	88
30726878601	2026-08-02T01:20:26Z	pull_request	feat/contradiction-source-highlight-pr	failure	Nix Shell	success	69
30726878601	2026-08-02T01:20:26Z	pull_request	feat/contradiction-source-highlight-pr	failure	Security	success	48
30726878601	2026-08-02T01:20:26Z	pull_request	feat/contradiction-source-highlight-pr	failure	Commitlint	success	70
30726878601	2026-08-02T01:20:26Z	pull_request	feat/contradiction-source-highlight-pr	failure	Build	skipped	
30726185118	2026-08-02T00:58:03Z	push	main	success	Build	success	91
30726185118	2026-08-02T00:58:03Z	push	main	success	JSDoc Ratchet	success	280
30726185118	2026-08-02T00:58:03Z	push	main	success	SAST	success	77
30726185118	2026-08-02T00:58:03Z	push	main	success	Professional Desktop IPC Stdio	success	55
30726185118	2026-08-02T00:58:03Z	push	main	success	Property Laws	success	638
30726185118	2026-08-02T00:58:03Z	push	main	success	Security	success	38
30726185118	2026-08-02T00:58:03Z	push	main	success	Commitlint	success	65
30726185118	2026-08-02T00:58:03Z	push	main	success	Secret Scanning	success	36
30726185118	2026-08-02T00:58:03Z	push	main	success	Nix Shell	success	72
30726185118	2026-08-02T00:58:03Z	push	main	success	Knip	success	65
30726185118	2026-08-02T00:58:03Z	push	main	success	Fallow Advisory Envelopes	success	88
30726185118	2026-08-02T00:58:03Z	push	main	success	Codegen Drift	success	66
30726185118	2026-08-02T00:58:03Z	push	main	success	Lint Policy	success	577
30726185118	2026-08-02T00:58:03Z	push	main	success	Docgen	success	511
30726185118	2026-08-02T00:58:03Z	push	main	success	Lint	success	732
30726185118	2026-08-02T00:58:03Z	push	main	success	Test Integration	success	280
30726185118	2026-08-02T00:58:03Z	push	main	success	Coverage Regression	success	815
30726185118	2026-08-02T00:58:03Z	push	main	success	Check	success	365
30726185118	2026-08-02T00:58:03Z	push	main	success	Test Unit	success	680
30726185118	2026-08-02T00:58:03Z	push	main	success	Repo Sanity	success	96
30726185118	2026-08-02T00:58:03Z	push	main	success	PR Size Label	skipped	
30726175529	2026-08-02T00:57:47Z	push	main	success	Fallow Advisory Envelopes	success	88
30726175529	2026-08-02T00:57:47Z	push	main	success	Professional Desktop IPC Stdio	success	55
30726175529	2026-08-02T00:57:47Z	push	main	success	Secret Scanning	success	32
30726175529	2026-08-02T00:57:47Z	push	main	success	Nix Shell	success	71
30726175529	2026-08-02T00:57:47Z	push	main	success	SAST	success	70
30726175529	2026-08-02T00:57:47Z	push	main	success	JSDoc Ratchet	success	293
30726175529	2026-08-02T00:57:47Z	push	main	success	Security	success	39
30726175529	2026-08-02T00:57:47Z	push	main	success	Build	success	98
30726175529	2026-08-02T00:57:47Z	push	main	success	Check	success	369
30726175529	2026-08-02T00:57:47Z	push	main	success	Test Integration	success	275
30726175529	2026-08-02T00:57:47Z	push	main	success	Repo Sanity	success	92
30726175529	2026-08-02T00:57:47Z	push	main	success	Property Laws	success	607
30726175529	2026-08-02T00:57:47Z	push	main	success	Knip	success	72
30726175529	2026-08-02T00:57:47Z	push	main	success	Lint	success	768
30726175529	2026-08-02T00:57:47Z	push	main	success	Coverage Regression	success	816
30726175529	2026-08-02T00:57:47Z	push	main	success	Lint Policy	success	592
30726175529	2026-08-02T00:57:47Z	push	main	success	Test Unit	success	728
30726175529	2026-08-02T00:57:47Z	push	main	success	Codegen Drift	success	74
30726175529	2026-08-02T00:57:47Z	push	main	success	Commitlint	success	67
30726175529	2026-08-02T00:57:47Z	push	main	success	Docgen	success	557
30726175529	2026-08-02T00:57:47Z	push	main	success	PR Size Label	skipped	0
30720511993	2026-08-01T22:05:18Z	pull_request	@chore/7-30-26	cancelled	Check	cancelled	1216
30720511993	2026-08-01T22:05:18Z	pull_request	@chore/7-30-26	cancelled	Commitlint	success	68
30720511993	2026-08-01T22:05:18Z	pull_request	@chore/7-30-26	cancelled	Secret Scanning	success	38
30720511993	2026-08-01T22:05:18Z	pull_request	@chore/7-30-26	cancelled	Lint Policy	success	884
30720511993	2026-08-01T22:05:18Z	pull_request	@chore/7-30-26	cancelled	Test Integration	success	315
30720511993	2026-08-01T22:05:18Z	pull_request	@chore/7-30-26	cancelled	Knip	success	65
30720511993	2026-08-01T22:05:18Z	pull_request	@chore/7-30-26	cancelled	SAST	success	84
30720511993	2026-08-01T22:05:18Z	pull_request	@chore/7-30-26	cancelled	Fallow Advisory Envelopes	success	89
30720511993	2026-08-01T22:05:18Z	pull_request	@chore/7-30-26	cancelled	PR Size Label	success	9
30720511993	2026-08-01T22:05:18Z	pull_request	@chore/7-30-26	cancelled	Lint	success	655
30720511993	2026-08-01T22:05:18Z	pull_request	@chore/7-30-26	cancelled	Nix Shell	success	67
30720511993	2026-08-01T22:05:18Z	pull_request	@chore/7-30-26	cancelled	JSDoc Ratchet	success	284
30720511993	2026-08-01T22:05:18Z	pull_request	@chore/7-30-26	cancelled	Test Unit	success	692
30720511993	2026-08-01T22:05:18Z	pull_request	@chore/7-30-26	cancelled	Docgen	cancelled	1217
30720511993	2026-08-01T22:05:18Z	pull_request	@chore/7-30-26	cancelled	Coverage Regression	success	836
30720511993	2026-08-01T22:05:18Z	pull_request	@chore/7-30-26	cancelled	Codegen Drift	success	71
30720511993	2026-08-01T22:05:18Z	pull_request	@chore/7-30-26	cancelled	Repo Sanity	success	88
30720511993	2026-08-01T22:05:18Z	pull_request	@chore/7-30-26	cancelled	Build	skipped	
30720511993	2026-08-01T22:05:18Z	pull_request	@chore/7-30-26	cancelled	Property Laws	success	648
30720511993	2026-08-01T22:05:18Z	pull_request	@chore/7-30-26	cancelled	Professional Desktop IPC Stdio	success	55
30720511993	2026-08-01T22:05:18Z	pull_request	@chore/7-30-26	cancelled	Security	success	49
30720326504	2026-08-01T22:00:14Z	pull_request	feat/contradiction-source-highlight-pr	failure	Test Integration	failure	841
30720326504	2026-08-01T22:00:14Z	pull_request	feat/contradiction-source-highlight-pr	failure	Lint Policy	failure	781
30720326504	2026-08-01T22:00:14Z	pull_request	feat/contradiction-source-highlight-pr	failure	Coverage Regression	failure	1321
30720326504	2026-08-01T22:00:14Z	pull_request	feat/contradiction-source-highlight-pr	failure	Knip	success	68
30720326504	2026-08-01T22:00:14Z	pull_request	feat/contradiction-source-highlight-pr	failure	Build	skipped	
30720326504	2026-08-01T22:00:14Z	pull_request	feat/contradiction-source-highlight-pr	failure	Secret Scanning	success	32
30720326504	2026-08-01T22:00:14Z	pull_request	feat/contradiction-source-highlight-pr	failure	Fallow Advisory Envelopes	success	90
30720326504	2026-08-01T22:00:14Z	pull_request	feat/contradiction-source-highlight-pr	failure	Docgen	success	565
30720326504	2026-08-01T22:00:14Z	pull_request	feat/contradiction-source-highlight-pr	failure	Test Unit	success	657
30720326504	2026-08-01T22:00:14Z	pull_request	feat/contradiction-source-highlight-pr	failure	Commitlint	success	68
30720326504	2026-08-01T22:00:14Z	pull_request	feat/contradiction-source-highlight-pr	failure	Security	success	51
30720326504	2026-08-01T22:00:14Z	pull_request	feat/contradiction-source-highlight-pr	failure	Codegen Drift	success	77
30720326504	2026-08-01T22:00:14Z	pull_request	feat/contradiction-source-highlight-pr	failure	Check	success	460
30720326504	2026-08-01T22:00:14Z	pull_request	feat/contradiction-source-highlight-pr	failure	SAST	success	96
30720326504	2026-08-01T22:00:14Z	pull_request	feat/contradiction-source-highlight-pr	failure	PR Size Label	success	7
30720326504	2026-08-01T22:00:14Z	pull_request	feat/contradiction-source-highlight-pr	failure	Nix Shell	success	71
30720326504	2026-08-01T22:00:14Z	pull_request	feat/contradiction-source-highlight-pr	failure	Property Laws	success	627
30720326504	2026-08-01T22:00:14Z	pull_request	feat/contradiction-source-highlight-pr	failure	Professional Desktop IPC Stdio	success	58
30720326504	2026-08-01T22:00:14Z	pull_request	feat/contradiction-source-highlight-pr	failure	JSDoc Ratchet	success	281
30720326504	2026-08-01T22:00:14Z	pull_request	feat/contradiction-source-highlight-pr	failure	Repo Sanity	success	97
30720326504	2026-08-01T22:00:14Z	pull_request	feat/contradiction-source-highlight-pr	failure	Lint	success	694
30718283887	2026-08-01T21:02:36Z	pull_request	claude/sad-chatterjee-259476	success	Lint Policy	success	610
30718283887	2026-08-01T21:02:36Z	pull_request	claude/sad-chatterjee-259476	success	Lint	success	198
30718283887	2026-08-01T21:02:36Z	pull_request	claude/sad-chatterjee-259476	success	Security	success	49
30718283887	2026-08-01T21:02:36Z	pull_request	claude/sad-chatterjee-259476	success	Fallow Advisory Envelopes	success	92
30718283887	2026-08-01T21:02:36Z	pull_request	claude/sad-chatterjee-259476	success	Commitlint	success	65
30718283887	2026-08-01T21:02:36Z	pull_request	claude/sad-chatterjee-259476	success	JSDoc Ratchet	success	297
30718283887	2026-08-01T21:02:36Z	pull_request	claude/sad-chatterjee-259476	success	Property Laws	success	172
30718283887	2026-08-01T21:02:36Z	pull_request	claude/sad-chatterjee-259476	success	Knip	success	68
30718283887	2026-08-01T21:02:36Z	pull_request	claude/sad-chatterjee-259476	success	Test Integration	success	105
30718283887	2026-08-01T21:02:36Z	pull_request	claude/sad-chatterjee-259476	success	Repo Sanity	success	96
30718283887	2026-08-01T21:02:36Z	pull_request	claude/sad-chatterjee-259476	success	Secret Scanning	success	36
30718283887	2026-08-01T21:02:36Z	pull_request	claude/sad-chatterjee-259476	success	SAST	success	80
30718283887	2026-08-01T21:02:36Z	pull_request	claude/sad-chatterjee-259476	success	Codegen Drift	success	75
30718283887	2026-08-01T21:02:36Z	pull_request	claude/sad-chatterjee-259476	success	Coverage Regression	success	343
30718283887	2026-08-01T21:02:36Z	pull_request	claude/sad-chatterjee-259476	success	Check	success	318
30718283887	2026-08-01T21:02:36Z	pull_request	claude/sad-chatterjee-259476	success	Test Unit	success	225
30718283887	2026-08-01T21:02:36Z	pull_request	claude/sad-chatterjee-259476	success	Professional Desktop IPC Stdio	success	12
30718283887	2026-08-01T21:02:36Z	pull_request	claude/sad-chatterjee-259476	success	PR Size Label	success	7
30718283887	2026-08-01T21:02:36Z	pull_request	claude/sad-chatterjee-259476	success	Docgen	success	221
30718283887	2026-08-01T21:02:36Z	pull_request	claude/sad-chatterjee-259476	success	Nix Shell	success	68
30718283887	2026-08-01T21:02:36Z	pull_request	claude/sad-chatterjee-259476	success	Build	skipped	
30717489117	2026-08-01T20:40:25Z	pull_request	feat/contradiction-source-highlight-pr	failure	Knip	success	69
30717489117	2026-08-01T20:40:25Z	pull_request	feat/contradiction-source-highlight-pr	failure	Professional Desktop IPC Stdio	success	56
30717489117	2026-08-01T20:40:25Z	pull_request	feat/contradiction-source-highlight-pr	failure	PR Size Label	success	8
30717489117	2026-08-01T20:40:25Z	pull_request	feat/contradiction-source-highlight-pr	failure	Lint Policy	failure	721
30717489117	2026-08-01T20:40:25Z	pull_request	feat/contradiction-source-highlight-pr	failure	Fallow Advisory Envelopes	success	88
30717489117	2026-08-01T20:40:25Z	pull_request	feat/contradiction-source-highlight-pr	failure	Property Laws	success	634
30717489117	2026-08-01T20:40:25Z	pull_request	feat/contradiction-source-highlight-pr	failure	Secret Scanning	success	32
30717489117	2026-08-01T20:40:25Z	pull_request	feat/contradiction-source-highlight-pr	failure	SAST	success	86
30717489117	2026-08-01T20:40:25Z	pull_request	feat/contradiction-source-highlight-pr	failure	Security	success	39
30717489117	2026-08-01T20:40:25Z	pull_request	feat/contradiction-source-highlight-pr	failure	JSDoc Ratchet	success	285
30717489117	2026-08-01T20:40:25Z	pull_request	feat/contradiction-source-highlight-pr	failure	Coverage Regression	failure	1202
30717489117	2026-08-01T20:40:25Z	pull_request	feat/contradiction-source-highlight-pr	failure	Test Unit	success	697
30717489117	2026-08-01T20:40:25Z	pull_request	feat/contradiction-source-highlight-pr	failure	Codegen Drift	success	77
30717489117	2026-08-01T20:40:25Z	pull_request	feat/contradiction-source-highlight-pr	failure	Test Integration	failure	901
30717489117	2026-08-01T20:40:25Z	pull_request	feat/contradiction-source-highlight-pr	failure	Nix Shell	success	66
30717489117	2026-08-01T20:40:25Z	pull_request	feat/contradiction-source-highlight-pr	failure	Docgen	success	576
30717489117	2026-08-01T20:40:25Z	pull_request	feat/contradiction-source-highlight-pr	failure	Lint	success	721
30717489117	2026-08-01T20:40:25Z	pull_request	feat/contradiction-source-highlight-pr	failure	Commitlint	success	68
30717489117	2026-08-01T20:40:25Z	pull_request	feat/contradiction-source-highlight-pr	failure	Check	success	451
30717489117	2026-08-01T20:40:25Z	pull_request	feat/contradiction-source-highlight-pr	failure	Repo Sanity	success	96
30717489117	2026-08-01T20:40:25Z	pull_request	feat/contradiction-source-highlight-pr	failure	Build	skipped	
30717256479	2026-08-01T20:33:56Z	pull_request	claude/sad-chatterjee-259476	success	Property Laws	success	171
30717256479	2026-08-01T20:33:56Z	pull_request	claude/sad-chatterjee-259476	success	Repo Sanity	success	89
30717256479	2026-08-01T20:33:56Z	pull_request	claude/sad-chatterjee-259476	success	Fallow Advisory Envelopes	success	88
30717256479	2026-08-01T20:33:56Z	pull_request	claude/sad-chatterjee-259476	success	Lint Policy	success	568
30717256479	2026-08-01T20:33:56Z	pull_request	claude/sad-chatterjee-259476	success	Security	success	44
30717256479	2026-08-01T20:33:56Z	pull_request	claude/sad-chatterjee-259476	success	Commitlint	success	64
30717256479	2026-08-01T20:33:56Z	pull_request	claude/sad-chatterjee-259476	success	Knip	success	66
30717256479	2026-08-01T20:33:56Z	pull_request	claude/sad-chatterjee-259476	success	JSDoc Ratchet	success	287
30717256479	2026-08-01T20:33:56Z	pull_request	claude/sad-chatterjee-259476	success	Check	success	322
30717256479	2026-08-01T20:33:56Z	pull_request	claude/sad-chatterjee-259476	success	Professional Desktop IPC Stdio	success	11
30717256479	2026-08-01T20:33:56Z	pull_request	claude/sad-chatterjee-259476	success	Docgen	success	211
30717256479	2026-08-01T20:33:56Z	pull_request	claude/sad-chatterjee-259476	success	Nix Shell	success	66
30717256479	2026-08-01T20:33:56Z	pull_request	claude/sad-chatterjee-259476	success	PR Size Label	success	7
30717256479	2026-08-01T20:33:56Z	pull_request	claude/sad-chatterjee-259476	success	Secret Scanning	success	35
30717256479	2026-08-01T20:33:56Z	pull_request	claude/sad-chatterjee-259476	success	Coverage Regression	success	329
30717256479	2026-08-01T20:33:56Z	pull_request	claude/sad-chatterjee-259476	success	Codegen Drift	success	82
30717256479	2026-08-01T20:33:56Z	pull_request	claude/sad-chatterjee-259476	success	Lint	success	209
30717256479	2026-08-01T20:33:56Z	pull_request	claude/sad-chatterjee-259476	success	Test Integration	success	110
30717256479	2026-08-01T20:33:56Z	pull_request	claude/sad-chatterjee-259476	success	SAST	success	77
30717256479	2026-08-01T20:33:56Z	pull_request	claude/sad-chatterjee-259476	success	Test Unit	success	238
30717256479	2026-08-01T20:33:56Z	pull_request	claude/sad-chatterjee-259476	success	Build	skipped	0
30716688047	2026-08-01T20:18:31Z	pull_request	@chore/7-30-26	failure	Commitlint	success	74
30716688047	2026-08-01T20:18:31Z	pull_request	@chore/7-30-26	failure	Test Integration	success	312
30716688047	2026-08-01T20:18:31Z	pull_request	@chore/7-30-26	failure	PR Size Label	success	8
30716688047	2026-08-01T20:18:31Z	pull_request	@chore/7-30-26	failure	Coverage Regression	success	838
30716688047	2026-08-01T20:18:31Z	pull_request	@chore/7-30-26	failure	Fallow Advisory Envelopes	success	91
30716688047	2026-08-01T20:18:31Z	pull_request	@chore/7-30-26	failure	SAST	success	83
30716688047	2026-08-01T20:18:31Z	pull_request	@chore/7-30-26	failure	Security	success	42
30716688047	2026-08-01T20:18:31Z	pull_request	@chore/7-30-26	failure	Secret Scanning	success	34
30716688047	2026-08-01T20:18:31Z	pull_request	@chore/7-30-26	failure	Nix Shell	success	72
30716688047	2026-08-01T20:18:31Z	pull_request	@chore/7-30-26	failure	Property Laws	success	601
30716688047	2026-08-01T20:18:31Z	pull_request	@chore/7-30-26	failure	Knip	success	65
30716688047	2026-08-01T20:18:31Z	pull_request	@chore/7-30-26	failure	JSDoc Ratchet	success	294
30716688047	2026-08-01T20:18:31Z	pull_request	@chore/7-30-26	failure	Professional Desktop IPC Stdio	success	57
30716688047	2026-08-01T20:18:31Z	pull_request	@chore/7-30-26	failure	Repo Sanity	success	87
30716688047	2026-08-01T20:18:31Z	pull_request	@chore/7-30-26	failure	Check	cancelled	1218
30716688047	2026-08-01T20:18:31Z	pull_request	@chore/7-30-26	failure	Test Unit	success	727
30716688047	2026-08-01T20:18:31Z	pull_request	@chore/7-30-26	failure	Lint Policy	failure	721
30716688047	2026-08-01T20:18:31Z	pull_request	@chore/7-30-26	failure	Docgen	cancelled	1217
30716688047	2026-08-01T20:18:31Z	pull_request	@chore/7-30-26	failure	Codegen Drift	success	71
30716688047	2026-08-01T20:18:31Z	pull_request	@chore/7-30-26	failure	Lint	success	676
30716688047	2026-08-01T20:18:31Z	pull_request	@chore/7-30-26	failure	Build	skipped	
30714293532	2026-08-01T19:13:25Z	pull_request	codex/lint-runner-capacity	success	Knip	success	64
30714293532	2026-08-01T19:13:25Z	pull_request	codex/lint-runner-capacity	success	PR Size Label	success	7
30714293532	2026-08-01T19:13:25Z	pull_request	codex/lint-runner-capacity	success	Professional Desktop IPC Stdio	success	54
30714293532	2026-08-01T19:13:25Z	pull_request	codex/lint-runner-capacity	success	Property Laws	success	59
30714293532	2026-08-01T19:13:25Z	pull_request	codex/lint-runner-capacity	success	JSDoc Ratchet	success	290
30714293532	2026-08-01T19:13:25Z	pull_request	codex/lint-runner-capacity	success	Fallow Advisory Envelopes	success	86
30714293532	2026-08-01T19:13:25Z	pull_request	codex/lint-runner-capacity	success	Coverage Regression	success	80
30714293532	2026-08-01T19:13:25Z	pull_request	codex/lint-runner-capacity	success	Lint Policy	success	568
30714293532	2026-08-01T19:13:25Z	pull_request	codex/lint-runner-capacity	success	Lint	success	77
30714293532	2026-08-01T19:13:25Z	pull_request	codex/lint-runner-capacity	success	Check	success	283
30714293532	2026-08-01T19:13:25Z	pull_request	codex/lint-runner-capacity	success	Test Unit	success	76
30714293532	2026-08-01T19:13:25Z	pull_request	codex/lint-runner-capacity	success	SAST	success	70
30714293532	2026-08-01T19:13:25Z	pull_request	codex/lint-runner-capacity	success	Repo Sanity	success	99
30714293532	2026-08-01T19:13:25Z	pull_request	codex/lint-runner-capacity	success	Docgen	success	29
30714293532	2026-08-01T19:13:25Z	pull_request	codex/lint-runner-capacity	success	Commitlint	success	66
30714293532	2026-08-01T19:13:25Z	pull_request	codex/lint-runner-capacity	success	Nix Shell	success	67
30714293532	2026-08-01T19:13:25Z	pull_request	codex/lint-runner-capacity	success	Security	success	40
30714293532	2026-08-01T19:13:25Z	pull_request	codex/lint-runner-capacity	success	Codegen Drift	success	65
30714293532	2026-08-01T19:13:25Z	pull_request	codex/lint-runner-capacity	success	Secret Scanning	success	38
30714293532	2026-08-01T19:13:25Z	pull_request	codex/lint-runner-capacity	success	Test Integration	success	80
30714293532	2026-08-01T19:13:25Z	pull_request	codex/lint-runner-capacity	success	Build	skipped	0
30714269850	2026-08-01T19:12:44Z	pull_request	feat/contradiction-source-highlight-pr	failure	Fallow Advisory Envelopes	success	87
30714269850	2026-08-01T19:12:44Z	pull_request	feat/contradiction-source-highlight-pr	failure	Test Unit	success	669
30714269850	2026-08-01T19:12:44Z	pull_request	feat/contradiction-source-highlight-pr	failure	Docgen	success	576
30714269850	2026-08-01T19:12:44Z	pull_request	feat/contradiction-source-highlight-pr	failure	PR Size Label	success	6
30714269850	2026-08-01T19:12:44Z	pull_request	feat/contradiction-source-highlight-pr	failure	Lint	success	649
30714269850	2026-08-01T19:12:44Z	pull_request	feat/contradiction-source-highlight-pr	failure	Lint Policy	failure	842
30714269850	2026-08-01T19:12:44Z	pull_request	feat/contradiction-source-highlight-pr	failure	Professional Desktop IPC Stdio	success	56
30714269850	2026-08-01T19:12:44Z	pull_request	feat/contradiction-source-highlight-pr	failure	Test Integration	failure	902
30714269850	2026-08-01T19:12:44Z	pull_request	feat/contradiction-source-highlight-pr	failure	Repo Sanity	success	85
30714269850	2026-08-01T19:12:44Z	pull_request	feat/contradiction-source-highlight-pr	failure	Coverage Regression	failure	1262
30714269850	2026-08-01T19:12:44Z	pull_request	feat/contradiction-source-highlight-pr	failure	Codegen Drift	success	73
30714269850	2026-08-01T19:12:44Z	pull_request	feat/contradiction-source-highlight-pr	failure	Knip	success	66
30714269850	2026-08-01T19:12:44Z	pull_request	feat/contradiction-source-highlight-pr	failure	Secret Scanning	success	33
30714269850	2026-08-01T19:12:44Z	pull_request	feat/contradiction-source-highlight-pr	failure	SAST	success	86
30714269850	2026-08-01T19:12:44Z	pull_request	feat/contradiction-source-highlight-pr	failure	Property Laws	success	583
30714269850	2026-08-01T19:12:44Z	pull_request	feat/contradiction-source-highlight-pr	failure	Commitlint	success	70
30714269850	2026-08-01T19:12:44Z	pull_request	feat/contradiction-source-highlight-pr	failure	Nix Shell	success	67
30714269850	2026-08-01T19:12:44Z	pull_request	feat/contradiction-source-highlight-pr	failure	JSDoc Ratchet	success	298
30714269850	2026-08-01T19:12:44Z	pull_request	feat/contradiction-source-highlight-pr	failure	Check	success	456
30714269850	2026-08-01T19:12:44Z	pull_request	feat/contradiction-source-highlight-pr	failure	Security	success	41
30714269850	2026-08-01T19:12:44Z	pull_request	feat/contradiction-source-highlight-pr	failure	Build	skipped	
30711541580	2026-08-01T18:00:04Z	pull_request	@chore/7-30-26	cancelled	Fallow Advisory Envelopes	success	90
30711541580	2026-08-01T18:00:04Z	pull_request	@chore/7-30-26	cancelled	Lint Policy	failure	720
30711541580	2026-08-01T18:00:04Z	pull_request	@chore/7-30-26	cancelled	Professional Desktop IPC Stdio	success	59
30711541580	2026-08-01T18:00:04Z	pull_request	@chore/7-30-26	cancelled	Commitlint	success	76
30711541580	2026-08-01T18:00:04Z	pull_request	@chore/7-30-26	cancelled	Lint	success	630
30711541580	2026-08-01T18:00:04Z	pull_request	@chore/7-30-26	cancelled	Repo Sanity	success	91
30711541580	2026-08-01T18:00:04Z	pull_request	@chore/7-30-26	cancelled	Security	success	48
30711541580	2026-08-01T18:00:04Z	pull_request	@chore/7-30-26	cancelled	PR Size Label	success	9
30711541580	2026-08-01T18:00:04Z	pull_request	@chore/7-30-26	cancelled	JSDoc Ratchet	success	277
30711541580	2026-08-01T18:00:04Z	pull_request	@chore/7-30-26	cancelled	Check	cancelled	1216
30711541580	2026-08-01T18:00:04Z	pull_request	@chore/7-30-26	cancelled	Secret Scanning	success	35
30711541580	2026-08-01T18:00:04Z	pull_request	@chore/7-30-26	cancelled	Docgen	cancelled	1216
30711541580	2026-08-01T18:00:04Z	pull_request	@chore/7-30-26	cancelled	SAST	success	79
30711541580	2026-08-01T18:00:04Z	pull_request	@chore/7-30-26	cancelled	Coverage Regression	success	812
30711541580	2026-08-01T18:00:04Z	pull_request	@chore/7-30-26	cancelled	Test Integration	success	331
30711541580	2026-08-01T18:00:04Z	pull_request	@chore/7-30-26	cancelled	Codegen Drift	success	71
30711541580	2026-08-01T18:00:04Z	pull_request	@chore/7-30-26	cancelled	Build	skipped	
30711541580	2026-08-01T18:00:04Z	pull_request	@chore/7-30-26	cancelled	Nix Shell	success	70
30711541580	2026-08-01T18:00:04Z	pull_request	@chore/7-30-26	cancelled	Test Unit	success	657
30711541580	2026-08-01T18:00:04Z	pull_request	@chore/7-30-26	cancelled	Knip	success	68
30711541580	2026-08-01T18:00:04Z	pull_request	@chore/7-30-26	cancelled	Property Laws	success	599
30711537342	2026-08-01T17:59:59Z	push	main	failure	JSDoc Ratchet	success	294
30711537342	2026-08-01T17:59:59Z	push	main	failure	Lint	failure	903
30711537342	2026-08-01T17:59:59Z	push	main	failure	Property Laws	success	632
30711537342	2026-08-01T17:59:59Z	push	main	failure	Lint Policy	success	580
30711537342	2026-08-01T17:59:59Z	push	main	failure	Test Unit	success	689
30711537342	2026-08-01T17:59:59Z	push	main	failure	Fallow Advisory Envelopes	success	87
30711537342	2026-08-01T17:59:59Z	push	main	failure	Check	success	388
30711537342	2026-08-01T17:59:59Z	push	main	failure	Test Integration	success	281
30711537342	2026-08-01T17:59:59Z	push	main	failure	Codegen Drift	success	76
30711537342	2026-08-01T17:59:59Z	push	main	failure	Docgen	success	530
30711537342	2026-08-01T17:59:59Z	push	main	failure	Coverage Regression	success	832
30711537342	2026-08-01T17:59:59Z	push	main	failure	Security	success	128
30711537342	2026-08-01T17:59:59Z	push	main	failure	SAST	success	71
30711537342	2026-08-01T17:59:59Z	push	main	failure	Nix Shell	success	69
30711537342	2026-08-01T17:59:59Z	push	main	failure	Repo Sanity	success	89
30711537342	2026-08-01T17:59:59Z	push	main	failure	Knip	success	66
30711537342	2026-08-01T17:59:59Z	push	main	failure	Commitlint	success	80
30711537342	2026-08-01T17:59:59Z	push	main	failure	Secret Scanning	success	40
30711537342	2026-08-01T17:59:59Z	push	main	failure	PR Size Label	skipped	
30711537342	2026-08-01T17:59:59Z	push	main	failure	Build	success	192
30711537342	2026-08-01T17:59:59Z	push	main	failure	Professional Desktop IPC Stdio	success	57
30711161845	2026-08-01T17:49:24Z	pull_request	docs/legal-patent-kg-deepening-reconciliation	success	Knip	success	67
30711161845	2026-08-01T17:49:24Z	pull_request	docs/legal-patent-kg-deepening-reconciliation	success	JSDoc Ratchet	success	327
30711161845	2026-08-01T17:49:24Z	pull_request	docs/legal-patent-kg-deepening-reconciliation	success	Commitlint	success	77
30711161845	2026-08-01T17:49:24Z	pull_request	docs/legal-patent-kg-deepening-reconciliation	success	Security	success	53
30711161845	2026-08-01T17:49:24Z	pull_request	docs/legal-patent-kg-deepening-reconciliation	success	Property Laws	success	64
30711161845	2026-08-01T17:49:24Z	pull_request	docs/legal-patent-kg-deepening-reconciliation	success	Fallow Advisory Envelopes	success	86
30711161845	2026-08-01T17:49:24Z	pull_request	docs/legal-patent-kg-deepening-reconciliation	success	Professional Desktop IPC Stdio	success	12
30711161845	2026-08-01T17:49:24Z	pull_request	docs/legal-patent-kg-deepening-reconciliation	success	PR Size Label	success	6
30711161845	2026-08-01T17:49:24Z	pull_request	docs/legal-patent-kg-deepening-reconciliation	success	Docgen	success	79
30711161845	2026-08-01T17:49:24Z	pull_request	docs/legal-patent-kg-deepening-reconciliation	success	SAST	success	71
30711161845	2026-08-01T17:49:24Z	pull_request	docs/legal-patent-kg-deepening-reconciliation	success	Nix Shell	success	72
30711161845	2026-08-01T17:49:24Z	pull_request	docs/legal-patent-kg-deepening-reconciliation	success	Secret Scanning	success	39
30711161845	2026-08-01T17:49:24Z	pull_request	docs/legal-patent-kg-deepening-reconciliation	success	Repo Sanity	success	95
30711161845	2026-08-01T17:49:24Z	pull_request	docs/legal-patent-kg-deepening-reconciliation	success	Lint	success	67
30711161845	2026-08-01T17:49:24Z	pull_request	docs/legal-patent-kg-deepening-reconciliation	success	Lint Policy	success	597
30711161845	2026-08-01T17:49:24Z	pull_request	docs/legal-patent-kg-deepening-reconciliation	success	Test Integration	success	77
30711161845	2026-08-01T17:49:24Z	pull_request	docs/legal-patent-kg-deepening-reconciliation	success	Check	success	286
30711161845	2026-08-01T17:49:24Z	pull_request	docs/legal-patent-kg-deepening-reconciliation	success	Test Unit	success	81
30711161845	2026-08-01T17:49:24Z	pull_request	docs/legal-patent-kg-deepening-reconciliation	success	Coverage Regression	success	70
30711161845	2026-08-01T17:49:24Z	pull_request	docs/legal-patent-kg-deepening-reconciliation	success	Codegen Drift	success	77
30711161845	2026-08-01T17:49:24Z	pull_request	docs/legal-patent-kg-deepening-reconciliation	success	Build	skipped	0
30711146268	2026-08-01T17:48:55Z	pull_request	feat/hook-pulse-schema-impl	success	Property Laws	success	68
30711146268	2026-08-01T17:48:55Z	pull_request	feat/hook-pulse-schema-impl	success	Lint	success	224
30711146268	2026-08-01T17:48:55Z	pull_request	feat/hook-pulse-schema-impl	success	Fallow Advisory Envelopes	success	85
30711146268	2026-08-01T17:48:55Z	pull_request	feat/hook-pulse-schema-impl	success	Knip	success	71
30711146268	2026-08-01T17:48:55Z	pull_request	feat/hook-pulse-schema-impl	success	SAST	success	85
30711146268	2026-08-01T17:48:55Z	pull_request	feat/hook-pulse-schema-impl	success	Professional Desktop IPC Stdio	success	12
30711146268	2026-08-01T17:48:55Z	pull_request	feat/hook-pulse-schema-impl	success	PR Size Label	success	7
30711146268	2026-08-01T17:48:55Z	pull_request	feat/hook-pulse-schema-impl	success	Secret Scanning	success	35
30711146268	2026-08-01T17:48:55Z	pull_request	feat/hook-pulse-schema-impl	success	JSDoc Ratchet	success	279
30711146268	2026-08-01T17:48:55Z	pull_request	feat/hook-pulse-schema-impl	success	Security	success	39
30711146268	2026-08-01T17:48:55Z	pull_request	feat/hook-pulse-schema-impl	success	Nix Shell	success	73
30711146268	2026-08-01T17:48:55Z	pull_request	feat/hook-pulse-schema-impl	success	Commitlint	success	69
30711146268	2026-08-01T17:48:55Z	pull_request	feat/hook-pulse-schema-impl	success	Test Unit	success	114
30711146268	2026-08-01T17:48:55Z	pull_request	feat/hook-pulse-schema-impl	success	Lint Policy	success	616
30711146268	2026-08-01T17:48:55Z	pull_request	feat/hook-pulse-schema-impl	success	Repo Sanity	success	85
30711146268	2026-08-01T17:48:55Z	pull_request	feat/hook-pulse-schema-impl	success	Coverage Regression	success	325
30711146268	2026-08-01T17:48:55Z	pull_request	feat/hook-pulse-schema-impl	success	Docgen	success	224
30711146268	2026-08-01T17:48:55Z	pull_request	feat/hook-pulse-schema-impl	success	Codegen Drift	success	68
30711146268	2026-08-01T17:48:55Z	pull_request	feat/hook-pulse-schema-impl	success	Test Integration	success	99
30711146268	2026-08-01T17:48:55Z	pull_request	feat/hook-pulse-schema-impl	success	Check	success	307
30711146268	2026-08-01T17:48:55Z	pull_request	feat/hook-pulse-schema-impl	success	Build	skipped	0
30711106983	2026-08-01T17:47:50Z	push	main	failure	Build	success	185
30711106983	2026-08-01T17:47:50Z	push	main	failure	Property Laws	success	543
30711106983	2026-08-01T17:47:50Z	push	main	failure	Nix Shell	success	69
30711106983	2026-08-01T17:47:50Z	push	main	failure	JSDoc Ratchet	success	286
30711106983	2026-08-01T17:47:50Z	push	main	failure	Security	success	50
30711106983	2026-08-01T17:47:50Z	push	main	failure	SAST	success	69
30711106983	2026-08-01T17:47:50Z	push	main	failure	Secret Scanning	success	36
30711106983	2026-08-01T17:47:50Z	push	main	failure	Knip	success	75
30711106983	2026-08-01T17:47:50Z	push	main	failure	Fallow Advisory Envelopes	success	86
30711106983	2026-08-01T17:47:50Z	push	main	failure	Coverage Regression	success	774
30711106983	2026-08-01T17:47:50Z	push	main	failure	Commitlint	success	70
30711106983	2026-08-01T17:47:50Z	push	main	failure	Professional Desktop IPC Stdio	success	56
30711106983	2026-08-01T17:47:50Z	push	main	failure	Repo Sanity	success	92
30711106983	2026-08-01T17:47:50Z	push	main	failure	Test Unit	success	599
30711106983	2026-08-01T17:47:50Z	push	main	failure	Lint Policy	success	581
30711106983	2026-08-01T17:47:50Z	push	main	failure	Test Integration	success	268
30711106983	2026-08-01T17:47:50Z	push	main	failure	Lint	failure	961
30711106983	2026-08-01T17:47:50Z	push	main	failure	Codegen Drift	success	73
30711106983	2026-08-01T17:47:50Z	push	main	failure	Docgen	success	489
30711106983	2026-08-01T17:47:50Z	push	main	failure	Check	success	441
30711106983	2026-08-01T17:47:50Z	push	main	failure	PR Size Label	skipped	0
30710568912	2026-08-01T17:33:03Z	pull_request	codex/document-modeling-hardening	success	Fallow Advisory Envelopes	success	86
30710568912	2026-08-01T17:33:03Z	pull_request	codex/document-modeling-hardening	success	Knip	success	68
30710568912	2026-08-01T17:33:03Z	pull_request	codex/document-modeling-hardening	success	PR Size Label	success	7
30710568912	2026-08-01T17:33:03Z	pull_request	codex/document-modeling-hardening	success	Professional Desktop IPC Stdio	success	56
30710568912	2026-08-01T17:33:03Z	pull_request	codex/document-modeling-hardening	success	Nix Shell	success	69
30710568912	2026-08-01T17:33:03Z	pull_request	codex/document-modeling-hardening	success	Security	success	51
30710568912	2026-08-01T17:33:03Z	pull_request	codex/document-modeling-hardening	success	Commitlint	success	69
30710568912	2026-08-01T17:33:03Z	pull_request	codex/document-modeling-hardening	success	JSDoc Ratchet	success	287
30710568912	2026-08-01T17:33:03Z	pull_request	codex/document-modeling-hardening	success	SAST	success	96
30710568912	2026-08-01T17:33:03Z	pull_request	codex/document-modeling-hardening	success	Secret Scanning	success	32
30710568912	2026-08-01T17:33:03Z	pull_request	codex/document-modeling-hardening	success	Property Laws	success	576
30710568912	2026-08-01T17:33:03Z	pull_request	codex/document-modeling-hardening	success	Check	success	396
30710568912	2026-08-01T17:33:03Z	pull_request	codex/document-modeling-hardening	success	Test Integration	success	300
30710568912	2026-08-01T17:33:03Z	pull_request	codex/document-modeling-hardening	success	Lint Policy	success	554
30710568912	2026-08-01T17:33:03Z	pull_request	codex/document-modeling-hardening	success	Coverage Regression	success	812
30710568912	2026-08-01T17:33:03Z	pull_request	codex/document-modeling-hardening	success	Repo Sanity	success	96
30710568912	2026-08-01T17:33:03Z	pull_request	codex/document-modeling-hardening	success	Docgen	success	536
30710568912	2026-08-01T17:33:03Z	pull_request	codex/document-modeling-hardening	success	Lint	success	667
30710568912	2026-08-01T17:33:03Z	pull_request	codex/document-modeling-hardening	success	Test Unit	success	671
30710568912	2026-08-01T17:33:03Z	pull_request	codex/document-modeling-hardening	success	Codegen Drift	success	75
30710568912	2026-08-01T17:33:03Z	pull_request	codex/document-modeling-hardening	success	Build	skipped	
30710314407	2026-08-01T17:26:01Z	pull_request	feat/contradiction-source-highlight-pr	cancelled	Property Laws	success	560
30710314407	2026-08-01T17:26:01Z	pull_request	feat/contradiction-source-highlight-pr	cancelled	Coverage Regression	cancelled	1417
30710314407	2026-08-01T17:26:01Z	pull_request	feat/contradiction-source-highlight-pr	cancelled	PR Size Label	success	7
30710314407	2026-08-01T17:26:01Z	pull_request	feat/contradiction-source-highlight-pr	cancelled	Fallow Advisory Envelopes	success	87
30710314407	2026-08-01T17:26:01Z	pull_request	feat/contradiction-source-highlight-pr	cancelled	Knip	success	64
30710314407	2026-08-01T17:26:01Z	pull_request	feat/contradiction-source-highlight-pr	cancelled	Professional Desktop IPC Stdio	success	57
30710314407	2026-08-01T17:26:01Z	pull_request	feat/contradiction-source-highlight-pr	cancelled	Nix Shell	success	69
30710314407	2026-08-01T17:26:01Z	pull_request	feat/contradiction-source-highlight-pr	cancelled	Secret Scanning	success	34
30710314407	2026-08-01T17:26:01Z	pull_request	feat/contradiction-source-highlight-pr	cancelled	SAST	success	86
30710314407	2026-08-01T17:26:01Z	pull_request	feat/contradiction-source-highlight-pr	cancelled	JSDoc Ratchet	success	276
30710314407	2026-08-01T17:26:01Z	pull_request	feat/contradiction-source-highlight-pr	cancelled	Commitlint	success	72
30710314407	2026-08-01T17:26:01Z	pull_request	feat/contradiction-source-highlight-pr	cancelled	Repo Sanity	success	99
30710314407	2026-08-01T17:26:01Z	pull_request	feat/contradiction-source-highlight-pr	cancelled	Lint Policy	success	691
30710314407	2026-08-01T17:26:01Z	pull_request	feat/contradiction-source-highlight-pr	cancelled	Security	success	41
30710314407	2026-08-01T17:26:01Z	pull_request	feat/contradiction-source-highlight-pr	cancelled	Check	failure	1023
30710314407	2026-08-01T17:26:01Z	pull_request	feat/contradiction-source-highlight-pr	cancelled	Lint	success	671
30710314407	2026-08-01T17:26:01Z	pull_request	feat/contradiction-source-highlight-pr	cancelled	Test Unit	success	660
30710314407	2026-08-01T17:26:01Z	pull_request	feat/contradiction-source-highlight-pr	cancelled	Docgen	success	516
30710314407	2026-08-01T17:26:01Z	pull_request	feat/contradiction-source-highlight-pr	cancelled	Codegen Drift	success	76
30710314407	2026-08-01T17:26:01Z	pull_request	feat/contradiction-source-highlight-pr	cancelled	Test Integration	failure	901
30710314407	2026-08-01T17:26:01Z	pull_request	feat/contradiction-source-highlight-pr	cancelled	Build	skipped	
30709492132	2026-08-01T17:03:28Z	pull_request	@chore/7-30-26	failure	Property Laws	success	550
30709492132	2026-08-01T17:03:28Z	pull_request	@chore/7-30-26	failure	Commitlint	success	71
30709492132	2026-08-01T17:03:28Z	pull_request	@chore/7-30-26	failure	Fallow Advisory Envelopes	success	89
30709492132	2026-08-01T17:03:28Z	pull_request	@chore/7-30-26	failure	PR Size Label	success	8
30709492132	2026-08-01T17:03:28Z	pull_request	@chore/7-30-26	failure	Knip	success	67
30709492132	2026-08-01T17:03:28Z	pull_request	@chore/7-30-26	failure	Secret Scanning	success	34
30709492132	2026-08-01T17:03:28Z	pull_request	@chore/7-30-26	failure	Test Integration	success	303
30709492132	2026-08-01T17:03:28Z	pull_request	@chore/7-30-26	failure	Nix Shell	success	71
30709492132	2026-08-01T17:03:28Z	pull_request	@chore/7-30-26	failure	Professional Desktop IPC Stdio	success	66
30709492132	2026-08-01T17:03:28Z	pull_request	@chore/7-30-26	failure	SAST	success	80
30709492132	2026-08-01T17:03:28Z	pull_request	@chore/7-30-26	failure	JSDoc Ratchet	success	286
30709492132	2026-08-01T17:03:28Z	pull_request	@chore/7-30-26	failure	Check	cancelled	1218
30709492132	2026-08-01T17:03:28Z	pull_request	@chore/7-30-26	failure	Test Unit	success	626
30709492132	2026-08-01T17:03:28Z	pull_request	@chore/7-30-26	failure	Security	success	43
30709492132	2026-08-01T17:03:28Z	pull_request	@chore/7-30-26	failure	Codegen Drift	success	79
30709492132	2026-08-01T17:03:28Z	pull_request	@chore/7-30-26	failure	Lint Policy	failure	721
30709492132	2026-08-01T17:03:28Z	pull_request	@chore/7-30-26	failure	Docgen	cancelled	1218
30709492132	2026-08-01T17:03:28Z	pull_request	@chore/7-30-26	failure	Repo Sanity	success	90
30709492132	2026-08-01T17:03:28Z	pull_request	@chore/7-30-26	failure	Coverage Regression	success	820
30709492132	2026-08-01T17:03:28Z	pull_request	@chore/7-30-26	failure	Lint	success	635
30709492132	2026-08-01T17:03:28Z	pull_request	@chore/7-30-26	failure	Build	skipped	0
30708585579	2026-08-01T16:38:24Z	pull_request	docs/legal-patent-kg-deepening-reconciliation	success	PR Size Label	success	7
30708585579	2026-08-01T16:38:24Z	pull_request	docs/legal-patent-kg-deepening-reconciliation	success	Secret Scanning	success	32
30708585579	2026-08-01T16:38:24Z	pull_request	docs/legal-patent-kg-deepening-reconciliation	success	Professional Desktop IPC Stdio	success	12
30708585579	2026-08-01T16:38:24Z	pull_request	docs/legal-patent-kg-deepening-reconciliation	success	JSDoc Ratchet	success	277
30708585579	2026-08-01T16:38:24Z	pull_request	docs/legal-patent-kg-deepening-reconciliation	success	Knip	success	70
30708585579	2026-08-01T16:38:24Z	pull_request	docs/legal-patent-kg-deepening-reconciliation	success	Nix Shell	success	66
30708585579	2026-08-01T16:38:24Z	pull_request	docs/legal-patent-kg-deepening-reconciliation	success	Fallow Advisory Envelopes	success	83
30708585579	2026-08-01T16:38:24Z	pull_request	docs/legal-patent-kg-deepening-reconciliation	success	Security	success	49
30708585579	2026-08-01T16:38:24Z	pull_request	docs/legal-patent-kg-deepening-reconciliation	success	Property Laws	success	65
30708585579	2026-08-01T16:38:24Z	pull_request	docs/legal-patent-kg-deepening-reconciliation	success	Commitlint	success	66
30708585579	2026-08-01T16:38:24Z	pull_request	docs/legal-patent-kg-deepening-reconciliation	success	Test Integration	success	83
30708585579	2026-08-01T16:38:24Z	pull_request	docs/legal-patent-kg-deepening-reconciliation	success	SAST	success	72
30708585579	2026-08-01T16:38:24Z	pull_request	docs/legal-patent-kg-deepening-reconciliation	success	Lint Policy	success	549
30708585579	2026-08-01T16:38:24Z	pull_request	docs/legal-patent-kg-deepening-reconciliation	success	Test Unit	success	82
30708585579	2026-08-01T16:38:24Z	pull_request	docs/legal-patent-kg-deepening-reconciliation	success	Check	success	298
30708585579	2026-08-01T16:38:24Z	pull_request	docs/legal-patent-kg-deepening-reconciliation	success	Lint	success	97
30708585579	2026-08-01T16:38:24Z	pull_request	docs/legal-patent-kg-deepening-reconciliation	success	Codegen Drift	success	76
30708585579	2026-08-01T16:38:24Z	pull_request	docs/legal-patent-kg-deepening-reconciliation	success	Docgen	success	73
30708585579	2026-08-01T16:38:24Z	pull_request	docs/legal-patent-kg-deepening-reconciliation	success	Repo Sanity	success	92
30708585579	2026-08-01T16:38:24Z	pull_request	docs/legal-patent-kg-deepening-reconciliation	success	Coverage Regression	success	73
30708585579	2026-08-01T16:38:24Z	pull_request	docs/legal-patent-kg-deepening-reconciliation	success	Build	skipped	0
30708444664	2026-08-01T16:34:44Z	push	main	failure	Knip	success	68
30708444664	2026-08-01T16:34:44Z	push	main	failure	Fallow Advisory Envelopes	success	81
30708444664	2026-08-01T16:34:44Z	push	main	failure	Secret Scanning	success	31
30708444664	2026-08-01T16:34:44Z	push	main	failure	JSDoc Ratchet	success	295
30708444664	2026-08-01T16:34:44Z	push	main	failure	Professional Desktop IPC Stdio	success	54
30708444664	2026-08-01T16:34:44Z	push	main	failure	Nix Shell	success	69
30708444664	2026-08-01T16:34:44Z	push	main	failure	SAST	success	70
30708444664	2026-08-01T16:34:44Z	push	main	failure	Commitlint	success	75
30708444664	2026-08-01T16:34:44Z	push	main	failure	Build	success	88
30708444664	2026-08-01T16:34:44Z	push	main	failure	Property Laws	success	595
30708444664	2026-08-01T16:34:44Z	push	main	failure	Security	success	37
30708444664	2026-08-01T16:34:44Z	push	main	failure	Docgen	success	483
30708444664	2026-08-01T16:34:44Z	push	main	failure	Lint Policy	success	553
30708444664	2026-08-01T16:34:44Z	push	main	failure	Test Unit	success	611
30708444664	2026-08-01T16:34:44Z	push	main	failure	Lint	failure	1082
30708444664	2026-08-01T16:34:44Z	push	main	failure	Test Integration	success	270
30708444664	2026-08-01T16:34:44Z	push	main	failure	Check	success	422
30708444664	2026-08-01T16:34:44Z	push	main	failure	Repo Sanity	success	80
30708444664	2026-08-01T16:34:44Z	push	main	failure	Codegen Drift	success	79
30708444664	2026-08-01T16:34:44Z	push	main	failure	Coverage Regression	success	777
30708444664	2026-08-01T16:34:44Z	push	main	failure	PR Size Label	skipped	
30708424681	2026-08-01T16:34:11Z	pull_request	docs/legal-patent-kg-deepening-reconciliation	cancelled	JSDoc Ratchet	cancelled	262
30708424681	2026-08-01T16:34:11Z	pull_request	docs/legal-patent-kg-deepening-reconciliation	cancelled	Property Laws	success	65
30708424681	2026-08-01T16:34:11Z	pull_request	docs/legal-patent-kg-deepening-reconciliation	cancelled	Fallow Advisory Envelopes	success	84
30708424681	2026-08-01T16:34:11Z	pull_request	docs/legal-patent-kg-deepening-reconciliation	cancelled	Check	cancelled	265
30708424681	2026-08-01T16:34:11Z	pull_request	docs/legal-patent-kg-deepening-reconciliation	cancelled	Codegen Drift	success	77
30708424681	2026-08-01T16:34:11Z	pull_request	docs/legal-patent-kg-deepening-reconciliation	cancelled	Knip	success	66
30708424681	2026-08-01T16:34:11Z	pull_request	docs/legal-patent-kg-deepening-reconciliation	cancelled	Security	success	50
30708424681	2026-08-01T16:34:11Z	pull_request	docs/legal-patent-kg-deepening-reconciliation	cancelled	Secret Scanning	success	32
30708424681	2026-08-01T16:34:11Z	pull_request	docs/legal-patent-kg-deepening-reconciliation	cancelled	PR Size Label	success	7
30708424681	2026-08-01T16:34:11Z	pull_request	docs/legal-patent-kg-deepening-reconciliation	cancelled	Professional Desktop IPC Stdio	success	12
30708424681	2026-08-01T16:34:11Z	pull_request	docs/legal-patent-kg-deepening-reconciliation	cancelled	Commitlint	success	66
30708424681	2026-08-01T16:34:11Z	pull_request	docs/legal-patent-kg-deepening-reconciliation	cancelled	Nix Shell	success	70
30708424681	2026-08-01T16:34:11Z	pull_request	docs/legal-patent-kg-deepening-reconciliation	cancelled	Test Unit	success	78
30708424681	2026-08-01T16:34:11Z	pull_request	docs/legal-patent-kg-deepening-reconciliation	cancelled	Docgen	success	68
30708424681	2026-08-01T16:34:11Z	pull_request	docs/legal-patent-kg-deepening-reconciliation	cancelled	Lint	success	75
30708424681	2026-08-01T16:34:11Z	pull_request	docs/legal-patent-kg-deepening-reconciliation	cancelled	Repo Sanity	success	95
30708424681	2026-08-01T16:34:11Z	pull_request	docs/legal-patent-kg-deepening-reconciliation	cancelled	Lint Policy	cancelled	260
30708424681	2026-08-01T16:34:11Z	pull_request	docs/legal-patent-kg-deepening-reconciliation	cancelled	Test Integration	success	88
30708424681	2026-08-01T16:34:11Z	pull_request	docs/legal-patent-kg-deepening-reconciliation	cancelled	Coverage Regression	success	79
30708424681	2026-08-01T16:34:11Z	pull_request	docs/legal-patent-kg-deepening-reconciliation	cancelled	SAST	success	66
30708424681	2026-08-01T16:34:11Z	pull_request	docs/legal-patent-kg-deepening-reconciliation	cancelled	Build	skipped	
30708062767	2026-08-01T16:24:36Z	pull_request	claude/vigilant-mclaren-c9b1de	success	PR Size Label	success	7
30708062767	2026-08-01T16:24:36Z	pull_request	claude/vigilant-mclaren-c9b1de	success	JSDoc Ratchet	success	298
30708062767	2026-08-01T16:24:36Z	pull_request	claude/vigilant-mclaren-c9b1de	success	Security	success	49
30708062767	2026-08-01T16:24:36Z	pull_request	claude/vigilant-mclaren-c9b1de	success	Fallow Advisory Envelopes	success	98
30708062767	2026-08-01T16:24:36Z	pull_request	claude/vigilant-mclaren-c9b1de	success	Professional Desktop IPC Stdio	success	11
30708062767	2026-08-01T16:24:36Z	pull_request	claude/vigilant-mclaren-c9b1de	success	Nix Shell	success	69
30708062767	2026-08-01T16:24:36Z	pull_request	claude/vigilant-mclaren-c9b1de	success	Property Laws	success	67
30708062767	2026-08-01T16:24:36Z	pull_request	claude/vigilant-mclaren-c9b1de	success	Test Unit	success	83
30708062767	2026-08-01T16:24:36Z	pull_request	claude/vigilant-mclaren-c9b1de	success	Knip	success	68
30708062767	2026-08-01T16:24:36Z	pull_request	claude/vigilant-mclaren-c9b1de	success	Check	success	379
30708062767	2026-08-01T16:24:36Z	pull_request	claude/vigilant-mclaren-c9b1de	success	Codegen Drift	success	74
30708062767	2026-08-01T16:24:36Z	pull_request	claude/vigilant-mclaren-c9b1de	success	SAST	success	79
30708062767	2026-08-01T16:24:36Z	pull_request	claude/vigilant-mclaren-c9b1de	success	Test Integration	success	150
30708062767	2026-08-01T16:24:36Z	pull_request	claude/vigilant-mclaren-c9b1de	success	Coverage Regression	success	168
30708062767	2026-08-01T16:24:36Z	pull_request	claude/vigilant-mclaren-c9b1de	success	Lint Policy	success	595
30708062767	2026-08-01T16:24:36Z	pull_request	claude/vigilant-mclaren-c9b1de	success	Docgen	success	353
30708062767	2026-08-01T16:24:36Z	pull_request	claude/vigilant-mclaren-c9b1de	success	Repo Sanity	success	96
30708062767	2026-08-01T16:24:36Z	pull_request	claude/vigilant-mclaren-c9b1de	success	Commitlint	success	69
30708062767	2026-08-01T16:24:36Z	pull_request	claude/vigilant-mclaren-c9b1de	success	Lint	success	314
30708062767	2026-08-01T16:24:36Z	pull_request	claude/vigilant-mclaren-c9b1de	success	Secret Scanning	success	35
30708062767	2026-08-01T16:24:36Z	pull_request	claude/vigilant-mclaren-c9b1de	success	Build	skipped	0
30707996160	2026-08-01T16:22:46Z	pull_request	feat/identity-iri-fold	success	Professional Desktop IPC Stdio	success	56
30707996160	2026-08-01T16:22:46Z	pull_request	feat/identity-iri-fold	success	Test Unit	success	662
30707996160	2026-08-01T16:22:46Z	pull_request	feat/identity-iri-fold	success	Nix Shell	success	70
30707996160	2026-08-01T16:22:46Z	pull_request	feat/identity-iri-fold	success	JSDoc Ratchet	success	285
30707996160	2026-08-01T16:22:46Z	pull_request	feat/identity-iri-fold	success	Knip	success	72
30707996160	2026-08-01T16:22:46Z	pull_request	feat/identity-iri-fold	success	PR Size Label	success	6
30707996160	2026-08-01T16:22:46Z	pull_request	feat/identity-iri-fold	success	Fallow Advisory Envelopes	success	85
30707996160	2026-08-01T16:22:46Z	pull_request	feat/identity-iri-fold	success	SAST	success	84
30707996160	2026-08-01T16:22:46Z	pull_request	feat/identity-iri-fold	success	Security	success	51
30707996160	2026-08-01T16:22:46Z	pull_request	feat/identity-iri-fold	success	Secret Scanning	success	34
30707996160	2026-08-01T16:22:46Z	pull_request	feat/identity-iri-fold	success	Coverage Regression	success	814
30707996160	2026-08-01T16:22:46Z	pull_request	feat/identity-iri-fold	success	Lint	success	599
30707996160	2026-08-01T16:22:46Z	pull_request	feat/identity-iri-fold	success	Codegen Drift	success	72
30707996160	2026-08-01T16:22:46Z	pull_request	feat/identity-iri-fold	success	Repo Sanity	success	93
30707996160	2026-08-01T16:22:46Z	pull_request	feat/identity-iri-fold	success	Property Laws	success	538
30707996160	2026-08-01T16:22:46Z	pull_request	feat/identity-iri-fold	success	Test Integration	success	297
30707996160	2026-08-01T16:22:46Z	pull_request	feat/identity-iri-fold	success	Commitlint	success	79
30707996160	2026-08-01T16:22:46Z	pull_request	feat/identity-iri-fold	success	Check	success	495
30707996160	2026-08-01T16:22:46Z	pull_request	feat/identity-iri-fold	success	Lint Policy	success	576
30707996160	2026-08-01T16:22:46Z	pull_request	feat/identity-iri-fold	success	Docgen	success	535
30707996160	2026-08-01T16:22:46Z	pull_request	feat/identity-iri-fold	success	Build	skipped	0
30707991277	2026-08-01T16:22:37Z	pull_request	docs/legal-patent-kg-deepening-research	success	Fallow Advisory Envelopes	success	82
30707991277	2026-08-01T16:22:37Z	pull_request	docs/legal-patent-kg-deepening-research	success	Lint Policy	success	589
30707991277	2026-08-01T16:22:37Z	pull_request	docs/legal-patent-kg-deepening-research	success	Commitlint	success	67
30707991277	2026-08-01T16:22:37Z	pull_request	docs/legal-patent-kg-deepening-research	success	PR Size Label	success	7
30707991277	2026-08-01T16:22:37Z	pull_request	docs/legal-patent-kg-deepening-research	success	Professional Desktop IPC Stdio	success	11
30707991277	2026-08-01T16:22:37Z	pull_request	docs/legal-patent-kg-deepening-research	success	SAST	success	70
30707991277	2026-08-01T16:22:37Z	pull_request	docs/legal-patent-kg-deepening-research	success	Test Integration	success	76
30707991277	2026-08-01T16:22:37Z	pull_request	docs/legal-patent-kg-deepening-research	success	Test Unit	success	75
30707991277	2026-08-01T16:22:37Z	pull_request	docs/legal-patent-kg-deepening-research	success	Build	skipped	
30707991277	2026-08-01T16:22:37Z	pull_request	docs/legal-patent-kg-deepening-research	success	Coverage Regression	success	77
30707991277	2026-08-01T16:22:37Z	pull_request	docs/legal-patent-kg-deepening-research	success	JSDoc Ratchet	success	289
30707991277	2026-08-01T16:22:37Z	pull_request	docs/legal-patent-kg-deepening-research	success	Repo Sanity	success	96
30707991277	2026-08-01T16:22:37Z	pull_request	docs/legal-patent-kg-deepening-research	success	Docgen	success	67
30707991277	2026-08-01T16:22:37Z	pull_request	docs/legal-patent-kg-deepening-research	success	Codegen Drift	success	81
30707991277	2026-08-01T16:22:37Z	pull_request	docs/legal-patent-kg-deepening-research	success	Secret Scanning	success	34
30707991277	2026-08-01T16:22:37Z	pull_request	docs/legal-patent-kg-deepening-research	success	Nix Shell	success	74
30707991277	2026-08-01T16:22:37Z	pull_request	docs/legal-patent-kg-deepening-research	success	Check	success	305
30707991277	2026-08-01T16:22:37Z	pull_request	docs/legal-patent-kg-deepening-research	success	Property Laws	success	64
30707991277	2026-08-01T16:22:37Z	pull_request	docs/legal-patent-kg-deepening-research	success	Lint	success	75
30707991277	2026-08-01T16:22:37Z	pull_request	docs/legal-patent-kg-deepening-research	success	Security	success	46
30707991277	2026-08-01T16:22:37Z	pull_request	docs/legal-patent-kg-deepening-research	success	Knip	success	87
30707936822	2026-08-01T16:21:05Z	push	main	failure	Professional Desktop IPC Stdio	success	52
30707936822	2026-08-01T16:21:05Z	push	main	failure	Knip	success	68
30707936822	2026-08-01T16:21:05Z	push	main	failure	Property Laws	success	555
30707936822	2026-08-01T16:21:05Z	push	main	failure	Build	success	90
30707936822	2026-08-01T16:21:05Z	push	main	failure	Fallow Advisory Envelopes	success	84
30707936822	2026-08-01T16:21:05Z	push	main	failure	JSDoc Ratchet	success	287
30707936822	2026-08-01T16:21:05Z	push	main	failure	Secret Scanning	success	34
30707936822	2026-08-01T16:21:05Z	push	main	failure	Security	success	38
30707936822	2026-08-01T16:21:05Z	push	main	failure	Nix Shell	success	68
30707936822	2026-08-01T16:21:05Z	push	main	failure	Commitlint	success	69
30707936822	2026-08-01T16:21:05Z	push	main	failure	SAST	success	75
30707936822	2026-08-01T16:21:05Z	push	main	failure	Codegen Drift	success	66
30707936822	2026-08-01T16:21:05Z	push	main	failure	Coverage Regression	success	785
30707936822	2026-08-01T16:21:05Z	push	main	failure	Repo Sanity	success	92
30707936822	2026-08-01T16:21:05Z	push	main	failure	Docgen	success	498
30707936822	2026-08-01T16:21:05Z	push	main	failure	Lint Policy	failure	721
30707936822	2026-08-01T16:21:05Z	push	main	failure	Check	success	478
30707936822	2026-08-01T16:21:05Z	push	main	failure	Lint	failure	1022
30707936822	2026-08-01T16:21:05Z	push	main	failure	Test Integration	success	289
30707936822	2026-08-01T16:21:05Z	push	main	failure	Test Unit	success	601
30707936822	2026-08-01T16:21:05Z	push	main	failure	PR Size Label	skipped	0
30707814212	2026-08-01T16:17:43Z	push	main	failure	Professional Desktop IPC Stdio	success	55
30707814212	2026-08-01T16:17:43Z	push	main	failure	Docgen	success	501
30707814212	2026-08-01T16:17:43Z	push	main	failure	Property Laws	failure	567
30707814212	2026-08-01T16:17:43Z	push	main	failure	JSDoc Ratchet	success	287
30707814212	2026-08-01T16:17:43Z	push	main	failure	Codegen Drift	success	73
30707814212	2026-08-01T16:17:43Z	push	main	failure	Test Integration	success	280
30707814212	2026-08-01T16:17:43Z	push	main	failure	Test Unit	failure	669
30707814212	2026-08-01T16:17:43Z	push	main	failure	Coverage Regression	failure	429
30707814212	2026-08-01T16:17:43Z	push	main	failure	Nix Shell	success	69
30707814212	2026-08-01T16:17:43Z	push	main	failure	Repo Sanity	success	89
30707814212	2026-08-01T16:17:43Z	push	main	failure	Security	success	38
30707814212	2026-08-01T16:17:43Z	push	main	failure	SAST	success	75
30707814212	2026-08-01T16:17:43Z	push	main	failure	Lint	failure	784
30707814212	2026-08-01T16:17:43Z	push	main	failure	Build	success	79
30707814212	2026-08-01T16:17:43Z	push	main	failure	Fallow Advisory Envelopes	success	83
30707814212	2026-08-01T16:17:43Z	push	main	failure	Commitlint	success	66
30707814212	2026-08-01T16:17:43Z	push	main	failure	Check	success	463
30707814212	2026-08-01T16:17:43Z	push	main	failure	Secret Scanning	success	36
30707814212	2026-08-01T16:17:43Z	push	main	failure	Lint Policy	success	615
30707814212	2026-08-01T16:17:43Z	push	main	failure	Knip	success	67
30707814212	2026-08-01T16:17:43Z	push	main	failure	PR Size Label	skipped	
30706578673	2026-08-01T15:44:22Z	pull_request	docs/legal-patent-kg-deepening-reconciliation	success	Lint Policy	success	533
30706578673	2026-08-01T15:44:22Z	pull_request	docs/legal-patent-kg-deepening-reconciliation	success	JSDoc Ratchet	success	287
30706578673	2026-08-01T15:44:22Z	pull_request	docs/legal-patent-kg-deepening-reconciliation	success	Security	success	42
30706578673	2026-08-01T15:44:22Z	pull_request	docs/legal-patent-kg-deepening-reconciliation	success	Lint	success	70
30706578673	2026-08-01T15:44:22Z	pull_request	docs/legal-patent-kg-deepening-reconciliation	success	Check	success	312
30706578673	2026-08-01T15:44:22Z	pull_request	docs/legal-patent-kg-deepening-reconciliation	success	Nix Shell	success	68
30706578673	2026-08-01T15:44:22Z	pull_request	docs/legal-patent-kg-deepening-reconciliation	success	Test Integration	success	83
30706578673	2026-08-01T15:44:22Z	pull_request	docs/legal-patent-kg-deepening-reconciliation	success	Secret Scanning	success	44
30706578673	2026-08-01T15:44:22Z	pull_request	docs/legal-patent-kg-deepening-reconciliation	success	Codegen Drift	success	79
30706578673	2026-08-01T15:44:22Z	pull_request	docs/legal-patent-kg-deepening-reconciliation	success	Test Unit	success	82
30706578673	2026-08-01T15:44:22Z	pull_request	docs/legal-patent-kg-deepening-reconciliation	success	Property Laws	success	61
30706578673	2026-08-01T15:44:22Z	pull_request	docs/legal-patent-kg-deepening-reconciliation	success	Docgen	success	66
30706578673	2026-08-01T15:44:22Z	pull_request	docs/legal-patent-kg-deepening-reconciliation	success	Knip	success	68
30706578673	2026-08-01T15:44:22Z	pull_request	docs/legal-patent-kg-deepening-reconciliation	success	Commitlint	success	68
30706578673	2026-08-01T15:44:22Z	pull_request	docs/legal-patent-kg-deepening-reconciliation	success	Build	skipped	
30706578673	2026-08-01T15:44:22Z	pull_request	docs/legal-patent-kg-deepening-reconciliation	success	SAST	success	67
30706578673	2026-08-01T15:44:22Z	pull_request	docs/legal-patent-kg-deepening-reconciliation	success	Repo Sanity	success	89
30706578673	2026-08-01T15:44:22Z	pull_request	docs/legal-patent-kg-deepening-reconciliation	success	Professional Desktop IPC Stdio	success	12
30706578673	2026-08-01T15:44:22Z	pull_request	docs/legal-patent-kg-deepening-reconciliation	success	Fallow Advisory Envelopes	success	82
30706578673	2026-08-01T15:44:22Z	pull_request	docs/legal-patent-kg-deepening-reconciliation	success	PR Size Label	success	7
30706578673	2026-08-01T15:44:22Z	pull_request	docs/legal-patent-kg-deepening-reconciliation	success	Coverage Regression	success	81
30706428093	2026-08-01T15:40:19Z	pull_request	claude/vigilant-mclaren-c9b1de	success	SAST	success	87
30706428093	2026-08-01T15:40:19Z	pull_request	claude/vigilant-mclaren-c9b1de	success	Professional Desktop IPC Stdio	success	12
30706428093	2026-08-01T15:40:19Z	pull_request	claude/vigilant-mclaren-c9b1de	success	JSDoc Ratchet	success	283
30706428093	2026-08-01T15:40:19Z	pull_request	claude/vigilant-mclaren-c9b1de	success	Test Unit	success	92
30706428093	2026-08-01T15:40:19Z	pull_request	claude/vigilant-mclaren-c9b1de	success	Commitlint	success	70
30706428093	2026-08-01T15:40:19Z	pull_request	claude/vigilant-mclaren-c9b1de	success	Fallow Advisory Envelopes	success	92
30706428093	2026-08-01T15:40:19Z	pull_request	claude/vigilant-mclaren-c9b1de	success	Lint Policy	success	557
30706428093	2026-08-01T15:40:19Z	pull_request	claude/vigilant-mclaren-c9b1de	success	Knip	success	72
30706428093	2026-08-01T15:40:19Z	pull_request	claude/vigilant-mclaren-c9b1de	success	Codegen Drift	success	71
30706428093	2026-08-01T15:40:19Z	pull_request	claude/vigilant-mclaren-c9b1de	success	Secret Scanning	success	37
30706428093	2026-08-01T15:40:19Z	pull_request	claude/vigilant-mclaren-c9b1de	success	PR Size Label	success	7
30706428093	2026-08-01T15:40:19Z	pull_request	claude/vigilant-mclaren-c9b1de	success	Repo Sanity	success	98
30706428093	2026-08-01T15:40:19Z	pull_request	claude/vigilant-mclaren-c9b1de	success	Coverage Regression	success	173
30706428093	2026-08-01T15:40:19Z	pull_request	claude/vigilant-mclaren-c9b1de	success	Docgen	success	333
30706428093	2026-08-01T15:40:19Z	pull_request	claude/vigilant-mclaren-c9b1de	success	Lint	success	315
30706428093	2026-08-01T15:40:19Z	pull_request	claude/vigilant-mclaren-c9b1de	success	Test Integration	success	148
30706428093	2026-08-01T15:40:19Z	pull_request	claude/vigilant-mclaren-c9b1de	success	Security	success	39
30706428093	2026-08-01T15:40:19Z	pull_request	claude/vigilant-mclaren-c9b1de	success	Nix Shell	success	68
30706428093	2026-08-01T15:40:19Z	pull_request	claude/vigilant-mclaren-c9b1de	success	Property Laws	success	64
30706428093	2026-08-01T15:40:19Z	pull_request	claude/vigilant-mclaren-c9b1de	success	Check	success	369
30706428093	2026-08-01T15:40:19Z	pull_request	claude/vigilant-mclaren-c9b1de	success	Build	skipped	0
30706200626	2026-08-01T15:34:11Z	pull_request	claude/vigilant-mclaren-c9b1de	cancelled	Knip	success	67
30706200626	2026-08-01T15:34:11Z	pull_request	claude/vigilant-mclaren-c9b1de	cancelled	Fallow Advisory Envelopes	success	83
30706200626	2026-08-01T15:34:11Z	pull_request	claude/vigilant-mclaren-c9b1de	cancelled	Security	success	50
30706200626	2026-08-01T15:34:11Z	pull_request	claude/vigilant-mclaren-c9b1de	cancelled	Codegen Drift	success	80
30706200626	2026-08-01T15:34:11Z	pull_request	claude/vigilant-mclaren-c9b1de	cancelled	Lint	success	308
30706200626	2026-08-01T15:34:11Z	pull_request	claude/vigilant-mclaren-c9b1de	cancelled	Property Laws	success	65
30706200626	2026-08-01T15:34:11Z	pull_request	claude/vigilant-mclaren-c9b1de	cancelled	PR Size Label	success	6
30706200626	2026-08-01T15:34:11Z	pull_request	claude/vigilant-mclaren-c9b1de	cancelled	Commitlint	success	67
30706200626	2026-08-01T15:34:11Z	pull_request	claude/vigilant-mclaren-c9b1de	cancelled	Nix Shell	success	69
30706200626	2026-08-01T15:34:11Z	pull_request	claude/vigilant-mclaren-c9b1de	cancelled	Coverage Regression	success	174
30706200626	2026-08-01T15:34:11Z	pull_request	claude/vigilant-mclaren-c9b1de	cancelled	SAST	success	79
30706200626	2026-08-01T15:34:11Z	pull_request	claude/vigilant-mclaren-c9b1de	cancelled	Secret Scanning	success	39
30706200626	2026-08-01T15:34:11Z	pull_request	claude/vigilant-mclaren-c9b1de	cancelled	JSDoc Ratchet	success	307
30706200626	2026-08-01T15:34:11Z	pull_request	claude/vigilant-mclaren-c9b1de	cancelled	Lint Policy	cancelled	375
30706200626	2026-08-01T15:34:11Z	pull_request	claude/vigilant-mclaren-c9b1de	cancelled	Check	cancelled	374
30706200626	2026-08-01T15:34:11Z	pull_request	claude/vigilant-mclaren-c9b1de	cancelled	Professional Desktop IPC Stdio	success	11
30706200626	2026-08-01T15:34:11Z	pull_request	claude/vigilant-mclaren-c9b1de	cancelled	Docgen	success	351
30706200626	2026-08-01T15:34:11Z	pull_request	claude/vigilant-mclaren-c9b1de	cancelled	Test Unit	success	88
30706200626	2026-08-01T15:34:11Z	pull_request	claude/vigilant-mclaren-c9b1de	cancelled	Repo Sanity	success	93
30706200626	2026-08-01T15:34:11Z	pull_request	claude/vigilant-mclaren-c9b1de	cancelled	Test Integration	success	153
30706200626	2026-08-01T15:34:11Z	pull_request	claude/vigilant-mclaren-c9b1de	cancelled	Build	skipped	0
30705776545	2026-08-01T15:22:45Z	pull_request	codex/document-modeling-hardening	failure	Check	failure	961
30705776545	2026-08-01T15:22:45Z	pull_request	codex/document-modeling-hardening	failure	Build	skipped	
30705776545	2026-08-01T15:22:45Z	pull_request	codex/document-modeling-hardening	failure	PR Size Label	success	7
30705776545	2026-08-01T15:22:45Z	pull_request	codex/document-modeling-hardening	failure	Professional Desktop IPC Stdio	success	55
30705776545	2026-08-01T15:22:45Z	pull_request	codex/document-modeling-hardening	failure	Test Unit	success	691
30705776545	2026-08-01T15:22:45Z	pull_request	codex/document-modeling-hardening	failure	Lint	success	644
30705776545	2026-08-01T15:22:45Z	pull_request	codex/document-modeling-hardening	failure	Property Laws	success	601
30705776545	2026-08-01T15:22:45Z	pull_request	codex/document-modeling-hardening	failure	SAST	success	91
30705776545	2026-08-01T15:22:45Z	pull_request	codex/document-modeling-hardening	failure	Codegen Drift	success	67
30705776545	2026-08-01T15:22:45Z	pull_request	codex/document-modeling-hardening	failure	Docgen	success	556
30705776545	2026-08-01T15:22:45Z	pull_request	codex/document-modeling-hardening	failure	Test Integration	success	314
30705776545	2026-08-01T15:22:45Z	pull_request	codex/document-modeling-hardening	failure	Coverage Regression	success	791
30705776545	2026-08-01T15:22:45Z	pull_request	codex/document-modeling-hardening	failure	Fallow Advisory Envelopes	success	86
30705776545	2026-08-01T15:22:45Z	pull_request	codex/document-modeling-hardening	failure	Commitlint	success	69
30705776545	2026-08-01T15:22:45Z	pull_request	codex/document-modeling-hardening	failure	Repo Sanity	success	97
30705776545	2026-08-01T15:22:45Z	pull_request	codex/document-modeling-hardening	failure	Knip	success	70
30705776545	2026-08-01T15:22:45Z	pull_request	codex/document-modeling-hardening	failure	Secret Scanning	success	34
30705776545	2026-08-01T15:22:45Z	pull_request	codex/document-modeling-hardening	failure	Security	success	41
30705776545	2026-08-01T15:22:45Z	pull_request	codex/document-modeling-hardening	failure	Lint Policy	success	592
30705776545	2026-08-01T15:22:45Z	pull_request	codex/document-modeling-hardening	failure	JSDoc Ratchet	success	292
30705776545	2026-08-01T15:22:45Z	pull_request	codex/document-modeling-hardening	failure	Nix Shell	success	70
30705488834	2026-08-01T15:14:48Z	pull_request	feat/contradiction-source-highlight-pr	failure	Check	failure	1082
30705488834	2026-08-01T15:14:48Z	pull_request	feat/contradiction-source-highlight-pr	failure	Test Integration	failure	901
30705488834	2026-08-01T15:14:48Z	pull_request	feat/contradiction-source-highlight-pr	failure	Coverage Regression	failure	1323
30705488834	2026-08-01T15:14:48Z	pull_request	feat/contradiction-source-highlight-pr	failure	SAST	success	81
30705488834	2026-08-01T15:14:48Z	pull_request	feat/contradiction-source-highlight-pr	failure	Lint Policy	success	657
30705488834	2026-08-01T15:14:48Z	pull_request	feat/contradiction-source-highlight-pr	failure	Build	skipped	
30705488834	2026-08-01T15:14:48Z	pull_request	feat/contradiction-source-highlight-pr	failure	Commitlint	success	72
30705488834	2026-08-01T15:14:48Z	pull_request	feat/contradiction-source-highlight-pr	failure	Fallow Advisory Envelopes	success	84
30705488834	2026-08-01T15:14:48Z	pull_request	feat/contradiction-source-highlight-pr	failure	Test Unit	success	640
30705488834	2026-08-01T15:14:48Z	pull_request	feat/contradiction-source-highlight-pr	failure	Codegen Drift	success	75
30705488834	2026-08-01T15:14:48Z	pull_request	feat/contradiction-source-highlight-pr	failure	Docgen	success	513
30705488834	2026-08-01T15:14:48Z	pull_request	feat/contradiction-source-highlight-pr	failure	Nix Shell	success	72
30705488834	2026-08-01T15:14:48Z	pull_request	feat/contradiction-source-highlight-pr	failure	Security	success	40
30705488834	2026-08-01T15:14:48Z	pull_request	feat/contradiction-source-highlight-pr	failure	Repo Sanity	success	93
30705488834	2026-08-01T15:14:48Z	pull_request	feat/contradiction-source-highlight-pr	failure	PR Size Label	success	6
30705488834	2026-08-01T15:14:48Z	pull_request	feat/contradiction-source-highlight-pr	failure	Professional Desktop IPC Stdio	success	54
30705488834	2026-08-01T15:14:48Z	pull_request	feat/contradiction-source-highlight-pr	failure	Lint	success	681
30705488834	2026-08-01T15:14:48Z	pull_request	feat/contradiction-source-highlight-pr	failure	JSDoc Ratchet	success	284
30705488834	2026-08-01T15:14:48Z	pull_request	feat/contradiction-source-highlight-pr	failure	Property Laws	success	533
30705488834	2026-08-01T15:14:48Z	pull_request	feat/contradiction-source-highlight-pr	failure	Knip	success	67
30705488834	2026-08-01T15:14:48Z	pull_request	feat/contradiction-source-highlight-pr	failure	Secret Scanning	success	33
30704675918	2026-08-01T14:52:00Z	pull_request	feat/recorded-qa-followup	success	Property Laws	success	91
30704675918	2026-08-01T14:52:00Z	pull_request	feat/recorded-qa-followup	success	Docgen	success	397
30704675918	2026-08-01T14:52:00Z	pull_request	feat/recorded-qa-followup	success	Professional Desktop IPC Stdio	success	56
30704675918	2026-08-01T14:52:00Z	pull_request	feat/recorded-qa-followup	success	Codegen Drift	success	76
30704675918	2026-08-01T14:52:00Z	pull_request	feat/recorded-qa-followup	success	Fallow Advisory Envelopes	success	90
30704675918	2026-08-01T14:52:00Z	pull_request	feat/recorded-qa-followup	success	Repo Sanity	success	94
30704675918	2026-08-01T14:52:00Z	pull_request	feat/recorded-qa-followup	success	PR Size Label	success	7
30704675918	2026-08-01T14:52:00Z	pull_request	feat/recorded-qa-followup	success	Lint	success	599
30704675918	2026-08-01T14:52:00Z	pull_request	feat/recorded-qa-followup	success	Test Unit	success	108
30704675918	2026-08-01T14:52:00Z	pull_request	feat/recorded-qa-followup	success	Test Integration	success	163
30704675918	2026-08-01T14:52:00Z	pull_request	feat/recorded-qa-followup	success	Commitlint	success	70
30704675918	2026-08-01T14:52:00Z	pull_request	feat/recorded-qa-followup	success	Lint Policy	success	555
30704675918	2026-08-01T14:52:00Z	pull_request	feat/recorded-qa-followup	success	SAST	success	77
30704675918	2026-08-01T14:52:00Z	pull_request	feat/recorded-qa-followup	success	Knip	success	69
30704675918	2026-08-01T14:52:00Z	pull_request	feat/recorded-qa-followup	success	Coverage Regression	success	177
30704675918	2026-08-01T14:52:00Z	pull_request	feat/recorded-qa-followup	success	Secret Scanning	success	50
30704675918	2026-08-01T14:52:00Z	pull_request	feat/recorded-qa-followup	success	Security	success	44
30704675918	2026-08-01T14:52:00Z	pull_request	feat/recorded-qa-followup	success	Nix Shell	success	68
30704675918	2026-08-01T14:52:00Z	pull_request	feat/recorded-qa-followup	success	JSDoc Ratchet	success	289
30704675918	2026-08-01T14:52:00Z	pull_request	feat/recorded-qa-followup	success	Check	success	467
30704675918	2026-08-01T14:52:00Z	pull_request	feat/recorded-qa-followup	success	Build	skipped	0
30703995550	2026-08-01T14:32:53Z	pull_request	docs/legal-patent-kg-deepening-research	success	Knip	success	66
30703995550	2026-08-01T14:32:53Z	pull_request	docs/legal-patent-kg-deepening-research	success	JSDoc Ratchet	success	289
30703995550	2026-08-01T14:32:53Z	pull_request	docs/legal-patent-kg-deepening-research	success	Fallow Advisory Envelopes	success	84
30703995550	2026-08-01T14:32:53Z	pull_request	docs/legal-patent-kg-deepening-research	success	Property Laws	success	64
30703995550	2026-08-01T14:32:53Z	pull_request	docs/legal-patent-kg-deepening-research	success	Test Unit	success	73
30703995550	2026-08-01T14:32:53Z	pull_request	docs/legal-patent-kg-deepening-research	success	Repo Sanity	success	92
30703995550	2026-08-01T14:32:53Z	pull_request	docs/legal-patent-kg-deepening-research	success	Lint Policy	success	566
30703995550	2026-08-01T14:32:53Z	pull_request	docs/legal-patent-kg-deepening-research	success	Test Integration	success	71
30703995550	2026-08-01T14:32:53Z	pull_request	docs/legal-patent-kg-deepening-research	success	Professional Desktop IPC Stdio	success	12
30703995550	2026-08-01T14:32:53Z	pull_request	docs/legal-patent-kg-deepening-research	success	Coverage Regression	success	76
30703995550	2026-08-01T14:32:53Z	pull_request	docs/legal-patent-kg-deepening-research	success	Check	success	330
30703995550	2026-08-01T14:32:53Z	pull_request	docs/legal-patent-kg-deepening-research	success	Lint	success	67
30703995550	2026-08-01T14:32:53Z	pull_request	docs/legal-patent-kg-deepening-research	success	Commitlint	success	69
30703995550	2026-08-01T14:32:53Z	pull_request	docs/legal-patent-kg-deepening-research	success	PR Size Label	success	7
30703995550	2026-08-01T14:32:53Z	pull_request	docs/legal-patent-kg-deepening-research	success	Docgen	success	73
30703995550	2026-08-01T14:32:53Z	pull_request	docs/legal-patent-kg-deepening-research	success	Codegen Drift	success	80
30703995550	2026-08-01T14:32:53Z	pull_request	docs/legal-patent-kg-deepening-research	success	SAST	success	72
30703995550	2026-08-01T14:32:53Z	pull_request	docs/legal-patent-kg-deepening-research	success	Security	success	50
30703995550	2026-08-01T14:32:53Z	pull_request	docs/legal-patent-kg-deepening-research	success	Secret Scanning	success	35
30703995550	2026-08-01T14:32:53Z	pull_request	docs/legal-patent-kg-deepening-research	success	Nix Shell	success	72
30703995550	2026-08-01T14:32:53Z	pull_request	docs/legal-patent-kg-deepening-research	success	Build	skipped	0
30703417294	2026-08-01T14:16:02Z	pull_request	feat/recorded-qa-followup	failure	Lint Policy	failure	562
30703417294	2026-08-01T14:16:02Z	pull_request	feat/recorded-qa-followup	failure	Fallow Advisory Envelopes	success	84
30703417294	2026-08-01T14:16:02Z	pull_request	feat/recorded-qa-followup	failure	Professional Desktop IPC Stdio	success	54
30703417294	2026-08-01T14:16:02Z	pull_request	feat/recorded-qa-followup	failure	Security	success	45
30703417294	2026-08-01T14:16:02Z	pull_request	feat/recorded-qa-followup	failure	Knip	success	66
30703417294	2026-08-01T14:16:02Z	pull_request	feat/recorded-qa-followup	failure	PR Size Label	success	7
30703417294	2026-08-01T14:16:02Z	pull_request	feat/recorded-qa-followup	failure	Secret Scanning	success	33
30703417294	2026-08-01T14:16:02Z	pull_request	feat/recorded-qa-followup	failure	Lint	success	604
30703417294	2026-08-01T14:16:02Z	pull_request	feat/recorded-qa-followup	failure	Docgen	success	372
30703417294	2026-08-01T14:16:02Z	pull_request	feat/recorded-qa-followup	failure	Repo Sanity	success	92
30703417294	2026-08-01T14:16:02Z	pull_request	feat/recorded-qa-followup	failure	JSDoc Ratchet	success	277
30703417294	2026-08-01T14:16:02Z	pull_request	feat/recorded-qa-followup	failure	Test Integration	success	162
30703417294	2026-08-01T14:16:02Z	pull_request	feat/recorded-qa-followup	failure	Build	skipped	
30703417294	2026-08-01T14:16:02Z	pull_request	feat/recorded-qa-followup	failure	Coverage Regression	success	162
30703417294	2026-08-01T14:16:02Z	pull_request	feat/recorded-qa-followup	failure	Codegen Drift	success	77
30703417294	2026-08-01T14:16:02Z	pull_request	feat/recorded-qa-followup	failure	SAST	success	76
30703417294	2026-08-01T14:16:02Z	pull_request	feat/recorded-qa-followup	failure	Nix Shell	success	67
30703417294	2026-08-01T14:16:02Z	pull_request	feat/recorded-qa-followup	failure	Commitlint	success	67
30703417294	2026-08-01T14:16:02Z	pull_request	feat/recorded-qa-followup	failure	Property Laws	success	84
30703417294	2026-08-01T14:16:02Z	pull_request	feat/recorded-qa-followup	failure	Check	success	469
30703417294	2026-08-01T14:16:02Z	pull_request	feat/recorded-qa-followup	failure	Test Unit	success	113
30703266770	2026-08-01T14:11:43Z	pull_request	feat/identity-iri-fold	success	Knip	success	71
30703266770	2026-08-01T14:11:43Z	pull_request	feat/identity-iri-fold	success	Fallow Advisory Envelopes	success	82
30703266770	2026-08-01T14:11:43Z	pull_request	feat/identity-iri-fold	success	PR Size Label	success	6
30703266770	2026-08-01T14:11:43Z	pull_request	feat/identity-iri-fold	success	Property Laws	success	523
30703266770	2026-08-01T14:11:43Z	pull_request	feat/identity-iri-fold	success	Professional Desktop IPC Stdio	success	55
30703266770	2026-08-01T14:11:43Z	pull_request	feat/identity-iri-fold	success	Lint	success	596
30703266770	2026-08-01T14:11:43Z	pull_request	feat/identity-iri-fold	success	JSDoc Ratchet	success	294
30703266770	2026-08-01T14:11:43Z	pull_request	feat/identity-iri-fold	success	Commitlint	success	74
30703266770	2026-08-01T14:11:43Z	pull_request	feat/identity-iri-fold	success	Nix Shell	success	72
30703266770	2026-08-01T14:11:43Z	pull_request	feat/identity-iri-fold	success	SAST	success	79
30703266770	2026-08-01T14:11:43Z	pull_request	feat/identity-iri-fold	success	Security	success	37
30703266770	2026-08-01T14:11:43Z	pull_request	feat/identity-iri-fold	success	Check	success	489
30703266770	2026-08-01T14:11:43Z	pull_request	feat/identity-iri-fold	success	Secret Scanning	success	37
30703266770	2026-08-01T14:11:43Z	pull_request	feat/identity-iri-fold	success	Coverage Regression	success	766
30703266770	2026-08-01T14:11:43Z	pull_request	feat/identity-iri-fold	success	Lint Policy	success	590
30703266770	2026-08-01T14:11:43Z	pull_request	feat/identity-iri-fold	success	Repo Sanity	success	86
30703266770	2026-08-01T14:11:43Z	pull_request	feat/identity-iri-fold	success	Test Unit	success	632
30703266770	2026-08-01T14:11:43Z	pull_request	feat/identity-iri-fold	success	Docgen	success	553
30703266770	2026-08-01T14:11:43Z	pull_request	feat/identity-iri-fold	success	Test Integration	success	291
30703266770	2026-08-01T14:11:43Z	pull_request	feat/identity-iri-fold	success	Codegen Drift	success	68
30703266770	2026-08-01T14:11:43Z	pull_request	feat/identity-iri-fold	success	Build	skipped	0
30703156130	2026-08-01T14:08:33Z	pull_request	codex/document-modeling-hardening	failure	Professional Desktop IPC Stdio	success	55
30703156130	2026-08-01T14:08:33Z	pull_request	codex/document-modeling-hardening	failure	Knip	success	73
30703156130	2026-08-01T14:08:33Z	pull_request	codex/document-modeling-hardening	failure	Fallow Advisory Envelopes	success	89
30703156130	2026-08-01T14:08:33Z	pull_request	codex/document-modeling-hardening	failure	Commitlint	success	71
30703156130	2026-08-01T14:08:33Z	pull_request	codex/document-modeling-hardening	failure	PR Size Label	success	7
30703156130	2026-08-01T14:08:33Z	pull_request	codex/document-modeling-hardening	failure	Repo Sanity	success	100
30703156130	2026-08-01T14:08:33Z	pull_request	codex/document-modeling-hardening	failure	JSDoc Ratchet	success	290
30703156130	2026-08-01T14:08:33Z	pull_request	codex/document-modeling-hardening	failure	SAST	success	95
30703156130	2026-08-01T14:08:33Z	pull_request	codex/document-modeling-hardening	failure	Security	success	51
30703156130	2026-08-01T14:08:33Z	pull_request	codex/document-modeling-hardening	failure	Test Integration	success	283
30703156130	2026-08-01T14:08:33Z	pull_request	codex/document-modeling-hardening	failure	Property Laws	failure	563
30703156130	2026-08-01T14:08:33Z	pull_request	codex/document-modeling-hardening	failure	Nix Shell	success	72
30703156130	2026-08-01T14:08:33Z	pull_request	codex/document-modeling-hardening	failure	Test Unit	success	690
30703156130	2026-08-01T14:08:33Z	pull_request	codex/document-modeling-hardening	failure	Check	failure	1024
30703156130	2026-08-01T14:08:33Z	pull_request	codex/document-modeling-hardening	failure	Codegen Drift	success	80
30703156130	2026-08-01T14:08:33Z	pull_request	codex/document-modeling-hardening	failure	Lint Policy	success	578
30703156130	2026-08-01T14:08:33Z	pull_request	codex/document-modeling-hardening	failure	Secret Scanning	success	38
30703156130	2026-08-01T14:08:33Z	pull_request	codex/document-modeling-hardening	failure	Coverage Regression	success	816
30703156130	2026-08-01T14:08:33Z	pull_request	codex/document-modeling-hardening	failure	Lint	success	627
30703156130	2026-08-01T14:08:33Z	pull_request	codex/document-modeling-hardening	failure	Docgen	success	557
30703156130	2026-08-01T14:08:33Z	pull_request	codex/document-modeling-hardening	failure	Build	skipped	
30703019769	2026-08-01T14:04:34Z	pull_request	docs/legal-patent-kg-deepening-research	success	Commitlint	success	71
30703019769	2026-08-01T14:04:34Z	pull_request	docs/legal-patent-kg-deepening-research	success	PR Size Label	success	8
30703019769	2026-08-01T14:04:34Z	pull_request	docs/legal-patent-kg-deepening-research	success	Fallow Advisory Envelopes	success	88
30703019769	2026-08-01T14:04:34Z	pull_request	docs/legal-patent-kg-deepening-research	success	Property Laws	success	67
30703019769	2026-08-01T14:04:34Z	pull_request	docs/legal-patent-kg-deepening-research	success	SAST	success	78
30703019769	2026-08-01T14:04:34Z	pull_request	docs/legal-patent-kg-deepening-research	success	Secret Scanning	success	36
30703019769	2026-08-01T14:04:34Z	pull_request	docs/legal-patent-kg-deepening-research	success	Professional Desktop IPC Stdio	success	13
30703019769	2026-08-01T14:04:34Z	pull_request	docs/legal-patent-kg-deepening-research	success	JSDoc Ratchet	success	294
30703019769	2026-08-01T14:04:34Z	pull_request	docs/legal-patent-kg-deepening-research	success	Lint Policy	success	610
30703019769	2026-08-01T14:04:34Z	pull_request	docs/legal-patent-kg-deepening-research	success	Security	success	49
30703019769	2026-08-01T14:04:34Z	pull_request	docs/legal-patent-kg-deepening-research	success	Nix Shell	success	70
30703019769	2026-08-01T14:04:34Z	pull_request	docs/legal-patent-kg-deepening-research	success	Knip	success	67
30703019769	2026-08-01T14:04:34Z	pull_request	docs/legal-patent-kg-deepening-research	success	Coverage Regression	success	73
30703019769	2026-08-01T14:04:34Z	pull_request	docs/legal-patent-kg-deepening-research	success	Repo Sanity	success	88
30703019769	2026-08-01T14:04:34Z	pull_request	docs/legal-patent-kg-deepening-research	success	Codegen Drift	success	67
30703019769	2026-08-01T14:04:34Z	pull_request	docs/legal-patent-kg-deepening-research	success	Docgen	success	79
30703019769	2026-08-01T14:04:34Z	pull_request	docs/legal-patent-kg-deepening-research	success	Lint	success	80
30703019769	2026-08-01T14:04:34Z	pull_request	docs/legal-patent-kg-deepening-research	success	Check	success	321
30703019769	2026-08-01T14:04:34Z	pull_request	docs/legal-patent-kg-deepening-research	success	Test Unit	success	73
30703019769	2026-08-01T14:04:34Z	pull_request	docs/legal-patent-kg-deepening-research	success	Test Integration	success	79
30703019769	2026-08-01T14:04:34Z	pull_request	docs/legal-patent-kg-deepening-research	success	Build	skipped	0
30702763368	2026-08-01T13:57:07Z	pull_request	feat/identity-iri-fold	failure	Professional Desktop IPC Stdio	success	55
30702763368	2026-08-01T13:57:07Z	pull_request	feat/identity-iri-fold	failure	Knip	success	68
30702763368	2026-08-01T13:57:07Z	pull_request	feat/identity-iri-fold	failure	PR Size Label	success	7
30702763368	2026-08-01T13:57:07Z	pull_request	feat/identity-iri-fold	failure	Property Laws	success	536
30702763368	2026-08-01T13:57:07Z	pull_request	feat/identity-iri-fold	failure	Fallow Advisory Envelopes	success	84
30702763368	2026-08-01T13:57:07Z	pull_request	feat/identity-iri-fold	failure	Lint	success	608
30702763368	2026-08-01T13:57:07Z	pull_request	feat/identity-iri-fold	failure	Docgen	success	518
30702763368	2026-08-01T13:57:07Z	pull_request	feat/identity-iri-fold	failure	Coverage Regression	failure	787
30702763368	2026-08-01T13:57:07Z	pull_request	feat/identity-iri-fold	failure	JSDoc Ratchet	success	279
30702763368	2026-08-01T13:57:07Z	pull_request	feat/identity-iri-fold	failure	Codegen Drift	success	75
30702763368	2026-08-01T13:57:07Z	pull_request	feat/identity-iri-fold	failure	Secret Scanning	success	35
30702763368	2026-08-01T13:57:07Z	pull_request	feat/identity-iri-fold	failure	Nix Shell	success	69
30702763368	2026-08-01T13:57:07Z	pull_request	feat/identity-iri-fold	failure	Commitlint	success	71
30702763368	2026-08-01T13:57:07Z	pull_request	feat/identity-iri-fold	failure	Lint Policy	success	546
30702763368	2026-08-01T13:57:07Z	pull_request	feat/identity-iri-fold	failure	Test Unit	success	635
30702763368	2026-08-01T13:57:07Z	pull_request	feat/identity-iri-fold	failure	Repo Sanity	success	95
30702763368	2026-08-01T13:57:07Z	pull_request	feat/identity-iri-fold	failure	Security	success	39
30702763368	2026-08-01T13:57:07Z	pull_request	feat/identity-iri-fold	failure	SAST	success	82
30702763368	2026-08-01T13:57:07Z	pull_request	feat/identity-iri-fold	failure	Check	success	476
30702763368	2026-08-01T13:57:07Z	pull_request	feat/identity-iri-fold	failure	Test Integration	success	315
30702763368	2026-08-01T13:57:07Z	pull_request	feat/identity-iri-fold	failure	Build	skipped	0
30702748966	2026-08-01T13:56:43Z	pull_request	feat/recorded-qa-followup	success	Knip	success	71
30702748966	2026-08-01T13:56:43Z	pull_request	feat/recorded-qa-followup	success	Property Laws	success	86
30702748966	2026-08-01T13:56:43Z	pull_request	feat/recorded-qa-followup	success	PR Size Label	success	8
30702748966	2026-08-01T13:56:43Z	pull_request	feat/recorded-qa-followup	success	Security	success	50
30702748966	2026-08-01T13:56:43Z	pull_request	feat/recorded-qa-followup	success	JSDoc Ratchet	success	288
30702748966	2026-08-01T13:56:43Z	pull_request	feat/recorded-qa-followup	success	Professional Desktop IPC Stdio	success	56
30702748966	2026-08-01T13:56:43Z	pull_request	feat/recorded-qa-followup	success	Nix Shell	success	68
30702748966	2026-08-01T13:56:43Z	pull_request	feat/recorded-qa-followup	success	SAST	success	83
30702748966	2026-08-01T13:56:43Z	pull_request	feat/recorded-qa-followup	success	Commitlint	success	67
30702748966	2026-08-01T13:56:43Z	pull_request	feat/recorded-qa-followup	success	Fallow Advisory Envelopes	success	84
30702748966	2026-08-01T13:56:43Z	pull_request	feat/recorded-qa-followup	success	Docgen	success	373
30702748966	2026-08-01T13:56:43Z	pull_request	feat/recorded-qa-followup	success	Secret Scanning	success	41
30702748966	2026-08-01T13:56:43Z	pull_request	feat/recorded-qa-followup	success	Test Unit	success	112
30702748966	2026-08-01T13:56:43Z	pull_request	feat/recorded-qa-followup	success	Check	success	553
30702748966	2026-08-01T13:56:43Z	pull_request	feat/recorded-qa-followup	success	Coverage Regression	success	169
30702748966	2026-08-01T13:56:43Z	pull_request	feat/recorded-qa-followup	success	Lint	success	612
30702748966	2026-08-01T13:56:43Z	pull_request	feat/recorded-qa-followup	success	Lint Policy	success	552
30702748966	2026-08-01T13:56:43Z	pull_request	feat/recorded-qa-followup	success	Codegen Drift	success	75
30702748966	2026-08-01T13:56:43Z	pull_request	feat/recorded-qa-followup	success	Repo Sanity	success	96
30702748966	2026-08-01T13:56:43Z	pull_request	feat/recorded-qa-followup	success	Test Integration	success	158
30702748966	2026-08-01T13:56:43Z	pull_request	feat/recorded-qa-followup	success	Build	skipped	
30702551874	2026-08-01T13:50:54Z	pull_request	feat/recorded-qa-followup	cancelled	Property Laws	success	89
30702551874	2026-08-01T13:50:54Z	pull_request	feat/recorded-qa-followup	cancelled	Fallow Advisory Envelopes	success	81
30702551874	2026-08-01T13:50:54Z	pull_request	feat/recorded-qa-followup	cancelled	Professional Desktop IPC Stdio	success	54
30702551874	2026-08-01T13:50:54Z	pull_request	feat/recorded-qa-followup	cancelled	PR Size Label	success	7
30702551874	2026-08-01T13:50:54Z	pull_request	feat/recorded-qa-followup	cancelled	Knip	success	63
30702551874	2026-08-01T13:50:54Z	pull_request	feat/recorded-qa-followup	cancelled	Secret Scanning	success	33
30702551874	2026-08-01T13:50:54Z	pull_request	feat/recorded-qa-followup	cancelled	Codegen Drift	success	79
30702551874	2026-08-01T13:50:54Z	pull_request	feat/recorded-qa-followup	cancelled	Commitlint	success	75
30702551874	2026-08-01T13:50:54Z	pull_request	feat/recorded-qa-followup	cancelled	Security	success	38
30702551874	2026-08-01T13:50:54Z	pull_request	feat/recorded-qa-followup	cancelled	JSDoc Ratchet	success	279
30702551874	2026-08-01T13:50:54Z	pull_request	feat/recorded-qa-followup	cancelled	SAST	success	90
30702551874	2026-08-01T13:50:54Z	pull_request	feat/recorded-qa-followup	cancelled	Nix Shell	success	68
30702551874	2026-08-01T13:50:54Z	pull_request	feat/recorded-qa-followup	cancelled	Lint	cancelled	363
30702551874	2026-08-01T13:50:54Z	pull_request	feat/recorded-qa-followup	cancelled	Lint Policy	cancelled	357
30702551874	2026-08-01T13:50:54Z	pull_request	feat/recorded-qa-followup	cancelled	Coverage Regression	failure	161
30702551874	2026-08-01T13:50:54Z	pull_request	feat/recorded-qa-followup	cancelled	Check	cancelled	359
30702551874	2026-08-01T13:50:54Z	pull_request	feat/recorded-qa-followup	cancelled	Repo Sanity	success	92
30702551874	2026-08-01T13:50:54Z	pull_request	feat/recorded-qa-followup	cancelled	Test Unit	success	107
30702551874	2026-08-01T13:50:54Z	pull_request	feat/recorded-qa-followup	cancelled	Test Integration	success	167
30702551874	2026-08-01T13:50:54Z	pull_request	feat/recorded-qa-followup	cancelled	Docgen	cancelled	356
30702551874	2026-08-01T13:50:54Z	pull_request	feat/recorded-qa-followup	cancelled	Build	skipped	0
30702024617	2026-08-01T13:35:11Z	pull_request	feat/identity-iri-fold	failure	Knip	success	64
30702024617	2026-08-01T13:35:11Z	pull_request	feat/identity-iri-fold	failure	Coverage Regression	failure	396
30702024617	2026-08-01T13:35:11Z	pull_request	feat/identity-iri-fold	failure	Professional Desktop IPC Stdio	success	98
30702024617	2026-08-01T13:35:11Z	pull_request	feat/identity-iri-fold	failure	Test Unit	success	645
30702024617	2026-08-01T13:35:11Z	pull_request	feat/identity-iri-fold	failure	PR Size Label	success	7
30702024617	2026-08-01T13:35:11Z	pull_request	feat/identity-iri-fold	failure	Lint Policy	success	569
30702024617	2026-08-01T13:35:11Z	pull_request	feat/identity-iri-fold	failure	Security	success	50
30702024617	2026-08-01T13:35:11Z	pull_request	feat/identity-iri-fold	failure	Secret Scanning	success	38
30702024617	2026-08-01T13:35:11Z	pull_request	feat/identity-iri-fold	failure	Test Integration	success	296
30702024617	2026-08-01T13:35:11Z	pull_request	feat/identity-iri-fold	failure	Build	skipped	
30702024617	2026-08-01T13:35:11Z	pull_request	feat/identity-iri-fold	failure	Docgen	success	509
30702024617	2026-08-01T13:35:11Z	pull_request	feat/identity-iri-fold	failure	JSDoc Ratchet	success	290
30702024617	2026-08-01T13:35:11Z	pull_request	feat/identity-iri-fold	failure	Property Laws	success	566
30702024617	2026-08-01T13:35:11Z	pull_request	feat/identity-iri-fold	failure	SAST	success	81
30702024617	2026-08-01T13:35:11Z	pull_request	feat/identity-iri-fold	failure	Nix Shell	success	68
30702024617	2026-08-01T13:35:11Z	pull_request	feat/identity-iri-fold	failure	Check	success	492
30702024617	2026-08-01T13:35:11Z	pull_request	feat/identity-iri-fold	failure	Commitlint	success	73
30702024617	2026-08-01T13:35:11Z	pull_request	feat/identity-iri-fold	failure	Codegen Drift	success	81
30702024617	2026-08-01T13:35:11Z	pull_request	feat/identity-iri-fold	failure	Repo Sanity	success	89
30702024617	2026-08-01T13:35:11Z	pull_request	feat/identity-iri-fold	failure	Fallow Advisory Envelopes	success	85
30702024617	2026-08-01T13:35:11Z	pull_request	feat/identity-iri-fold	failure	Lint	success	616
30701605439	2026-08-01T13:22:49Z	pull_request	@chore/7-30-26	failure	Property Laws	success	542
30701605439	2026-08-01T13:22:49Z	pull_request	@chore/7-30-26	failure	Lint	success	643
30701605439	2026-08-01T13:22:49Z	pull_request	@chore/7-30-26	failure	Fallow Advisory Envelopes	success	84
30701605439	2026-08-01T13:22:49Z	pull_request	@chore/7-30-26	failure	Docgen	cancelled	1216
30701605439	2026-08-01T13:22:49Z	pull_request	@chore/7-30-26	failure	Security	success	43
30701605439	2026-08-01T13:22:49Z	pull_request	@chore/7-30-26	failure	PR Size Label	success	8
30701605439	2026-08-01T13:22:49Z	pull_request	@chore/7-30-26	failure	SAST	success	78
30701605439	2026-08-01T13:22:49Z	pull_request	@chore/7-30-26	failure	Commitlint	success	67
30701605439	2026-08-01T13:22:49Z	pull_request	@chore/7-30-26	failure	JSDoc Ratchet	success	279
30701605439	2026-08-01T13:22:49Z	pull_request	@chore/7-30-26	failure	Secret Scanning	success	34
30701605439	2026-08-01T13:22:49Z	pull_request	@chore/7-30-26	failure	Nix Shell	success	72
30701605439	2026-08-01T13:22:49Z	pull_request	@chore/7-30-26	failure	Check	cancelled	1500
30701605439	2026-08-01T13:22:49Z	pull_request	@chore/7-30-26	failure	Professional Desktop IPC Stdio	success	55
30701605439	2026-08-01T13:22:49Z	pull_request	@chore/7-30-26	failure	Knip	success	69
30701605439	2026-08-01T13:22:49Z	pull_request	@chore/7-30-26	failure	Lint Policy	failure	721
30701605439	2026-08-01T13:22:49Z	pull_request	@chore/7-30-26	failure	Coverage Regression	success	828
30701605439	2026-08-01T13:22:49Z	pull_request	@chore/7-30-26	failure	Repo Sanity	success	90
30701605439	2026-08-01T13:22:49Z	pull_request	@chore/7-30-26	failure	Codegen Drift	success	73
30701605439	2026-08-01T13:22:49Z	pull_request	@chore/7-30-26	failure	Test Unit	success	641
30701605439	2026-08-01T13:22:49Z	pull_request	@chore/7-30-26	failure	Test Integration	success	328
30701605439	2026-08-01T13:22:49Z	pull_request	@chore/7-30-26	failure	Build	skipped	
30700981099	2026-08-01T13:04:34Z	pull_request	codex/document-modeling-hardening	failure	JSDoc Ratchet	success	282
30700981099	2026-08-01T13:04:34Z	pull_request	codex/document-modeling-hardening	failure	Codegen Drift	success	80
30700981099	2026-08-01T13:04:34Z	pull_request	codex/document-modeling-hardening	failure	Lint Policy	failure	720
30700981099	2026-08-01T13:04:34Z	pull_request	codex/document-modeling-hardening	failure	PR Size Label	success	7
30700981099	2026-08-01T13:04:34Z	pull_request	codex/document-modeling-hardening	failure	Repo Sanity	success	85
30700981099	2026-08-01T13:04:34Z	pull_request	codex/document-modeling-hardening	failure	Knip	success	77
30700981099	2026-08-01T13:04:34Z	pull_request	codex/document-modeling-hardening	failure	Lint	success	657
30700981099	2026-08-01T13:04:34Z	pull_request	codex/document-modeling-hardening	failure	Test Integration	success	303
30700981099	2026-08-01T13:04:34Z	pull_request	codex/document-modeling-hardening	failure	Secret Scanning	success	33
30700981099	2026-08-01T13:04:34Z	pull_request	codex/document-modeling-hardening	failure	Check	failure	901
30700981099	2026-08-01T13:04:34Z	pull_request	codex/document-modeling-hardening	failure	Coverage Regression	success	811
30700981099	2026-08-01T13:04:34Z	pull_request	codex/document-modeling-hardening	failure	Commitlint	success	73
30700981099	2026-08-01T13:04:34Z	pull_request	codex/document-modeling-hardening	failure	Test Unit	success	667
30700981099	2026-08-01T13:04:34Z	pull_request	codex/document-modeling-hardening	failure	SAST	success	94
30700981099	2026-08-01T13:04:34Z	pull_request	codex/document-modeling-hardening	failure	Property Laws	failure	467
30700981099	2026-08-01T13:04:34Z	pull_request	codex/document-modeling-hardening	failure	Docgen	success	563
30700981099	2026-08-01T13:04:34Z	pull_request	codex/document-modeling-hardening	failure	Fallow Advisory Envelopes	success	93
30700981099	2026-08-01T13:04:34Z	pull_request	codex/document-modeling-hardening	failure	Nix Shell	success	70
30700981099	2026-08-01T13:04:34Z	pull_request	codex/document-modeling-hardening	failure	Professional Desktop IPC Stdio	success	57
30700981099	2026-08-01T13:04:34Z	pull_request	codex/document-modeling-hardening	failure	Security	success	40
30700981099	2026-08-01T13:04:34Z	pull_request	codex/document-modeling-hardening	failure	Build	skipped	
30700507247	2026-08-01T12:50:21Z	pull_request	feat/contradiction-source-highlight-pr	failure	Fallow Advisory Envelopes	success	83
30700507247	2026-08-01T12:50:21Z	pull_request	feat/contradiction-source-highlight-pr	failure	PR Size Label	success	7
30700507247	2026-08-01T12:50:21Z	pull_request	feat/contradiction-source-highlight-pr	failure	Professional Desktop IPC Stdio	success	57
30700507247	2026-08-01T12:50:21Z	pull_request	feat/contradiction-source-highlight-pr	failure	Test Unit	success	665
30700507247	2026-08-01T12:50:21Z	pull_request	feat/contradiction-source-highlight-pr	failure	Property Laws	success	559
30700507247	2026-08-01T12:50:21Z	pull_request	feat/contradiction-source-highlight-pr	failure	JSDoc Ratchet	success	277
30700507247	2026-08-01T12:50:21Z	pull_request	feat/contradiction-source-highlight-pr	failure	Nix Shell	success	68
30700507247	2026-08-01T12:50:21Z	pull_request	feat/contradiction-source-highlight-pr	failure	SAST	success	79
30700507247	2026-08-01T12:50:21Z	pull_request	feat/contradiction-source-highlight-pr	failure	Knip	success	69
30700507247	2026-08-01T12:50:21Z	pull_request	feat/contradiction-source-highlight-pr	failure	Security	success	40
30700507247	2026-08-01T12:50:21Z	pull_request	feat/contradiction-source-highlight-pr	failure	Commitlint	success	74
30700507247	2026-08-01T12:50:21Z	pull_request	feat/contradiction-source-highlight-pr	failure	Secret Scanning	success	34
30700507247	2026-08-01T12:50:21Z	pull_request	feat/contradiction-source-highlight-pr	failure	Check	failure	962
30700507247	2026-08-01T12:50:21Z	pull_request	feat/contradiction-source-highlight-pr	failure	Coverage Regression	failure	1201
30700507247	2026-08-01T12:50:21Z	pull_request	feat/contradiction-source-highlight-pr	failure	Docgen	success	522
30700507247	2026-08-01T12:50:21Z	pull_request	feat/contradiction-source-highlight-pr	failure	Codegen Drift	success	73
30700507247	2026-08-01T12:50:21Z	pull_request	feat/contradiction-source-highlight-pr	failure	Lint Policy	success	678
30700507247	2026-08-01T12:50:21Z	pull_request	feat/contradiction-source-highlight-pr	failure	Repo Sanity	success	88
30700507247	2026-08-01T12:50:21Z	pull_request	feat/contradiction-source-highlight-pr	failure	Test Integration	failure	901
30700507247	2026-08-01T12:50:21Z	pull_request	feat/contradiction-source-highlight-pr	failure	Lint	success	684
30700507247	2026-08-01T12:50:21Z	pull_request	feat/contradiction-source-highlight-pr	failure	Build	skipped	0
30698089615	2026-08-01T11:38:22Z	pull_request	claude/wizardly-keller-53796c	success	PR Size Label	success	7
30698089615	2026-08-01T11:38:22Z	pull_request	claude/wizardly-keller-53796c	success	SAST	success	76
30698089615	2026-08-01T11:38:22Z	pull_request	claude/wizardly-keller-53796c	success	Security	success	86
30698089615	2026-08-01T11:38:22Z	pull_request	claude/wizardly-keller-53796c	success	Commitlint	success	76
30698089615	2026-08-01T11:38:22Z	pull_request	claude/wizardly-keller-53796c	success	Fallow Advisory Envelopes	success	83
30698089615	2026-08-01T11:38:22Z	pull_request	claude/wizardly-keller-53796c	success	JSDoc Ratchet	success	288
30698089615	2026-08-01T11:38:22Z	pull_request	claude/wizardly-keller-53796c	success	Secret Scanning	success	31
30698089615	2026-08-01T11:38:22Z	pull_request	claude/wizardly-keller-53796c	success	Knip	success	69
30698089615	2026-08-01T11:38:22Z	pull_request	claude/wizardly-keller-53796c	success	Nix Shell	success	73
30698089615	2026-08-01T11:38:22Z	pull_request	claude/wizardly-keller-53796c	success	Lint	success	181
30698089615	2026-08-01T11:38:22Z	pull_request	claude/wizardly-keller-53796c	success	Lint Policy	success	572
30698089615	2026-08-01T11:38:22Z	pull_request	claude/wizardly-keller-53796c	success	Professional Desktop IPC Stdio	success	10
30698089615	2026-08-01T11:38:22Z	pull_request	claude/wizardly-keller-53796c	success	Property Laws	success	168
30698089615	2026-08-01T11:38:22Z	pull_request	claude/wizardly-keller-53796c	success	Test Integration	success	89
30698089615	2026-08-01T11:38:22Z	pull_request	claude/wizardly-keller-53796c	success	Codegen Drift	success	77
30698089615	2026-08-01T11:38:22Z	pull_request	claude/wizardly-keller-53796c	success	Check	success	333
30698089615	2026-08-01T11:38:22Z	pull_request	claude/wizardly-keller-53796c	success	Test Unit	success	201
30698089615	2026-08-01T11:38:22Z	pull_request	claude/wizardly-keller-53796c	success	Repo Sanity	success	93
30698089615	2026-08-01T11:38:22Z	pull_request	claude/wizardly-keller-53796c	success	Coverage Regression	success	334
30698089615	2026-08-01T11:38:22Z	pull_request	claude/wizardly-keller-53796c	success	Docgen	success	194
30698089615	2026-08-01T11:38:22Z	pull_request	claude/wizardly-keller-53796c	success	Build	skipped	0
30697551237	2026-08-01T11:22:16Z	pull_request	codex/document-modeling-hardening	failure	Property Laws	failure	478
30697551237	2026-08-01T11:22:16Z	pull_request	codex/document-modeling-hardening	failure	Secret Scanning	success	37
30697551237	2026-08-01T11:22:16Z	pull_request	codex/document-modeling-hardening	failure	Commitlint	success	112
30697551237	2026-08-01T11:22:16Z	pull_request	codex/document-modeling-hardening	failure	Professional Desktop IPC Stdio	success	66
30697551237	2026-08-01T11:22:16Z	pull_request	codex/document-modeling-hardening	failure	PR Size Label	success	8
30697551237	2026-08-01T11:22:16Z	pull_request	codex/document-modeling-hardening	failure	Fallow Advisory Envelopes	success	106
30697551237	2026-08-01T11:22:16Z	pull_request	codex/document-modeling-hardening	failure	Knip	success	76
30697551237	2026-08-01T11:22:16Z	pull_request	codex/document-modeling-hardening	failure	Nix Shell	success	110
30697551237	2026-08-01T11:22:16Z	pull_request	codex/document-modeling-hardening	failure	JSDoc Ratchet	success	379
30697551237	2026-08-01T11:22:16Z	pull_request	codex/document-modeling-hardening	failure	Security	success	60
30697551237	2026-08-01T11:22:16Z	pull_request	codex/document-modeling-hardening	failure	SAST	success	166
30697551237	2026-08-01T11:22:16Z	pull_request	codex/document-modeling-hardening	failure	Test Integration	success	365
30697551237	2026-08-01T11:22:16Z	pull_request	codex/document-modeling-hardening	failure	Repo Sanity	success	117
30697551237	2026-08-01T11:22:16Z	pull_request	codex/document-modeling-hardening	failure	Codegen Drift	success	124
30697551237	2026-08-01T11:22:16Z	pull_request	codex/document-modeling-hardening	failure	Lint	success	1023
30697551237	2026-08-01T11:22:16Z	pull_request	codex/document-modeling-hardening	failure	Check	success	1014
30697551237	2026-08-01T11:22:16Z	pull_request	codex/document-modeling-hardening	failure	Docgen	success	733
30697551237	2026-08-01T11:22:16Z	pull_request	codex/document-modeling-hardening	failure	Lint Policy	success	828
30697551237	2026-08-01T11:22:16Z	pull_request	codex/document-modeling-hardening	failure	Test Unit	failure	545
30697551237	2026-08-01T11:22:16Z	pull_request	codex/document-modeling-hardening	failure	Coverage Regression	failure	1012
30697551237	2026-08-01T11:22:16Z	pull_request	codex/document-modeling-hardening	failure	Build	skipped	0
30696961452	2026-08-01T11:04:13Z	pull_request	feat/contradiction-source-highlight-pr	failure	Professional Desktop IPC Stdio	success	62
30696961452	2026-08-01T11:04:13Z	pull_request	feat/contradiction-source-highlight-pr	failure	Nix Shell	success	86
30696961452	2026-08-01T11:04:13Z	pull_request	feat/contradiction-source-highlight-pr	failure	Knip	success	82
30696961452	2026-08-01T11:04:13Z	pull_request	feat/contradiction-source-highlight-pr	failure	JSDoc Ratchet	success	381
30696961452	2026-08-01T11:04:13Z	pull_request	feat/contradiction-source-highlight-pr	failure	SAST	success	100
30696961452	2026-08-01T11:04:13Z	pull_request	feat/contradiction-source-highlight-pr	failure	Repo Sanity	success	119
30696961452	2026-08-01T11:04:13Z	pull_request	feat/contradiction-source-highlight-pr	failure	Lint	success	808
30696961452	2026-08-01T11:04:13Z	pull_request	feat/contradiction-source-highlight-pr	failure	Commitlint	success	82
30696961452	2026-08-01T11:04:13Z	pull_request	feat/contradiction-source-highlight-pr	failure	Coverage Regression	failure	1683
30696961452	2026-08-01T11:04:13Z	pull_request	feat/contradiction-source-highlight-pr	failure	Check	failure	1081
30696961452	2026-08-01T11:04:13Z	pull_request	feat/contradiction-source-highlight-pr	failure	Lint Policy	failure	781
30696961452	2026-08-01T11:04:13Z	pull_request	feat/contradiction-source-highlight-pr	failure	Test Unit	success	1048
30696961452	2026-08-01T11:04:13Z	pull_request	feat/contradiction-source-highlight-pr	failure	Test Integration	failure	1021
30696961452	2026-08-01T11:04:13Z	pull_request	feat/contradiction-source-highlight-pr	failure	Codegen Drift	success	84
30696961452	2026-08-01T11:04:13Z	pull_request	feat/contradiction-source-highlight-pr	failure	Security	success	62
30696961452	2026-08-01T11:04:13Z	pull_request	feat/contradiction-source-highlight-pr	failure	Fallow Advisory Envelopes	success	123
30696961452	2026-08-01T11:04:13Z	pull_request	feat/contradiction-source-highlight-pr	failure	Property Laws	success	1042
30696961452	2026-08-01T11:04:13Z	pull_request	feat/contradiction-source-highlight-pr	failure	Secret Scanning	success	49
30696961452	2026-08-01T11:04:13Z	pull_request	feat/contradiction-source-highlight-pr	failure	Docgen	success	1086
30696961452	2026-08-01T11:04:13Z	pull_request	feat/contradiction-source-highlight-pr	failure	PR Size Label	success	7
30696961452	2026-08-01T11:04:13Z	pull_request	feat/contradiction-source-highlight-pr	failure	Build	skipped	0
30695351732	2026-08-01T10:15:20Z	pull_request	feat/identity-iri-fold	failure	Professional Desktop IPC Stdio	success	78
30695351732	2026-08-01T10:15:20Z	pull_request	feat/identity-iri-fold	failure	Property Laws	failure	747
30695351732	2026-08-01T10:15:20Z	pull_request	feat/identity-iri-fold	failure	Secret Scanning	success	38
30695351732	2026-08-01T10:15:20Z	pull_request	feat/identity-iri-fold	failure	Commitlint	failure	85
30695351732	2026-08-01T10:15:20Z	pull_request	feat/identity-iri-fold	failure	Knip	success	74
30695351732	2026-08-01T10:15:20Z	pull_request	feat/identity-iri-fold	failure	PR Size Label	success	6
30695351732	2026-08-01T10:15:20Z	pull_request	feat/identity-iri-fold	failure	Fallow Advisory Envelopes	success	125
30695351732	2026-08-01T10:15:20Z	pull_request	feat/identity-iri-fold	failure	JSDoc Ratchet	success	430
30695351732	2026-08-01T10:15:20Z	pull_request	feat/identity-iri-fold	failure	Nix Shell	success	89
30695351732	2026-08-01T10:15:20Z	pull_request	feat/identity-iri-fold	failure	Security	success	55
30695351732	2026-08-01T10:15:20Z	pull_request	feat/identity-iri-fold	failure	SAST	success	143
30695351732	2026-08-01T10:15:20Z	pull_request	feat/identity-iri-fold	failure	Test Integration	success	325
30695351732	2026-08-01T10:15:20Z	pull_request	feat/identity-iri-fold	failure	Coverage Regression	failure	1006
30695351732	2026-08-01T10:15:20Z	pull_request	feat/identity-iri-fold	failure	Codegen Drift	success	100
30695351732	2026-08-01T10:15:20Z	pull_request	feat/identity-iri-fold	failure	Check	success	1156
30695351732	2026-08-01T10:15:20Z	pull_request	feat/identity-iri-fold	failure	Test Unit	failure	848
30695351732	2026-08-01T10:15:20Z	pull_request	feat/identity-iri-fold	failure	Lint	success	1268
30695351732	2026-08-01T10:15:20Z	pull_request	feat/identity-iri-fold	failure	Repo Sanity	success	120
30695351732	2026-08-01T10:15:20Z	pull_request	feat/identity-iri-fold	failure	Docgen	success	1085
30695351732	2026-08-01T10:15:20Z	pull_request	feat/identity-iri-fold	failure	Lint Policy	success	767
30695351732	2026-08-01T10:15:20Z	pull_request	feat/identity-iri-fold	failure	Build	skipped	0
30695030869	2026-08-01T10:05:39Z	pull_request	knowledge-surface-p2-grill-decisions	success	PR Size Label	success	7
30695030869	2026-08-01T10:05:39Z	pull_request	knowledge-surface-p2-grill-decisions	success	Security	success	42
30695030869	2026-08-01T10:05:39Z	pull_request	knowledge-surface-p2-grill-decisions	success	Fallow Advisory Envelopes	success	107
30695030869	2026-08-01T10:05:39Z	pull_request	knowledge-surface-p2-grill-decisions	success	Codegen Drift	success	90
30695030869	2026-08-01T10:05:39Z	pull_request	knowledge-surface-p2-grill-decisions	success	Property Laws	success	62
30695030869	2026-08-01T10:05:39Z	pull_request	knowledge-surface-p2-grill-decisions	success	Secret Scanning	success	36
30695030869	2026-08-01T10:05:39Z	pull_request	knowledge-surface-p2-grill-decisions	success	Commitlint	success	97
30695030869	2026-08-01T10:05:39Z	pull_request	knowledge-surface-p2-grill-decisions	success	JSDoc Ratchet	success	371
30695030869	2026-08-01T10:05:39Z	pull_request	knowledge-surface-p2-grill-decisions	success	Nix Shell	success	108
30695030869	2026-08-01T10:05:39Z	pull_request	knowledge-surface-p2-grill-decisions	success	SAST	success	103
30695030869	2026-08-01T10:05:39Z	pull_request	knowledge-surface-p2-grill-decisions	success	Docgen	success	109
30695030869	2026-08-01T10:05:39Z	pull_request	knowledge-surface-p2-grill-decisions	success	Knip	success	95
30695030869	2026-08-01T10:05:39Z	pull_request	knowledge-surface-p2-grill-decisions	success	Test Unit	success	85
30695030869	2026-08-01T10:05:39Z	pull_request	knowledge-surface-p2-grill-decisions	success	Professional Desktop IPC Stdio	success	13
30695030869	2026-08-01T10:05:39Z	pull_request	knowledge-surface-p2-grill-decisions	success	Check	success	414
30695030869	2026-08-01T10:05:39Z	pull_request	knowledge-surface-p2-grill-decisions	success	Repo Sanity	success	118
30695030869	2026-08-01T10:05:39Z	pull_request	knowledge-surface-p2-grill-decisions	success	Test Integration	success	100
30695030869	2026-08-01T10:05:39Z	pull_request	knowledge-surface-p2-grill-decisions	success	Lint Policy	success	911
30695030869	2026-08-01T10:05:39Z	pull_request	knowledge-surface-p2-grill-decisions	success	Lint	success	109
30695030869	2026-08-01T10:05:39Z	pull_request	knowledge-surface-p2-grill-decisions	success	Coverage Regression	success	98
30695030869	2026-08-01T10:05:39Z	pull_request	knowledge-surface-p2-grill-decisions	success	Build	skipped	
30694992057	2026-08-01T10:04:32Z	pull_request	feat/contradiction-source-highlight-pr	failure	Fallow Advisory Envelopes	success	117
30694992057	2026-08-01T10:04:32Z	pull_request	feat/contradiction-source-highlight-pr	failure	Lint Policy	success	899
30694992057	2026-08-01T10:04:32Z	pull_request	feat/contradiction-source-highlight-pr	failure	Docgen	success	810
30694992057	2026-08-01T10:04:32Z	pull_request	feat/contradiction-source-highlight-pr	failure	Lint	success	840
30694992057	2026-08-01T10:04:32Z	pull_request	feat/contradiction-source-highlight-pr	failure	Test Integration	failure	961
30694992057	2026-08-01T10:04:32Z	pull_request	feat/contradiction-source-highlight-pr	failure	Test Unit	success	841
30694992057	2026-08-01T10:04:32Z	pull_request	feat/contradiction-source-highlight-pr	failure	Codegen Drift	success	83
30694992057	2026-08-01T10:04:32Z	pull_request	feat/contradiction-source-highlight-pr	failure	Coverage Regression	failure	1742
30694992057	2026-08-01T10:04:32Z	pull_request	feat/contradiction-source-highlight-pr	failure	Check	failure	1083
30694992057	2026-08-01T10:04:32Z	pull_request	feat/contradiction-source-highlight-pr	failure	Nix Shell	success	78
30694992057	2026-08-01T10:04:32Z	pull_request	feat/contradiction-source-highlight-pr	failure	Secret Scanning	success	35
30694992057	2026-08-01T10:04:32Z	pull_request	feat/contradiction-source-highlight-pr	failure	PR Size Label	success	7
30694992057	2026-08-01T10:04:32Z	pull_request	feat/contradiction-source-highlight-pr	failure	JSDoc Ratchet	success	372
30694992057	2026-08-01T10:04:32Z	pull_request	feat/contradiction-source-highlight-pr	failure	Knip	success	103
30694992057	2026-08-01T10:04:32Z	pull_request	feat/contradiction-source-highlight-pr	failure	Commitlint	success	99
30694992057	2026-08-01T10:04:32Z	pull_request	feat/contradiction-source-highlight-pr	failure	Professional Desktop IPC Stdio	success	92
30694992057	2026-08-01T10:04:32Z	pull_request	feat/contradiction-source-highlight-pr	failure	Property Laws	success	806
30694992057	2026-08-01T10:04:32Z	pull_request	feat/contradiction-source-highlight-pr	failure	Security	success	50
30694992057	2026-08-01T10:04:32Z	pull_request	feat/contradiction-source-highlight-pr	failure	Repo Sanity	success	115
30694992057	2026-08-01T10:04:32Z	pull_request	feat/contradiction-source-highlight-pr	failure	SAST	success	96
30694992057	2026-08-01T10:04:32Z	pull_request	feat/contradiction-source-highlight-pr	failure	Build	skipped	0
30694634305	2026-08-01T09:53:38Z	pull_request	docs/legal-patent-kg-deepening-seed	success	Professional Desktop IPC Stdio	success	11
30694634305	2026-08-01T09:53:38Z	pull_request	docs/legal-patent-kg-deepening-seed	success	Property Laws	success	69
30694634305	2026-08-01T09:53:38Z	pull_request	docs/legal-patent-kg-deepening-seed	success	Fallow Advisory Envelopes	success	105
30694634305	2026-08-01T09:53:38Z	pull_request	docs/legal-patent-kg-deepening-seed	success	PR Size Label	success	7
30694634305	2026-08-01T09:53:38Z	pull_request	docs/legal-patent-kg-deepening-seed	success	JSDoc Ratchet	success	349
30694634305	2026-08-01T09:53:38Z	pull_request	docs/legal-patent-kg-deepening-seed	success	Knip	success	82
30694634305	2026-08-01T09:53:38Z	pull_request	docs/legal-patent-kg-deepening-seed	success	Secret Scanning	success	36
30694634305	2026-08-01T09:53:38Z	pull_request	docs/legal-patent-kg-deepening-seed	success	Commitlint	success	76
30694634305	2026-08-01T09:53:38Z	pull_request	docs/legal-patent-kg-deepening-seed	success	SAST	success	75
30694634305	2026-08-01T09:53:38Z	pull_request	docs/legal-patent-kg-deepening-seed	success	Security	success	42
30694634305	2026-08-01T09:53:38Z	pull_request	docs/legal-patent-kg-deepening-seed	success	Nix Shell	success	103
30694634305	2026-08-01T09:53:38Z	pull_request	docs/legal-patent-kg-deepening-seed	success	Docgen	success	101
30694634305	2026-08-01T09:53:38Z	pull_request	docs/legal-patent-kg-deepening-seed	success	Test Unit	success	93
30694634305	2026-08-01T09:53:38Z	pull_request	docs/legal-patent-kg-deepening-seed	success	Check	success	496
30694634305	2026-08-01T09:53:38Z	pull_request	docs/legal-patent-kg-deepening-seed	success	Lint	success	108
30694634305	2026-08-01T09:53:38Z	pull_request	docs/legal-patent-kg-deepening-seed	success	Coverage Regression	success	95
30694634305	2026-08-01T09:53:38Z	pull_request	docs/legal-patent-kg-deepening-seed	success	Repo Sanity	success	136
30694634305	2026-08-01T09:53:38Z	pull_request	docs/legal-patent-kg-deepening-seed	success	Test Integration	success	107
30694634305	2026-08-01T09:53:38Z	pull_request	docs/legal-patent-kg-deepening-seed	success	Lint Policy	success	713
30694634305	2026-08-01T09:53:38Z	pull_request	docs/legal-patent-kg-deepening-seed	success	Codegen Drift	success	101
30694634305	2026-08-01T09:53:38Z	pull_request	docs/legal-patent-kg-deepening-seed	success	Build	skipped	0
30693709752	2026-08-01T09:25:21Z	pull_request	knowledge-surface-p2-grill-decisions	success	PR Size Label	success	7
30693709752	2026-08-01T09:25:21Z	pull_request	knowledge-surface-p2-grill-decisions	success	Property Laws	success	75
30693709752	2026-08-01T09:25:21Z	pull_request	knowledge-surface-p2-grill-decisions	success	Repo Sanity	success	121
30693709752	2026-08-01T09:25:21Z	pull_request	knowledge-surface-p2-grill-decisions	success	Professional Desktop IPC Stdio	success	13
30693709752	2026-08-01T09:25:21Z	pull_request	knowledge-surface-p2-grill-decisions	success	Fallow Advisory Envelopes	success	122
30693709752	2026-08-01T09:25:21Z	pull_request	knowledge-surface-p2-grill-decisions	success	Knip	success	101
30693709752	2026-08-01T09:25:21Z	pull_request	knowledge-surface-p2-grill-decisions	success	Check	success	447
30693709752	2026-08-01T09:25:21Z	pull_request	knowledge-surface-p2-grill-decisions	success	Docgen	success	105
30693709752	2026-08-01T09:25:21Z	pull_request	knowledge-surface-p2-grill-decisions	success	Coverage Regression	success	102
30693709752	2026-08-01T09:25:21Z	pull_request	knowledge-surface-p2-grill-decisions	success	Test Unit	success	103
30693709752	2026-08-01T09:25:21Z	pull_request	knowledge-surface-p2-grill-decisions	success	Codegen Drift	success	92
30693709752	2026-08-01T09:25:21Z	pull_request	knowledge-surface-p2-grill-decisions	success	JSDoc Ratchet	success	337
30693709752	2026-08-01T09:25:21Z	pull_request	knowledge-surface-p2-grill-decisions	success	Security	success	55
30693709752	2026-08-01T09:25:21Z	pull_request	knowledge-surface-p2-grill-decisions	success	SAST	success	88
30693709752	2026-08-01T09:25:21Z	pull_request	knowledge-surface-p2-grill-decisions	success	Lint	success	113
30693709752	2026-08-01T09:25:21Z	pull_request	knowledge-surface-p2-grill-decisions	success	Secret Scanning	success	38
30693709752	2026-08-01T09:25:21Z	pull_request	knowledge-surface-p2-grill-decisions	success	Commitlint	success	91
30693709752	2026-08-01T09:25:21Z	pull_request	knowledge-surface-p2-grill-decisions	success	Nix Shell	success	148
30693709752	2026-08-01T09:25:21Z	pull_request	knowledge-surface-p2-grill-decisions	success	Test Integration	success	96
30693709752	2026-08-01T09:25:21Z	pull_request	knowledge-surface-p2-grill-decisions	success	Lint Policy	success	988
30693709752	2026-08-01T09:25:21Z	pull_request	knowledge-surface-p2-grill-decisions	success	Build	skipped	0
30693566948	2026-08-01T09:20:47Z	pull_request	docs/legal-patent-kg-deepening-seed	success	JSDoc Ratchet	success	330
30693566948	2026-08-01T09:20:47Z	pull_request	docs/legal-patent-kg-deepening-seed	success	PR Size Label	success	8
30693566948	2026-08-01T09:20:47Z	pull_request	docs/legal-patent-kg-deepening-seed	success	Property Laws	success	66
30693566948	2026-08-01T09:20:47Z	pull_request	docs/legal-patent-kg-deepening-seed	success	Commitlint	success	87
30693566948	2026-08-01T09:20:47Z	pull_request	docs/legal-patent-kg-deepening-seed	success	Fallow Advisory Envelopes	success	101
30693566948	2026-08-01T09:20:47Z	pull_request	docs/legal-patent-kg-deepening-seed	success	Professional Desktop IPC Stdio	success	13
30693566948	2026-08-01T09:20:47Z	pull_request	docs/legal-patent-kg-deepening-seed	success	SAST	success	142
30693566948	2026-08-01T09:20:47Z	pull_request	docs/legal-patent-kg-deepening-seed	success	Nix Shell	success	89
30693566948	2026-08-01T09:20:47Z	pull_request	docs/legal-patent-kg-deepening-seed	success	Security	success	44
30693566948	2026-08-01T09:20:47Z	pull_request	docs/legal-patent-kg-deepening-seed	success	Secret Scanning	success	45
30693566948	2026-08-01T09:20:47Z	pull_request	docs/legal-patent-kg-deepening-seed	success	Knip	success	76
30693566948	2026-08-01T09:20:47Z	pull_request	docs/legal-patent-kg-deepening-seed	success	Repo Sanity	success	114
30693566948	2026-08-01T09:20:47Z	pull_request	docs/legal-patent-kg-deepening-seed	success	Lint Policy	success	883
30693566948	2026-08-01T09:20:47Z	pull_request	docs/legal-patent-kg-deepening-seed	success	Lint	success	83
30693566948	2026-08-01T09:20:47Z	pull_request	docs/legal-patent-kg-deepening-seed	success	Check	success	430
30693566948	2026-08-01T09:20:47Z	pull_request	docs/legal-patent-kg-deepening-seed	success	Codegen Drift	success	76
30693566948	2026-08-01T09:20:47Z	pull_request	docs/legal-patent-kg-deepening-seed	success	Test Unit	success	88
30693566948	2026-08-01T09:20:47Z	pull_request	docs/legal-patent-kg-deepening-seed	success	Coverage Regression	success	101
30693566948	2026-08-01T09:20:47Z	pull_request	docs/legal-patent-kg-deepening-seed	success	Test Integration	success	107
30693566948	2026-08-01T09:20:47Z	pull_request	docs/legal-patent-kg-deepening-seed	success	Docgen	success	140
30693566948	2026-08-01T09:20:47Z	pull_request	docs/legal-patent-kg-deepening-seed	success	Build	skipped	0
30693438458	2026-08-01T09:16:55Z	pull_request	docs/p1-hook-semantics-spike	success	JSDoc Ratchet	success	383
30693438458	2026-08-01T09:16:55Z	pull_request	docs/p1-hook-semantics-spike	success	Security	success	55
30693438458	2026-08-01T09:16:55Z	pull_request	docs/p1-hook-semantics-spike	success	Fallow Advisory Envelopes	success	132
30693438458	2026-08-01T09:16:55Z	pull_request	docs/p1-hook-semantics-spike	success	Knip	success	118
30693438458	2026-08-01T09:16:55Z	pull_request	docs/p1-hook-semantics-spike	success	Commitlint	success	76
30693438458	2026-08-01T09:16:55Z	pull_request	docs/p1-hook-semantics-spike	success	Professional Desktop IPC Stdio	success	12
30693438458	2026-08-01T09:16:55Z	pull_request	docs/p1-hook-semantics-spike	success	Lint Policy	success	706
30693438458	2026-08-01T09:16:55Z	pull_request	docs/p1-hook-semantics-spike	success	Nix Shell	success	77
30693438458	2026-08-01T09:16:55Z	pull_request	docs/p1-hook-semantics-spike	success	SAST	success	90
30693438458	2026-08-01T09:16:55Z	pull_request	docs/p1-hook-semantics-spike	success	PR Size Label	success	6
30693438458	2026-08-01T09:16:55Z	pull_request	docs/p1-hook-semantics-spike	success	Property Laws	success	79
30693438458	2026-08-01T09:16:55Z	pull_request	docs/p1-hook-semantics-spike	success	Secret Scanning	success	41
30693438458	2026-08-01T09:16:55Z	pull_request	docs/p1-hook-semantics-spike	success	Codegen Drift	success	75
30693438458	2026-08-01T09:16:55Z	pull_request	docs/p1-hook-semantics-spike	success	Check	success	541
30693438458	2026-08-01T09:16:55Z	pull_request	docs/p1-hook-semantics-spike	success	Test Unit	success	85
30693438458	2026-08-01T09:16:55Z	pull_request	docs/p1-hook-semantics-spike	success	Coverage Regression	success	91
30693438458	2026-08-01T09:16:55Z	pull_request	docs/p1-hook-semantics-spike	success	Test Integration	success	83
30693438458	2026-08-01T09:16:55Z	pull_request	docs/p1-hook-semantics-spike	success	Repo Sanity	success	145
30693438458	2026-08-01T09:16:55Z	pull_request	docs/p1-hook-semantics-spike	success	Lint	success	100
30693438458	2026-08-01T09:16:55Z	pull_request	docs/p1-hook-semantics-spike	success	Docgen	success	122
30693438458	2026-08-01T09:16:55Z	pull_request	docs/p1-hook-semantics-spike	success	Build	skipped	0
30693291660	2026-08-01T09:12:36Z	pull_request	docs/p1-hook-semantics-spike	cancelled	Knip	success	109
30693291660	2026-08-01T09:12:36Z	pull_request	docs/p1-hook-semantics-spike	cancelled	Secret Scanning	success	46
30693291660	2026-08-01T09:12:36Z	pull_request	docs/p1-hook-semantics-spike	cancelled	JSDoc Ratchet	cancelled	249
30693291660	2026-08-01T09:12:36Z	pull_request	docs/p1-hook-semantics-spike	cancelled	Security	success	59
30693291660	2026-08-01T09:12:36Z	pull_request	docs/p1-hook-semantics-spike	cancelled	Nix Shell	success	119
30693291660	2026-08-01T09:12:36Z	pull_request	docs/p1-hook-semantics-spike	cancelled	PR Size Label	success	8
30693291660	2026-08-01T09:12:36Z	pull_request	docs/p1-hook-semantics-spike	cancelled	Fallow Advisory Envelopes	success	126
30693291660	2026-08-01T09:12:36Z	pull_request	docs/p1-hook-semantics-spike	cancelled	Professional Desktop IPC Stdio	success	12
30693291660	2026-08-01T09:12:36Z	pull_request	docs/p1-hook-semantics-spike	cancelled	Commitlint	success	110
30693291660	2026-08-01T09:12:36Z	pull_request	docs/p1-hook-semantics-spike	cancelled	SAST	success	114
30693291660	2026-08-01T09:12:36Z	pull_request	docs/p1-hook-semantics-spike	cancelled	Property Laws	success	128
30693291660	2026-08-01T09:12:36Z	pull_request	docs/p1-hook-semantics-spike	cancelled	Test Integration	success	91
30693291660	2026-08-01T09:12:36Z	pull_request	docs/p1-hook-semantics-spike	cancelled	Lint Policy	cancelled	246
30693291660	2026-08-01T09:12:36Z	pull_request	docs/p1-hook-semantics-spike	cancelled	Lint	success	146
30693291660	2026-08-01T09:12:36Z	pull_request	docs/p1-hook-semantics-spike	cancelled	Check	cancelled	252
30693291660	2026-08-01T09:12:36Z	pull_request	docs/p1-hook-semantics-spike	cancelled	Test Unit	success	77
30693291660	2026-08-01T09:12:36Z	pull_request	docs/p1-hook-semantics-spike	cancelled	Codegen Drift	success	105
30693291660	2026-08-01T09:12:36Z	pull_request	docs/p1-hook-semantics-spike	cancelled	Coverage Regression	success	129
30693291660	2026-08-01T09:12:36Z	pull_request	docs/p1-hook-semantics-spike	cancelled	Repo Sanity	success	163
30693291660	2026-08-01T09:12:36Z	pull_request	docs/p1-hook-semantics-spike	cancelled	Docgen	success	130
30693291660	2026-08-01T09:12:36Z	pull_request	docs/p1-hook-semantics-spike	cancelled	Build	skipped	0
30692967793	2026-08-01T09:02:50Z	pull_request	docs/p1-hook-semantics-spike	cancelled	PR Size Label	success	5
30692967793	2026-08-01T09:02:50Z	pull_request	docs/p1-hook-semantics-spike	cancelled	Property Laws	success	59
30692967793	2026-08-01T09:02:50Z	pull_request	docs/p1-hook-semantics-spike	cancelled	Professional Desktop IPC Stdio	success	11
30692967793	2026-08-01T09:02:50Z	pull_request	docs/p1-hook-semantics-spike	cancelled	SAST	success	75
30692967793	2026-08-01T09:02:50Z	pull_request	docs/p1-hook-semantics-spike	cancelled	Fallow Advisory Envelopes	success	82
30692967793	2026-08-01T09:02:50Z	pull_request	docs/p1-hook-semantics-spike	cancelled	Knip	success	74
30692967793	2026-08-01T09:02:50Z	pull_request	docs/p1-hook-semantics-spike	cancelled	Commitlint	success	69
30692967793	2026-08-01T09:02:50Z	pull_request	docs/p1-hook-semantics-spike	cancelled	JSDoc Ratchet	cancelled	282
30692967793	2026-08-01T09:02:50Z	pull_request	docs/p1-hook-semantics-spike	cancelled	Security	success	43
30692967793	2026-08-01T09:02:50Z	pull_request	docs/p1-hook-semantics-spike	cancelled	Secret Scanning	success	33
30692967793	2026-08-01T09:02:50Z	pull_request	docs/p1-hook-semantics-spike	cancelled	Test Integration	success	78
30692967793	2026-08-01T09:02:50Z	pull_request	docs/p1-hook-semantics-spike	cancelled	Lint Policy	cancelled	288
30692967793	2026-08-01T09:02:50Z	pull_request	docs/p1-hook-semantics-spike	cancelled	Codegen Drift	success	70
30692967793	2026-08-01T09:02:50Z	pull_request	docs/p1-hook-semantics-spike	cancelled	Nix Shell	success	68
30692967793	2026-08-01T09:02:50Z	pull_request	docs/p1-hook-semantics-spike	cancelled	Docgen	success	72
30692967793	2026-08-01T09:02:50Z	pull_request	docs/p1-hook-semantics-spike	cancelled	Lint	success	73
30692967793	2026-08-01T09:02:50Z	pull_request	docs/p1-hook-semantics-spike	cancelled	Check	cancelled	289
30692967793	2026-08-01T09:02:50Z	pull_request	docs/p1-hook-semantics-spike	cancelled	Coverage Regression	success	66
30692967793	2026-08-01T09:02:50Z	pull_request	docs/p1-hook-semantics-spike	cancelled	Repo Sanity	success	87
30692967793	2026-08-01T09:02:50Z	pull_request	docs/p1-hook-semantics-spike	cancelled	Test Unit	success	77
30692967793	2026-08-01T09:02:50Z	pull_request	docs/p1-hook-semantics-spike	cancelled	Build	skipped	0
30692685634	2026-08-01T08:54:32Z	pull_request	docs/identity-iri-fold-grill-decisions	success	Property Laws	success	60
30692685634	2026-08-01T08:54:32Z	pull_request	docs/identity-iri-fold-grill-decisions	success	Knip	success	67
30692685634	2026-08-01T08:54:32Z	pull_request	docs/identity-iri-fold-grill-decisions	success	Lint Policy	success	545
30692685634	2026-08-01T08:54:32Z	pull_request	docs/identity-iri-fold-grill-decisions	success	Fallow Advisory Envelopes	success	82
30692685634	2026-08-01T08:54:32Z	pull_request	docs/identity-iri-fold-grill-decisions	success	Professional Desktop IPC Stdio	success	12
30692685634	2026-08-01T08:54:32Z	pull_request	docs/identity-iri-fold-grill-decisions	success	JSDoc Ratchet	success	294
30692685634	2026-08-01T08:54:32Z	pull_request	docs/identity-iri-fold-grill-decisions	success	Nix Shell	success	69
30692685634	2026-08-01T08:54:32Z	pull_request	docs/identity-iri-fold-grill-decisions	success	PR Size Label	success	6
30692685634	2026-08-01T08:54:32Z	pull_request	docs/identity-iri-fold-grill-decisions	success	Commitlint	success	66
30692685634	2026-08-01T08:54:32Z	pull_request	docs/identity-iri-fold-grill-decisions	success	Test Integration	success	79
30692685634	2026-08-01T08:54:32Z	pull_request	docs/identity-iri-fold-grill-decisions	success	SAST	success	68
30692685634	2026-08-01T08:54:32Z	pull_request	docs/identity-iri-fold-grill-decisions	success	Security	success	36
30692685634	2026-08-01T08:54:32Z	pull_request	docs/identity-iri-fold-grill-decisions	success	Check	success	313
30692685634	2026-08-01T08:54:32Z	pull_request	docs/identity-iri-fold-grill-decisions	success	Test Unit	success	76
30692685634	2026-08-01T08:54:32Z	pull_request	docs/identity-iri-fold-grill-decisions	success	Docgen	success	66
30692685634	2026-08-01T08:54:32Z	pull_request	docs/identity-iri-fold-grill-decisions	success	Secret Scanning	success	35
30692685634	2026-08-01T08:54:32Z	pull_request	docs/identity-iri-fold-grill-decisions	success	Lint	success	72
30692685634	2026-08-01T08:54:32Z	pull_request	docs/identity-iri-fold-grill-decisions	success	Codegen Drift	success	74
30692685634	2026-08-01T08:54:32Z	pull_request	docs/identity-iri-fold-grill-decisions	success	Repo Sanity	success	91
30692685634	2026-08-01T08:54:32Z	pull_request	docs/identity-iri-fold-grill-decisions	success	Coverage Regression	success	78
30692685634	2026-08-01T08:54:32Z	pull_request	docs/identity-iri-fold-grill-decisions	success	Build	skipped	0
30692612617	2026-08-01T08:52:21Z	pull_request	docs/p1-hook-semantics-spike	cancelled	Professional Desktop IPC Stdio	success	13
30692612617	2026-08-01T08:52:21Z	pull_request	docs/p1-hook-semantics-spike	cancelled	Fallow Advisory Envelopes	success	83
30692612617	2026-08-01T08:52:21Z	pull_request	docs/p1-hook-semantics-spike	cancelled	Knip	success	64
30692612617	2026-08-01T08:52:21Z	pull_request	docs/p1-hook-semantics-spike	cancelled	Nix Shell	success	70
30692612617	2026-08-01T08:52:21Z	pull_request	docs/p1-hook-semantics-spike	cancelled	PR Size Label	success	6
30692612617	2026-08-01T08:52:21Z	pull_request	docs/p1-hook-semantics-spike	cancelled	JSDoc Ratchet	success	279
30692612617	2026-08-01T08:52:21Z	pull_request	docs/p1-hook-semantics-spike	cancelled	Secret Scanning	success	36
30692612617	2026-08-01T08:52:21Z	pull_request	docs/p1-hook-semantics-spike	cancelled	Security	success	37
30692612617	2026-08-01T08:52:21Z	pull_request	docs/p1-hook-semantics-spike	cancelled	Test Unit	success	76
30692612617	2026-08-01T08:52:21Z	pull_request	docs/p1-hook-semantics-spike	cancelled	Repo Sanity	success	99
30692612617	2026-08-01T08:52:21Z	pull_request	docs/p1-hook-semantics-spike	cancelled	Property Laws	success	66
30692612617	2026-08-01T08:52:21Z	pull_request	docs/p1-hook-semantics-spike	cancelled	SAST	success	69
30692612617	2026-08-01T08:52:21Z	pull_request	docs/p1-hook-semantics-spike	cancelled	Lint Policy	cancelled	920
30692612617	2026-08-01T08:52:21Z	pull_request	docs/p1-hook-semantics-spike	cancelled	Commitlint	success	71
30692612617	2026-08-01T08:52:21Z	pull_request	docs/p1-hook-semantics-spike	cancelled	Docgen	success	74
30692612617	2026-08-01T08:52:21Z	pull_request	docs/p1-hook-semantics-spike	cancelled	Coverage Regression	success	74
30692612617	2026-08-01T08:52:21Z	pull_request	docs/p1-hook-semantics-spike	cancelled	Check	success	317
30692612617	2026-08-01T08:52:21Z	pull_request	docs/p1-hook-semantics-spike	cancelled	Test Integration	success	81
30692612617	2026-08-01T08:52:21Z	pull_request	docs/p1-hook-semantics-spike	cancelled	Lint	success	81
30692612617	2026-08-01T08:52:21Z	pull_request	docs/p1-hook-semantics-spike	cancelled	Codegen Drift	success	72
30692612617	2026-08-01T08:52:21Z	pull_request	docs/p1-hook-semantics-spike	cancelled	Build	skipped	0
30692362132	2026-08-01T08:44:47Z	push	main	failure	SAST	success	68
30692362132	2026-08-01T08:44:47Z	push	main	failure	Knip	success	72
30692362132	2026-08-01T08:44:47Z	push	main	failure	JSDoc Ratchet	success	290
30692362132	2026-08-01T08:44:47Z	push	main	failure	Property Laws	failure	555
30692362132	2026-08-01T08:44:47Z	push	main	failure	Professional Desktop IPC Stdio	success	55
30692362132	2026-08-01T08:44:47Z	push	main	failure	Commitlint	success	74
30692362132	2026-08-01T08:44:47Z	push	main	failure	Fallow Advisory Envelopes	success	83
30692362132	2026-08-01T08:44:47Z	push	main	failure	Build	success	85
30692362132	2026-08-01T08:44:47Z	push	main	failure	Nix Shell	success	70
30692362132	2026-08-01T08:44:47Z	push	main	failure	Secret Scanning	success	38
30692362132	2026-08-01T08:44:47Z	push	main	failure	Check	success	480
30692362132	2026-08-01T08:44:47Z	push	main	failure	Lint Policy	success	676
30692362132	2026-08-01T08:44:47Z	push	main	failure	Coverage Regression	failure	798
30692362132	2026-08-01T08:44:47Z	push	main	failure	Lint	failure	902
30692362132	2026-08-01T08:44:47Z	push	main	failure	Security	success	87
30692362132	2026-08-01T08:44:47Z	push	main	failure	Docgen	success	506
30692362132	2026-08-01T08:44:47Z	push	main	failure	Repo Sanity	success	92
30692362132	2026-08-01T08:44:47Z	push	main	failure	Test Unit	failure	611
30692362132	2026-08-01T08:44:47Z	push	main	failure	Test Integration	success	275
30692362132	2026-08-01T08:44:47Z	push	main	failure	Codegen Drift	success	72
30692362132	2026-08-01T08:44:47Z	push	main	failure	PR Size Label	skipped	0
30691954253	2026-08-01T08:32:11Z	pull_request	knowledge-surface-automation	success	Professional Desktop IPC Stdio	success	12
30691954253	2026-08-01T08:32:11Z	pull_request	knowledge-surface-automation	success	Commitlint	success	71
30691954253	2026-08-01T08:32:11Z	pull_request	knowledge-surface-automation	success	Secret Scanning	success	34
30691954253	2026-08-01T08:32:11Z	pull_request	knowledge-surface-automation	success	JSDoc Ratchet	success	274
30691954253	2026-08-01T08:32:11Z	pull_request	knowledge-surface-automation	success	SAST	success	72
30691954253	2026-08-01T08:32:11Z	pull_request	knowledge-surface-automation	success	Property Laws	success	59
30691954253	2026-08-01T08:32:11Z	pull_request	knowledge-surface-automation	success	PR Size Label	success	7
30691954253	2026-08-01T08:32:11Z	pull_request	knowledge-surface-automation	success	Fallow Advisory Envelopes	success	85
30691954253	2026-08-01T08:32:11Z	pull_request	knowledge-surface-automation	success	Nix Shell	success	71
30691954253	2026-08-01T08:32:11Z	pull_request	knowledge-surface-automation	success	Test Unit	success	75
30691954253	2026-08-01T08:32:11Z	pull_request	knowledge-surface-automation	success	Security	success	37
30691954253	2026-08-01T08:32:11Z	pull_request	knowledge-surface-automation	success	Repo Sanity	success	95
30691954253	2026-08-01T08:32:11Z	pull_request	knowledge-surface-automation	success	Lint	success	66
30691954253	2026-08-01T08:32:11Z	pull_request	knowledge-surface-automation	success	Codegen Drift	success	79
30691954253	2026-08-01T08:32:11Z	pull_request	knowledge-surface-automation	success	Knip	success	72
30691954253	2026-08-01T08:32:11Z	pull_request	knowledge-surface-automation	success	Coverage Regression	success	67
30691954253	2026-08-01T08:32:11Z	pull_request	knowledge-surface-automation	success	Test Integration	success	78
30691954253	2026-08-01T08:32:11Z	pull_request	knowledge-surface-automation	success	Check	success	314
30691954253	2026-08-01T08:32:11Z	pull_request	knowledge-surface-automation	success	Lint Policy	success	540
30691954253	2026-08-01T08:32:11Z	pull_request	knowledge-surface-automation	success	Docgen	success	67
30691954253	2026-08-01T08:32:11Z	pull_request	knowledge-surface-automation	success	Build	skipped	0
30691926391	2026-08-01T08:31:19Z	push	main	failure	Fallow Advisory Envelopes	success	85
30691926391	2026-08-01T08:31:19Z	push	main	failure	Lint Policy	success	567
30691926391	2026-08-01T08:31:19Z	push	main	failure	Test Integration	success	279
30691926391	2026-08-01T08:31:19Z	push	main	failure	Professional Desktop IPC Stdio	success	57
30691926391	2026-08-01T08:31:19Z	push	main	failure	Codegen Drift	success	73
30691926391	2026-08-01T08:31:19Z	push	main	failure	Test Unit	failure	618
30691926391	2026-08-01T08:31:19Z	push	main	failure	Build	success	119
30691926391	2026-08-01T08:31:19Z	push	main	failure	Lint	failure	901
30691926391	2026-08-01T08:31:19Z	push	main	failure	Property Laws	failure	509
30691926391	2026-08-01T08:31:19Z	push	main	failure	Nix Shell	success	69
30691926391	2026-08-01T08:31:19Z	push	main	failure	Coverage Regression	failure	816
30691926391	2026-08-01T08:31:19Z	push	main	failure	JSDoc Ratchet	success	278
30691926391	2026-08-01T08:31:19Z	push	main	failure	Check	success	452
30691926391	2026-08-01T08:31:19Z	push	main	failure	Security	success	37
30691926391	2026-08-01T08:31:19Z	push	main	failure	Knip	success	64
30691926391	2026-08-01T08:31:19Z	push	main	failure	Docgen	success	491
30691926391	2026-08-01T08:31:19Z	push	main	failure	Commitlint	success	70
30691926391	2026-08-01T08:31:19Z	push	main	failure	Secret Scanning	success	33
30691926391	2026-08-01T08:31:19Z	push	main	failure	SAST	success	73
30691926391	2026-08-01T08:31:19Z	push	main	failure	Repo Sanity	success	89
30691926391	2026-08-01T08:31:19Z	push	main	failure	PR Size Label	skipped	0
30691568025	2026-08-01T08:20:21Z	pull_request	feat/usage-record-provider-capture	success	PR Size Label	success	7
30691568025	2026-08-01T08:20:21Z	pull_request	feat/usage-record-provider-capture	success	Knip	success	65
30691568025	2026-08-01T08:20:21Z	pull_request	feat/usage-record-provider-capture	success	Repo Sanity	success	97
30691568025	2026-08-01T08:20:21Z	pull_request	feat/usage-record-provider-capture	success	Fallow Advisory Envelopes	success	85
30691568025	2026-08-01T08:20:21Z	pull_request	feat/usage-record-provider-capture	success	Test Unit	success	118
30691568025	2026-08-01T08:20:21Z	pull_request	feat/usage-record-provider-capture	success	JSDoc Ratchet	success	295
30691568025	2026-08-01T08:20:21Z	pull_request	feat/usage-record-provider-capture	success	Lint Policy	success	545
30691568025	2026-08-01T08:20:21Z	pull_request	feat/usage-record-provider-capture	success	Commitlint	success	69
30691568025	2026-08-01T08:20:21Z	pull_request	feat/usage-record-provider-capture	success	Coverage Regression	success	240
30691568025	2026-08-01T08:20:21Z	pull_request	feat/usage-record-provider-capture	success	Property Laws	success	107
30691568025	2026-08-01T08:20:21Z	pull_request	feat/usage-record-provider-capture	success	SAST	success	77
30691568025	2026-08-01T08:20:21Z	pull_request	feat/usage-record-provider-capture	success	Professional Desktop IPC Stdio	success	58
30691568025	2026-08-01T08:20:21Z	pull_request	feat/usage-record-provider-capture	success	Lint	success	382
30691568025	2026-08-01T08:20:21Z	pull_request	feat/usage-record-provider-capture	success	Secret Scanning	success	38
30691568025	2026-08-01T08:20:21Z	pull_request	feat/usage-record-provider-capture	success	Security	success	39
30691568025	2026-08-01T08:20:21Z	pull_request	feat/usage-record-provider-capture	success	Nix Shell	success	69
30691568025	2026-08-01T08:20:21Z	pull_request	feat/usage-record-provider-capture	success	Codegen Drift	success	73
30691568025	2026-08-01T08:20:21Z	pull_request	feat/usage-record-provider-capture	success	Check	success	429
30691568025	2026-08-01T08:20:21Z	pull_request	feat/usage-record-provider-capture	success	Docgen	success	434
30691568025	2026-08-01T08:20:21Z	pull_request	feat/usage-record-provider-capture	success	Test Integration	success	192
30691568025	2026-08-01T08:20:21Z	pull_request	feat/usage-record-provider-capture	success	Build	skipped	0
30690807345	2026-08-01T07:58:26Z	pull_request	docs/p1-hook-semantics-spike	success	Property Laws	success	64
30690807345	2026-08-01T07:58:26Z	pull_request	docs/p1-hook-semantics-spike	success	PR Size Label	success	6
30690807345	2026-08-01T07:58:26Z	pull_request	docs/p1-hook-semantics-spike	success	Knip	success	73
30690807345	2026-08-01T07:58:26Z	pull_request	docs/p1-hook-semantics-spike	success	Professional Desktop IPC Stdio	success	12
30690807345	2026-08-01T07:58:26Z	pull_request	docs/p1-hook-semantics-spike	success	Fallow Advisory Envelopes	success	83
30690807345	2026-08-01T07:58:26Z	pull_request	docs/p1-hook-semantics-spike	success	Codegen Drift	success	65
30690807345	2026-08-01T07:58:26Z	pull_request	docs/p1-hook-semantics-spike	success	Test Integration	success	86
30690807345	2026-08-01T07:58:26Z	pull_request	docs/p1-hook-semantics-spike	success	Coverage Regression	success	79
30690807345	2026-08-01T07:58:26Z	pull_request	docs/p1-hook-semantics-spike	success	Docgen	success	68
30690807345	2026-08-01T07:58:26Z	pull_request	docs/p1-hook-semantics-spike	success	SAST	success	68
30690807345	2026-08-01T07:58:26Z	pull_request	docs/p1-hook-semantics-spike	success	Secret Scanning	success	31
30690807345	2026-08-01T07:58:26Z	pull_request	docs/p1-hook-semantics-spike	success	Security	success	44
30690807345	2026-08-01T07:58:26Z	pull_request	docs/p1-hook-semantics-spike	success	Nix Shell	success	70
30690807345	2026-08-01T07:58:26Z	pull_request	docs/p1-hook-semantics-spike	success	JSDoc Ratchet	success	289
30690807345	2026-08-01T07:58:26Z	pull_request	docs/p1-hook-semantics-spike	success	Repo Sanity	success	89
30690807345	2026-08-01T07:58:26Z	pull_request	docs/p1-hook-semantics-spike	success	Test Unit	success	74
30690807345	2026-08-01T07:58:26Z	pull_request	docs/p1-hook-semantics-spike	success	Check	success	319
30690807345	2026-08-01T07:58:26Z	pull_request	docs/p1-hook-semantics-spike	success	Commitlint	success	73
30690807345	2026-08-01T07:58:26Z	pull_request	docs/p1-hook-semantics-spike	success	Lint Policy	success	559
30690807345	2026-08-01T07:58:26Z	pull_request	docs/p1-hook-semantics-spike	success	Lint	success	73
30690807345	2026-08-01T07:58:26Z	pull_request	docs/p1-hook-semantics-spike	success	Build	skipped	0
30690329894	2026-08-01T07:44:25Z	push	main	failure	Knip	success	68
30690329894	2026-08-01T07:44:25Z	push	main	failure	Professional Desktop IPC Stdio	success	54
30690329894	2026-08-01T07:44:25Z	push	main	failure	Property Laws	success	528
30690329894	2026-08-01T07:44:25Z	push	main	failure	JSDoc Ratchet	success	279
30690329894	2026-08-01T07:44:25Z	push	main	failure	Commitlint	success	69
30690329894	2026-08-01T07:44:25Z	push	main	failure	Build	success	170
30690329894	2026-08-01T07:44:25Z	push	main	failure	Secret Scanning	success	31
30690329894	2026-08-01T07:44:25Z	push	main	failure	Security	success	46
30690329894	2026-08-01T07:44:25Z	push	main	failure	Nix Shell	success	69
30690329894	2026-08-01T07:44:25Z	push	main	failure	Fallow Advisory Envelopes	success	156
30690329894	2026-08-01T07:44:25Z	push	main	failure	SAST	success	74
30690329894	2026-08-01T07:44:25Z	push	main	failure	Check	success	464
30690329894	2026-08-01T07:44:25Z	push	main	failure	Test Unit	success	591
30690329894	2026-08-01T07:44:25Z	push	main	failure	Test Integration	success	276
30690329894	2026-08-01T07:44:25Z	push	main	failure	Lint	failure	902
30690329894	2026-08-01T07:44:25Z	push	main	failure	Docgen	success	501
30690329894	2026-08-01T07:44:25Z	push	main	failure	Repo Sanity	success	92
30690329894	2026-08-01T07:44:25Z	push	main	failure	Coverage Regression	success	784
30690329894	2026-08-01T07:44:25Z	push	main	failure	Lint Policy	success	571
30690329894	2026-08-01T07:44:25Z	push	main	failure	Codegen Drift	success	70
30690329894	2026-08-01T07:44:25Z	push	main	failure	PR Size Label	skipped	0
30690294175	2026-08-01T07:43:20Z	push	main	failure	Property Laws	success	527
30690294175	2026-08-01T07:43:20Z	push	main	failure	Secret Scanning	success	33
30690294175	2026-08-01T07:43:20Z	push	main	failure	Knip	success	71
30690294175	2026-08-01T07:43:20Z	push	main	failure	Fallow Advisory Envelopes	success	84
30690294175	2026-08-01T07:43:20Z	push	main	failure	Security	success	50
30690294175	2026-08-01T07:43:20Z	push	main	failure	Commitlint	success	70
30690294175	2026-08-01T07:43:20Z	push	main	failure	SAST	success	76
30690294175	2026-08-01T07:43:20Z	push	main	failure	Professional Desktop IPC Stdio	success	59
30690294175	2026-08-01T07:43:20Z	push	main	failure	Nix Shell	success	74
30690294175	2026-08-01T07:43:20Z	push	main	failure	Lint	failure	961
30690294175	2026-08-01T07:43:20Z	push	main	failure	JSDoc Ratchet	success	311
30690294175	2026-08-01T07:43:20Z	push	main	failure	Build	success	93
30690294175	2026-08-01T07:43:20Z	push	main	failure	Lint Policy	success	575
30690294175	2026-08-01T07:43:20Z	push	main	failure	Docgen	success	510
30690294175	2026-08-01T07:43:20Z	push	main	failure	Repo Sanity	success	98
30690294175	2026-08-01T07:43:20Z	push	main	failure	Test Integration	success	280
30690294175	2026-08-01T07:43:20Z	push	main	failure	Test Unit	success	670
30690294175	2026-08-01T07:43:20Z	push	main	failure	Check	success	496
30690294175	2026-08-01T07:43:20Z	push	main	failure	Codegen Drift	success	78
30690294175	2026-08-01T07:43:20Z	push	main	failure	Coverage Regression	success	786
30690294175	2026-08-01T07:43:20Z	push	main	failure	PR Size Label	skipped	
30690205522	2026-08-01T07:40:29Z	pull_request	docs/p1-hook-semantics-spike	success	JSDoc Ratchet	success	288
30690205522	2026-08-01T07:40:29Z	pull_request	docs/p1-hook-semantics-spike	success	Secret Scanning	success	34
30690205522	2026-08-01T07:40:29Z	pull_request	docs/p1-hook-semantics-spike	success	Professional Desktop IPC Stdio	success	12
30690205522	2026-08-01T07:40:29Z	pull_request	docs/p1-hook-semantics-spike	success	PR Size Label	success	6
30690205522	2026-08-01T07:40:29Z	pull_request	docs/p1-hook-semantics-spike	success	Property Laws	success	71
30690205522	2026-08-01T07:40:29Z	pull_request	docs/p1-hook-semantics-spike	success	Fallow Advisory Envelopes	success	85
30690205522	2026-08-01T07:40:29Z	pull_request	docs/p1-hook-semantics-spike	success	Knip	success	70
30690205522	2026-08-01T07:40:29Z	pull_request	docs/p1-hook-semantics-spike	success	Nix Shell	success	68
30690205522	2026-08-01T07:40:29Z	pull_request	docs/p1-hook-semantics-spike	success	Commitlint	success	68
30690205522	2026-08-01T07:40:29Z	pull_request	docs/p1-hook-semantics-spike	success	SAST	success	76
30690205522	2026-08-01T07:40:29Z	pull_request	docs/p1-hook-semantics-spike	success	Test Integration	success	72
30690205522	2026-08-01T07:40:29Z	pull_request	docs/p1-hook-semantics-spike	success	Docgen	success	84
30690205522	2026-08-01T07:40:29Z	pull_request	docs/p1-hook-semantics-spike	success	Codegen Drift	success	83
30690205522	2026-08-01T07:40:29Z	pull_request	docs/p1-hook-semantics-spike	success	Coverage Regression	success	73
30690205522	2026-08-01T07:40:29Z	pull_request	docs/p1-hook-semantics-spike	success	Lint	success	82
30690205522	2026-08-01T07:40:29Z	pull_request	docs/p1-hook-semantics-spike	success	Test Unit	success	77
30690205522	2026-08-01T07:40:29Z	pull_request	docs/p1-hook-semantics-spike	success	Security	success	38
30690205522	2026-08-01T07:40:29Z	pull_request	docs/p1-hook-semantics-spike	success	Check	success	310
30690205522	2026-08-01T07:40:29Z	pull_request	docs/p1-hook-semantics-spike	success	Lint Policy	success	555
30690205522	2026-08-01T07:40:29Z	pull_request	docs/p1-hook-semantics-spike	success	Repo Sanity	success	97
30690205522	2026-08-01T07:40:29Z	pull_request	docs/p1-hook-semantics-spike	success	Build	skipped	0
30689241966	2026-08-01T07:11:32Z	pull_request	feat/contradiction-source-highlight-pr	failure	Fallow Advisory Envelopes	success	83
30689241966	2026-08-01T07:11:32Z	pull_request	feat/contradiction-source-highlight-pr	failure	Lint	success	620
30689241966	2026-08-01T07:11:32Z	pull_request	feat/contradiction-source-highlight-pr	failure	Coverage Regression	failure	1261
30689241966	2026-08-01T07:11:32Z	pull_request	feat/contradiction-source-highlight-pr	failure	Test Unit	failure	192
30689241966	2026-08-01T07:11:32Z	pull_request	feat/contradiction-source-highlight-pr	failure	Repo Sanity	success	85
30689241966	2026-08-01T07:11:32Z	pull_request	feat/contradiction-source-highlight-pr	failure	JSDoc Ratchet	success	293
30689241966	2026-08-01T07:11:32Z	pull_request	feat/contradiction-source-highlight-pr	failure	Docgen	success	534
30689241966	2026-08-01T07:11:32Z	pull_request	feat/contradiction-source-highlight-pr	failure	Property Laws	success	535
30689241966	2026-08-01T07:11:32Z	pull_request	feat/contradiction-source-highlight-pr	failure	Professional Desktop IPC Stdio	success	56
30689241966	2026-08-01T07:11:32Z	pull_request	feat/contradiction-source-highlight-pr	failure	Knip	success	73
30689241966	2026-08-01T07:11:32Z	pull_request	feat/contradiction-source-highlight-pr	failure	PR Size Label	success	7
30689241966	2026-08-01T07:11:32Z	pull_request	feat/contradiction-source-highlight-pr	failure	Nix Shell	success	68
30689241966	2026-08-01T07:11:32Z	pull_request	feat/contradiction-source-highlight-pr	failure	Security	success	49
30689241966	2026-08-01T07:11:32Z	pull_request	feat/contradiction-source-highlight-pr	failure	SAST	success	86
30689241966	2026-08-01T07:11:32Z	pull_request	feat/contradiction-source-highlight-pr	failure	Secret Scanning	success	33
30689241966	2026-08-01T07:11:32Z	pull_request	feat/contradiction-source-highlight-pr	failure	Commitlint	success	75
30689241966	2026-08-01T07:11:32Z	pull_request	feat/contradiction-source-highlight-pr	failure	Codegen Drift	success	69
30689241966	2026-08-01T07:11:32Z	pull_request	feat/contradiction-source-highlight-pr	failure	Check	failure	902
30689241966	2026-08-01T07:11:32Z	pull_request	feat/contradiction-source-highlight-pr	failure	Test Integration	failure	901
30689241966	2026-08-01T07:11:32Z	pull_request	feat/contradiction-source-highlight-pr	failure	Lint Policy	success	705
30689241966	2026-08-01T07:11:32Z	pull_request	feat/contradiction-source-highlight-pr	failure	Build	skipped	
30689144163	2026-08-01T07:08:44Z	pull_request	knowledge-surface-automation	success	Lint Policy	success	577
30689144163	2026-08-01T07:08:44Z	pull_request	knowledge-surface-automation	success	Nix Shell	success	70
30689144163	2026-08-01T07:08:44Z	pull_request	knowledge-surface-automation	success	Secret Scanning	success	40
30689144163	2026-08-01T07:08:44Z	pull_request	knowledge-surface-automation	success	Test Unit	success	71
30689144163	2026-08-01T07:08:44Z	pull_request	knowledge-surface-automation	success	JSDoc Ratchet	success	307
30689144163	2026-08-01T07:08:44Z	pull_request	knowledge-surface-automation	success	Docgen	success	81
30689144163	2026-08-01T07:08:44Z	pull_request	knowledge-surface-automation	success	Coverage Regression	success	80
30689144163	2026-08-01T07:08:44Z	pull_request	knowledge-surface-automation	success	Test Integration	success	80
30689144163	2026-08-01T07:08:44Z	pull_request	knowledge-surface-automation	success	Build	skipped	
30689144163	2026-08-01T07:08:44Z	pull_request	knowledge-surface-automation	success	Lint	success	81
30689144163	2026-08-01T07:08:44Z	pull_request	knowledge-surface-automation	success	Codegen Drift	success	80
30689144163	2026-08-01T07:08:44Z	pull_request	knowledge-surface-automation	success	SAST	success	90
30689144163	2026-08-01T07:08:44Z	pull_request	knowledge-surface-automation	success	Security	success	42
30689144163	2026-08-01T07:08:44Z	pull_request	knowledge-surface-automation	success	Knip	success	68
30689144163	2026-08-01T07:08:44Z	pull_request	knowledge-surface-automation	success	Fallow Advisory Envelopes	success	85
30689144163	2026-08-01T07:08:44Z	pull_request	knowledge-surface-automation	success	Property Laws	success	58
30689144163	2026-08-01T07:08:44Z	pull_request	knowledge-surface-automation	success	Repo Sanity	success	104
30689144163	2026-08-01T07:08:44Z	pull_request	knowledge-surface-automation	success	Professional Desktop IPC Stdio	success	11
30689144163	2026-08-01T07:08:44Z	pull_request	knowledge-surface-automation	success	Check	success	333
30689144163	2026-08-01T07:08:44Z	pull_request	knowledge-surface-automation	success	Commitlint	success	75
30689144163	2026-08-01T07:08:44Z	pull_request	knowledge-surface-automation	success	PR Size Label	success	7
30688122478	2026-08-01T06:38:25Z	pull_request	@chore/7-30-26	failure	PR Size Label	success	8
30688122478	2026-08-01T06:38:25Z	pull_request	@chore/7-30-26	failure	JSDoc Ratchet	success	292
30688122478	2026-08-01T06:38:25Z	pull_request	@chore/7-30-26	failure	Professional Desktop IPC Stdio	success	58
30688122478	2026-08-01T06:38:25Z	pull_request	@chore/7-30-26	failure	Property Laws	success	546
30688122478	2026-08-01T06:38:25Z	pull_request	@chore/7-30-26	failure	Commitlint	failure	67
30688122478	2026-08-01T06:38:25Z	pull_request	@chore/7-30-26	failure	Knip	success	70
30688122478	2026-08-01T06:38:25Z	pull_request	@chore/7-30-26	failure	Fallow Advisory Envelopes	success	84
30688122478	2026-08-01T06:38:25Z	pull_request	@chore/7-30-26	failure	Test Unit	success	657
30688122478	2026-08-01T06:38:25Z	pull_request	@chore/7-30-26	failure	Secret Scanning	failure	43
30688122478	2026-08-01T06:38:25Z	pull_request	@chore/7-30-26	failure	Test Integration	success	328
30688122478	2026-08-01T06:38:25Z	pull_request	@chore/7-30-26	failure	Nix Shell	success	68
30688122478	2026-08-01T06:38:25Z	pull_request	@chore/7-30-26	failure	Docgen	cancelled	1217
30688122478	2026-08-01T06:38:25Z	pull_request	@chore/7-30-26	failure	Lint	success	653
30688122478	2026-08-01T06:38:25Z	pull_request	@chore/7-30-26	failure	Security	success	42
30688122478	2026-08-01T06:38:25Z	pull_request	@chore/7-30-26	failure	Codegen Drift	success	92
30688122478	2026-08-01T06:38:25Z	pull_request	@chore/7-30-26	failure	SAST	success	92
30688122478	2026-08-01T06:38:25Z	pull_request	@chore/7-30-26	failure	Coverage Regression	failure	876
30688122478	2026-08-01T06:38:25Z	pull_request	@chore/7-30-26	failure	Lint Policy	failure	841
30688122478	2026-08-01T06:38:25Z	pull_request	@chore/7-30-26	failure	Repo Sanity	success	131
30688122478	2026-08-01T06:38:25Z	pull_request	@chore/7-30-26	failure	Check	cancelled	1500
30688122478	2026-08-01T06:38:25Z	pull_request	@chore/7-30-26	failure	Build	skipped	
30688010804	2026-08-01T06:35:03Z	pull_request	feat/gov-legal-mcp	success	Professional Desktop IPC Stdio	success	54
30688010804	2026-08-01T06:35:03Z	pull_request	feat/gov-legal-mcp	success	JSDoc Ratchet	success	287
30688010804	2026-08-01T06:35:03Z	pull_request	feat/gov-legal-mcp	success	Knip	success	68
30688010804	2026-08-01T06:35:03Z	pull_request	feat/gov-legal-mcp	success	Fallow Advisory Envelopes	success	86
30688010804	2026-08-01T06:35:03Z	pull_request	feat/gov-legal-mcp	success	SAST	success	81
30688010804	2026-08-01T06:35:03Z	pull_request	feat/gov-legal-mcp	success	Lint Policy	success	570
30688010804	2026-08-01T06:35:03Z	pull_request	feat/gov-legal-mcp	success	Property Laws	success	560
30688010804	2026-08-01T06:35:03Z	pull_request	feat/gov-legal-mcp	success	Docgen	success	488
30688010804	2026-08-01T06:35:03Z	pull_request	feat/gov-legal-mcp	success	PR Size Label	success	7
30688010804	2026-08-01T06:35:03Z	pull_request	feat/gov-legal-mcp	success	Security	success	134
30688010804	2026-08-01T06:35:03Z	pull_request	feat/gov-legal-mcp	success	Test Unit	success	623
30688010804	2026-08-01T06:35:03Z	pull_request	feat/gov-legal-mcp	success	Commitlint	success	67
30688010804	2026-08-01T06:35:03Z	pull_request	feat/gov-legal-mcp	success	Secret Scanning	success	42
30688010804	2026-08-01T06:35:03Z	pull_request	feat/gov-legal-mcp	success	Test Integration	success	288
30688010804	2026-08-01T06:35:03Z	pull_request	feat/gov-legal-mcp	success	Coverage Regression	success	808
30688010804	2026-08-01T06:35:03Z	pull_request	feat/gov-legal-mcp	success	Codegen Drift	success	79
30688010804	2026-08-01T06:35:03Z	pull_request	feat/gov-legal-mcp	success	Nix Shell	success	68
30688010804	2026-08-01T06:35:03Z	pull_request	feat/gov-legal-mcp	success	Lint	success	633
30688010804	2026-08-01T06:35:03Z	pull_request	feat/gov-legal-mcp	success	Check	success	458
30688010804	2026-08-01T06:35:03Z	pull_request	feat/gov-legal-mcp	success	Repo Sanity	success	107
30688010804	2026-08-01T06:35:03Z	pull_request	feat/gov-legal-mcp	success	Build	skipped	0
30687271779	2026-08-01T06:11:39Z	pull_request	docs/identity-iri-fold-grill-decisions	success	Professional Desktop IPC Stdio	success	11
30687271779	2026-08-01T06:11:39Z	pull_request	docs/identity-iri-fold-grill-decisions	success	Lint Policy	success	576
30687271779	2026-08-01T06:11:39Z	pull_request	docs/identity-iri-fold-grill-decisions	success	Lint	success	74
30687271779	2026-08-01T06:11:39Z	pull_request	docs/identity-iri-fold-grill-decisions	success	Fallow Advisory Envelopes	success	85
30687271779	2026-08-01T06:11:39Z	pull_request	docs/identity-iri-fold-grill-decisions	success	Check	success	352
30687271779	2026-08-01T06:11:39Z	pull_request	docs/identity-iri-fold-grill-decisions	success	Commitlint	success	72
30687271779	2026-08-01T06:11:39Z	pull_request	docs/identity-iri-fold-grill-decisions	success	Property Laws	success	69
30687271779	2026-08-01T06:11:39Z	pull_request	docs/identity-iri-fold-grill-decisions	success	Test Integration	success	79
30687271779	2026-08-01T06:11:39Z	pull_request	docs/identity-iri-fold-grill-decisions	success	Secret Scanning	success	40
30687271779	2026-08-01T06:11:39Z	pull_request	docs/identity-iri-fold-grill-decisions	success	Docgen	success	79
30687271779	2026-08-01T06:11:39Z	pull_request	docs/identity-iri-fold-grill-decisions	success	Test Unit	success	79
30687271779	2026-08-01T06:11:39Z	pull_request	docs/identity-iri-fold-grill-decisions	success	Coverage Regression	success	82
30687271779	2026-08-01T06:11:39Z	pull_request	docs/identity-iri-fold-grill-decisions	success	Codegen Drift	success	82
30687271779	2026-08-01T06:11:39Z	pull_request	docs/identity-iri-fold-grill-decisions	success	SAST	success	82
30687271779	2026-08-01T06:11:39Z	pull_request	docs/identity-iri-fold-grill-decisions	success	Nix Shell	success	69
30687271779	2026-08-01T06:11:39Z	pull_request	docs/identity-iri-fold-grill-decisions	success	Repo Sanity	success	92
30687271779	2026-08-01T06:11:39Z	pull_request	docs/identity-iri-fold-grill-decisions	success	PR Size Label	success	7
30687271779	2026-08-01T06:11:39Z	pull_request	docs/identity-iri-fold-grill-decisions	success	Knip	success	69
30687271779	2026-08-01T06:11:39Z	pull_request	docs/identity-iri-fold-grill-decisions	success	JSDoc Ratchet	success	286
30687271779	2026-08-01T06:11:39Z	pull_request	docs/identity-iri-fold-grill-decisions	success	Build	skipped	
30687271779	2026-08-01T06:11:39Z	pull_request	docs/identity-iri-fold-grill-decisions	success	Security	success	44
