clone	run_id	branch	verdict_created_at	lane_id	lane_name	phase	status	duration_ms	has_timing	exit_code	repair_command
clone01	beep_editor-15abc31b98cb	@beep/editor	2026-06-14T05:49:09.634Z	closeout:01-pr-context	closeout:pr-context	monitor	not-run		false		
clone01	beep_editor-15abc31b98cb	@beep/editor	2026-06-14T05:49:09.634Z	closeout:02-review-gates	closeout:review-gates	monitor	not-run		false		
clone01	chore_deps-update-7-11-26-637556fb9690	chore/deps-update-7-11-26	2026-07-11T23:04:14.850Z	advisory:01-fallow-feedback	fallow-advisory-feedback	feedback	passed		false	0	
clone01	chore_deps-update-7-11-26-637556fb9690	chore/deps-update-7-11-26	2026-07-11T23:04:14.850Z	commit:01-git-commit	commit:git:commit	commit	passed		false	0	
clone01	chore_deps-update-7-11-26-637556fb9690	chore/deps-update-7-11-26	2026-07-11T23:04:14.850Z	full:01-pre-push	full:pre-push	full	passed		false	0	
clone01	chore_deps-update-7-11-26-637556fb9690	chore/deps-update-7-11-26	2026-07-11T23:04:14.850Z	publish:01-git-push	publish:git:push	publish	passed		false	0	
clone01	chore_deps-update-7-11-26-637556fb9690	chore/deps-update-7-11-26	2026-07-11T23:04:14.850Z	publish:02-pr-create	publish:pr-create	publish	passed		false	0	
clone01	chore_deps-update-7-11-26-637556fb9690	chore/deps-update-7-11-26	2026-07-11T23:04:14.850Z	monitor:01-pr-context	monitor:pr-context	monitor	passed		false	0	
clone01	chore_deps-update-7-11-26-637556fb9690	chore/deps-update-7-11-26	2026-07-11T23:04:14.850Z	monitor:02-pr-checks-watch	monitor:pr-checks:watch	monitor	passed		false	0	
clone01	chore_deps-update-7-13-26-3a7a4139ea68	chore/deps-update-7-13-26	2026-07-14T04:21:47.772Z	closeout:01-pr-context	closeout:pr-context	monitor	not-run		false		
clone01	chore_deps-update-7-13-26-3a7a4139ea68	chore/deps-update-7-13-26	2026-07-14T04:21:47.772Z	closeout:02-review-gates	closeout:review-gates	monitor	not-run		false		
clone01	chore_deps-update-7-24-26-59e4b1246bb9	@chore/deps-update-7-24-26	2026-07-25T00:37:15.309Z	closeout:01-pr-context	closeout:pr-context	monitor	not-run		false		
clone01	chore_deps-update-7-24-26-59e4b1246bb9	@chore/deps-update-7-24-26	2026-07-25T00:37:15.309Z	closeout:02-review-gates	closeout:review-gates	monitor	not-run		false		
clone01	chore_deps-update-effect-beta90-2743ec3db82b	chore/deps-update-effect-beta90	2026-06-27T04:03:02.894Z	closeout:01-pr-context	closeout:pr-context	monitor	not-run		false		
clone01	chore_deps-update-effect-beta90-2743ec3db82b	chore/deps-update-effect-beta90	2026-06-27T04:03:02.894Z	closeout:02-review-gates	closeout:review-gates	monitor	not-run		false		
clone01	chore_goals-housekeeping-9101cdac3f08	chore/goals-housekeeping	2026-07-11T05:50:23.557Z	monitor:01-pr-context	monitor:pr-context	monitor	passed		false	0	
clone01	chore_goals-housekeeping-9101cdac3f08	chore/goals-housekeeping	2026-07-11T05:50:23.557Z	monitor:02-pr-checks-watch	monitor:pr-checks:watch	monitor	passed		false	0	
clone01	chore_move-md-to-modeling-201fbcf7f29b	chore/move-md-to-modeling	2026-06-12T19:40:09.590Z	closeout:01-pr-context	closeout:pr-context	monitor	not-run		false		
clone01	chore_move-md-to-modeling-201fbcf7f29b	chore/move-md-to-modeling	2026-06-12T19:40:09.590Z	closeout:02-review-gates	closeout:review-gates	monitor	not-run		false		
clone01	chore_repo-green-sweep-6551c442cd2c	chore/repo-green-sweep	2026-06-15T23:13:51.142Z	advisory:01-fallow-feedback	fallow-advisory-feedback	feedback	passed		false	0	
clone01	chore_repo-green-sweep-6551c442cd2c	chore/repo-green-sweep	2026-06-15T23:13:51.142Z	commit:01-git-commit	commit:git:commit	commit	passed		false	0	
clone01	chore_repo-green-sweep-6551c442cd2c	chore/repo-green-sweep	2026-06-15T23:13:51.142Z	full:01-pre-push	full:pre-push	full	passed		false	0	
clone01	chore_repo-green-sweep-6551c442cd2c	chore/repo-green-sweep	2026-06-15T23:13:51.142Z	publish:01-git-push	publish:git:push	publish	not-run		false		
clone01	coding-agent-effectiveness-evidence-loop-0b12cb9b250e	coding-agent-effectiveness-evidence-loop	2026-08-01T02:33:45.040Z	advisory:01-fallow-feedback	fallow-advisory-feedback	feedback	passed	3154.428636	true	0	
clone01	coding-agent-effectiveness-evidence-loop-0b12cb9b250e	coding-agent-effectiveness-evidence-loop	2026-08-01T02:33:45.040Z	commit:01-git-commit	commit:git:commit	commit	passed	3650.450265	true	0	
clone01	coding-agent-effectiveness-evidence-loop-0b12cb9b250e	coding-agent-effectiveness-evidence-loop	2026-08-01T02:33:45.040Z	full:01-pre-push	full:pre-push	full	passed	1050605.133332	true	0	
clone01	coding-agent-effectiveness-evidence-loop-0b12cb9b250e	coding-agent-effectiveness-evidence-loop	2026-08-01T02:33:45.040Z	publish:00-head-install-preflight	publish:head-install-preflight	publish	not-run		false		
clone01	coding-agent-effectiveness-evidence-loop-0b12cb9b250e	coding-agent-effectiveness-evidence-loop	2026-08-01T02:33:45.040Z	publish:01-git-push	publish:git:push	publish	not-run		false		
clone01	coding-agent-effectiveness-evidence-loop-0b12cb9b250e	coding-agent-effectiveness-evidence-loop	2026-08-01T02:33:45.040Z	publish:02-pr-create	publish:pr-create	publish	not-run		false		
clone01	coding-agent-effectiveness-evidence-loop-0b12cb9b250e	coding-agent-effectiveness-evidence-loop	2026-08-01T02:33:45.040Z	monitor:01-pr-context	monitor:pr-context	monitor	not-run		false		
clone01	coding-agent-effectiveness-evidence-loop-0b12cb9b250e	coding-agent-effectiveness-evidence-loop	2026-08-01T02:33:45.040Z	monitor:02-pr-checks-watch	monitor:pr-checks:watch	monitor	not-run		false		
clone01	dataset-schemas-5a4998a2f732	dataset-schemas	2026-06-21T05:29:47.861Z	advisory:01-fallow-feedback	fallow-advisory-feedback	feedback	passed		false	0	
clone01	dataset-schemas-5a4998a2f732	dataset-schemas	2026-06-21T05:29:47.861Z	commit:01-git-commit	commit:git:commit	commit	passed		false	0	
clone01	dataset-schemas-5a4998a2f732	dataset-schemas	2026-06-21T05:29:47.861Z	full:01-pre-push	full:pre-push	full	passed		false	0	
clone01	dataset-schemas-5a4998a2f732	dataset-schemas	2026-06-21T05:29:47.861Z	publish:01-git-push	publish:git:push	publish	passed		false	0	
clone01	dataset-schemas-5a4998a2f732	dataset-schemas	2026-06-21T05:29:47.861Z	publish:02-pr-create	publish:pr-create	publish	passed		false	0	
clone01	dataset-schemas-5a4998a2f732	dataset-schemas	2026-06-21T05:29:47.861Z	monitor:01-pr-context	monitor:pr-context	monitor	passed		false	0	
clone01	dataset-schemas-5a4998a2f732	dataset-schemas	2026-06-21T05:29:47.861Z	monitor:02-pr-checks-watch	monitor:pr-checks:watch	monitor	failed		false	1	Rerun `bun run beep quality github-checks nix` and inspect the Nix error.
clone01	deps-update-7-10-26-5b8b0e3b86be	deps-update-7-10-26	2026-07-10T23:09:55.073Z	advisory:01-fallow-feedback	fallow-advisory-feedback	feedback	passed		false	0	
clone01	deps-update-7-10-26-5b8b0e3b86be	deps-update-7-10-26	2026-07-10T23:09:55.073Z	commit:01-git-commit	commit:git:commit	commit	passed		false	0	
clone01	deps-update-7-10-26-5b8b0e3b86be	deps-update-7-10-26	2026-07-10T23:09:55.073Z	full:01-pre-push	full:pre-push	full	passed		false	0	
clone01	deps-update-7-10-26-5b8b0e3b86be	deps-update-7-10-26	2026-07-10T23:09:55.073Z	publish:01-git-push	publish:git:push	publish	passed		false	0	
clone01	effect-claudecode-b81e25007222	effect-claudecode	2026-07-26T08:02:10.224Z	closeout:01-pr-context	closeout:pr-context	monitor	not-run		false		
clone01	effect-claudecode-b81e25007222	effect-claudecode	2026-07-26T08:02:10.224Z	closeout:02-review-gates	closeout:review-gates	monitor	not-run		false		
clone01	feat_agent-pipeline-velocity-f7cd88706539	feat/agent-pipeline-velocity	2026-07-06T01:46:27.917Z	monitor:01-pr-context	monitor:pr-context	monitor	passed		false	0	
clone01	feat_agent-pipeline-velocity-f7cd88706539	feat/agent-pipeline-velocity	2026-07-06T01:46:27.917Z	monitor:02-pr-checks-watch	monitor:pr-checks:watch	monitor	failed		false	1	Rerun `bun run beep quality github-checks nix` and inspect the Nix error.
clone01	feat_chat-surface-parity-ea0c09d2b2a4	feat/chat-surface-parity	2026-06-15T19:16:57.622Z	advisory:01-fallow-feedback	fallow-advisory-feedback	feedback	passed		false	0	
clone01	feat_chat-surface-parity-ea0c09d2b2a4	feat/chat-surface-parity	2026-06-15T19:16:57.622Z	full:01-review-fix	full:review-fix	full	failed		false	1	Run `bun run docgen:local` for edit loops or `bun run docgen` for the full proof.
clone01	feat_desktop-chat-surface-1ede65f235a2	feat/desktop-chat-surface	2026-06-15T02:48:15.259Z	advisory:01-fallow-feedback	fallow-advisory-feedback	feedback	passed		false	0	
clone01	feat_desktop-chat-surface-1ede65f235a2	feat/desktop-chat-surface	2026-06-15T02:48:15.259Z	full:01-pre-push	full:pre-push	full	failed		false	1	Run `bun run beep laws dual-arity --check` and fix enforced candidates.
clone01	feat_files-flatten-media-3696b4f5557c	feat/files-flatten-media	2026-07-28T22:00:11.085Z	closeout:01-pr-context	closeout:pr-context	monitor	not-run		false		
clone01	feat_files-flatten-media-3696b4f5557c	feat/files-flatten-media	2026-07-28T22:00:11.085Z	closeout:02-review-gates	closeout:review-gates	monitor	not-run		false		
clone01	feat_goals-doctor-c5f14a08435c	feat/goals-doctor	2026-07-11T13:31:58.354Z	monitor:01-pr-context	monitor:pr-context	monitor	passed		false	0	
clone01	feat_goals-doctor-c5f14a08435c	feat/goals-doctor	2026-07-11T13:31:58.354Z	monitor:02-pr-checks-watch	monitor:pr-checks:watch	monitor	passed		false	0	
clone01	feat_goals-doctor-packet-482e5785e85e	feat/goals-doctor-packet	2026-07-11T06:35:31.029Z	monitor:01-pr-context	monitor:pr-context	monitor	passed		false	0	
clone01	feat_goals-doctor-packet-482e5785e85e	feat/goals-doctor-packet	2026-07-11T06:35:31.029Z	monitor:02-pr-checks-watch	monitor:pr-checks:watch	monitor	passed		false	0	
clone01	feat_harness-hygiene-mechanical-11c84a5cd3d3	feat/harness-hygiene-mechanical	2026-07-14T13:50:03.930Z	closeout:01-pr-context	closeout:pr-context	monitor	not-run		false		
clone01	feat_harness-hygiene-mechanical-11c84a5cd3d3	feat/harness-hygiene-mechanical	2026-07-14T13:50:03.930Z	closeout:02-review-gates	closeout:review-gates	monitor	not-run		false		
clone01	feat_image-curation-pipeline-bb5ab6c59928	feat/image-curation-pipeline	2026-07-27T04:56:11.809Z	closeout:01-pr-context	closeout:pr-context	monitor	not-run		false		
clone01	feat_image-curation-pipeline-bb5ab6c59928	feat/image-curation-pipeline	2026-07-27T04:56:11.809Z	closeout:02-review-gates	closeout:review-gates	monitor	not-run		false		
clone01	feat_local-models-gguf-7c44160b53ab	feat/local-models-gguf	2026-06-29T03:55:30.899Z	advisory:01-fallow-feedback	fallow-advisory-feedback	feedback	passed		false	0	
clone01	feat_local-models-gguf-7c44160b53ab	feat/local-models-gguf	2026-06-29T03:55:30.899Z	full:01-pre-push	full:pre-push	full	passed		false	0	
clone01	feat_mcp-kit-04bbd4693c98	feat/mcp-kit	2026-07-01T22:44:13.023Z	monitor:01-pr-context	monitor:pr-context	monitor	passed		false	0	
clone01	feat_mcp-kit-04bbd4693c98	feat/mcp-kit	2026-07-01T22:44:13.023Z	monitor:02-pr-checks-watch	monitor:pr-checks:watch	monitor	failed		false	1	Rerun `bun run beep quality github-checks nix` and inspect the Nix error.
clone01	feat_pglite-inprocess-driver-50bae73c2bfb	feat/pglite-inprocess-driver	2026-06-18T10:22:27.513Z	advisory:01-fallow-feedback	fallow-advisory-feedback	feedback	passed		false	0	
clone01	feat_pglite-inprocess-driver-50bae73c2bfb	feat/pglite-inprocess-driver	2026-06-18T10:22:27.513Z	commit:01-git-commit	commit:git:commit	commit	not-run		false		
clone01	feat_pglite-inprocess-driver-50bae73c2bfb	feat/pglite-inprocess-driver	2026-06-18T10:22:27.513Z	full:01-pre-push	full:pre-push	full	not-run		false		
clone01	feat_pglite-inprocess-driver-50bae73c2bfb	feat/pglite-inprocess-driver	2026-06-18T10:22:27.513Z	publish:01-git-push	publish:git:push	publish	not-run		false		
clone01	feat_quality-gate-ratchets-df96724b5932	feat/quality-gate-ratchets	2026-07-06T14:06:42.241Z	publish:01-git-push	publish:git:push	publish	passed		false	0	
clone01	feat_quality-gate-ratchets-df96724b5932	feat/quality-gate-ratchets	2026-07-06T14:06:42.241Z	publish:02-pr-create	publish:pr-create	publish	passed		false	0	
clone01	feat_recorded-qa-system-f8e7770795e4	feat/recorded-qa-system	2026-07-31T02:30:52.939Z	monitor:01-pr-context	monitor:pr-context	monitor	passed	412.857959	true	0	
clone01	feat_recorded-qa-system-f8e7770795e4	feat/recorded-qa-system	2026-07-31T02:30:52.939Z	monitor:02-pr-checks-watch	monitor:pr-checks:watch	monitor	failed	881201.806517	true	1	Rerun `bun run beep quality github-checks nix` and inspect the Nix error.
clone01	feat_skillopt-training-pilot-2b400eba1d77	feat/skillopt-training-pilot	2026-07-07T00:35:30.695Z	publish:01-git-push	publish:git:push	publish	not-run		false		
clone01	feat_skillopt-training-pilot-2b400eba1d77	feat/skillopt-training-pilot	2026-07-07T00:35:30.695Z	publish:02-pr-create	publish:pr-create	publish	not-run		false		
clone01	feat_tracked-docs-home	feat/tracked-docs-home	2026-06-12T08:39:20.578Z	publish:01-git-push	publish:git:push	publish	passed		false	0	
clone01	fix_codex-security-findings-2026-07-10-a74d3dacf168	fix/codex-security-findings-2026-07-10	2026-07-11T04:04:00.603Z	closeout:01-pr-context	closeout:pr-context	monitor	not-run		false		
clone01	fix_codex-security-findings-2026-07-10-a74d3dacf168	fix/codex-security-findings-2026-07-10	2026-07-11T04:04:00.603Z	closeout:02-review-gates	closeout:review-gates	monitor	not-run		false		
clone01	fix_main-verify-cleanup-7d425b2bfa17	fix/main-verify-cleanup	2026-06-15T19:52:25.574Z	advisory:01-fallow-feedback	fallow-advisory-feedback	feedback	passed		false	0	
clone01	fix_main-verify-cleanup-7d425b2bfa17	fix/main-verify-cleanup	2026-06-15T19:52:25.574Z	full:01-pre-push	full:pre-push	full	failed		false	1	Run `bun run beep laws dual-arity --check` and fix enforced candidates.
clone01	goals_yeet-agent-ergonomics	goals/yeet-agent-ergonomics	2026-06-11T13:07:31.678Z	closeout:01-pr-context	closeout:pr-context	monitor	not-run		false		
clone01	goals_yeet-agent-ergonomics	goals/yeet-agent-ergonomics	2026-06-11T13:07:31.678Z	closeout:02-review-gates	closeout:review-gates	monitor	not-run		false		
clone01	gold-implementation-8e4297f08217	gold-implementation	2026-07-01T22:12:34.263Z	advisory:01-fallow-feedback	fallow-advisory-feedback	feedback	passed		false	0	
clone01	gold-implementation-8e4297f08217	gold-implementation	2026-07-01T22:12:34.263Z	full:01-pre-push	full:pre-push	full	failed		false	1	Run `bun run beep laws dual-arity --check` and fix enforced candidates.
clone01	gold-intake-01f4eda71a6d	gold-intake	2026-07-01T07:49:07.868Z	advisory:01-fallow-feedback	fallow-advisory-feedback	feedback	passed		false	0	
clone01	gold-intake-01f4eda71a6d	gold-intake	2026-07-01T07:49:07.868Z	full:01-pre-push	full:pre-push	full	failed		false	1	Run `bun run beep laws dual-arity --check` and fix enforced candidates.
clone01	knowledge-surface-automation-beed12b6d491	knowledge-surface-automation	2026-08-01T08:41:47.373Z	closeout:01-pr-context	closeout:pr-context	monitor	not-run		false		
clone01	knowledge-surface-automation-beed12b6d491	knowledge-surface-automation	2026-08-01T08:41:47.373Z	closeout:02-review-gates	closeout:review-gates	monitor	not-run		false		
clone01	knowledge-surface-p2-grill-decisions-91d22cd16692	knowledge-surface-p2-grill-decisions	2026-08-01T10:21:10.339Z	monitor:01-pr-context	monitor:pr-context	monitor	passed	319.991047	true	0	
clone01	knowledge-surface-p2-grill-decisions-91d22cd16692	knowledge-surface-p2-grill-decisions	2026-08-01T10:21:10.339Z	monitor:02-pr-checks-watch	monitor:pr-checks:watch	monitor	passed	582601.52722	true	0	
clone01	legal-drivers-35149bd3e531	legal-drivers	2026-06-30T02:04:09.810Z	advisory:01-fallow-feedback	fallow-advisory-feedback	feedback	passed		false	0	
clone01	legal-drivers-35149bd3e531	legal-drivers	2026-06-30T02:04:09.810Z	full:01-pre-push	full:pre-push	full	passed		false	0	
clone01	main-0d6e4079e367	main	2026-07-29T01:27:09.099Z	advisory:01-fallow-feedback	fallow-advisory-feedback	feedback	passed	1676.966632	true	0	
clone01	main-0d6e4079e367	main	2026-07-29T01:27:09.099Z	full:01-pre-push	full:pre-push	full	failed	1028905.930138	true	1	Run `bun run beep laws dual-arity --check` and fix enforced candidates.
clone01	main-0d6e4079e367	main	2026-07-29T01:27:09.099Z	publish:00-head-install-preflight	publish:head-install-preflight	full	passed	5496.685104	true	0	
clone01	public-ids-7bf746737181	public-ids	2026-07-09T00:52:51.942Z	monitor:01-pr-context	monitor:pr-context	monitor	passed		false	0	
clone01	public-ids-7bf746737181	public-ids	2026-07-09T00:52:51.942Z	monitor:02-pr-checks-watch	monitor:pr-checks:watch	monitor	passed		false	0	
clone01	refactor_law-practice-citation-defaults-f7355645f2de	refactor/law-practice-citation-defaults	2026-07-30T03:23:02.686Z	closeout:01-pr-context	closeout:pr-context	monitor	not-run		false		
clone01	refactor_law-practice-citation-defaults-f7355645f2de	refactor/law-practice-citation-defaults	2026-07-30T03:23:02.686Z	closeout:02-review-gates	closeout:review-gates	monitor	not-run		false		
clone01	slop_7-11-26-658cdedbc576	@slop/7-11-26	2026-07-11T21:53:12.634Z	advisory:01-fallow-feedback	fallow-advisory-feedback	feedback	passed		false	0	
clone01	slop_7-11-26-658cdedbc576	@slop/7-11-26	2026-07-11T21:53:12.634Z	commit:01-git-commit	commit:git:commit	commit	not-run		false		
clone01	slop_7-11-26-658cdedbc576	@slop/7-11-26	2026-07-11T21:53:12.634Z	full:01-pre-push	full:pre-push	full	not-run		false		
clone01	slop_7-11-26-658cdedbc576	@slop/7-11-26	2026-07-11T21:53:12.634Z	publish:01-git-push	publish:git:push	publish	not-run		false		
clone01	slop_7-17-26-d3bcdfd4f9cb	@slop/7-17-26	2026-07-18T01:52:10.088Z	closeout:01-pr-context	closeout:pr-context	monitor	not-run		false		
clone01	slop_7-17-26-d3bcdfd4f9cb	@slop/7-17-26	2026-07-18T01:52:10.088Z	closeout:02-review-gates	closeout:review-gates	monitor	not-run		false		
clone01	slop_7-29-26-809585e58ef0	@slop/7-29-26	2026-07-30T13:29:27.045Z	closeout:01-pr-context	closeout:pr-context	monitor	not-run		false		
clone01	slop_7-29-26-809585e58ef0	@slop/7-29-26	2026-07-30T13:29:27.045Z	closeout:02-review-gates	closeout:review-gates	monitor	not-run		false		
clone01	slop_deps-update-7-27-26-377e867d8c95	@slop/deps-update-7-27-26	2026-07-27T15:20:34.588Z	closeout:01-pr-context	closeout:pr-context	monitor	not-run		false		
clone01	slop_deps-update-7-27-26-377e867d8c95	@slop/deps-update-7-27-26	2026-07-27T15:20:34.588Z	closeout:02-review-gates	closeout:review-gates	monitor	not-run		false		
clone11	goals_goal-portfolio-driver-adc3c507d019	goals/goal-portfolio-driver	2026-07-17T00:33:29.265Z	advisory:01-fallow-feedback	fallow-advisory-feedback	feedback	passed	2156.239262	true	0	
clone11	goals_goal-portfolio-driver-adc3c507d019	goals/goal-portfolio-driver	2026-07-17T00:33:29.265Z	commit:01-git-commit	commit:git:commit:amend	commit	passed	534.704127	true	0	
clone11	goals_goal-portfolio-driver-adc3c507d019	goals/goal-portfolio-driver	2026-07-17T00:33:29.265Z	full:01-pre-push	full:pre-push	full	passed	643354.646745	true	0	
clone11	goals_goal-portfolio-driver-adc3c507d019	goals/goal-portfolio-driver	2026-07-17T00:33:29.265Z	publish:00-head-install-preflight	publish:head-install-preflight	publish	passed	3936.587847	true	0	
clone11	goals_goal-portfolio-driver-adc3c507d019	goals/goal-portfolio-driver	2026-07-17T00:33:29.265Z	publish:01-git-push	publish:git:push	publish	passed	1418.312334	true	0	
clone11	goals_goal-portfolio-driver-adc3c507d019	goals/goal-portfolio-driver	2026-07-17T00:33:29.265Z	publish:02-pr-create	publish:pr-create	publish	passed		false	0	
clone11	goals_goal-portfolio-driver-review-fixes-ee46cf4155f7	goals/goal-portfolio-driver-review-fixes	2026-07-17T01:32:29.945Z	closeout:01-pr-context	closeout:pr-context	monitor	not-run		false		
clone11	goals_goal-portfolio-driver-review-fixes-ee46cf4155f7	goals/goal-portfolio-driver-review-fixes	2026-07-17T01:32:29.945Z	closeout:02-review-gates	closeout:review-gates	monitor	not-run		false		
clone12	explore_agent-effectiveness-pulse-a1224828fde8	explore/agent-effectiveness-pulse	2026-07-14T08:40:00.968Z	advisory:01-fallow-feedback	fallow-advisory-feedback	feedback	passed		false	0	
clone12	explore_agent-effectiveness-pulse-a1224828fde8	explore/agent-effectiveness-pulse	2026-07-14T08:40:00.968Z	commit:01-git-commit	commit:git:commit	commit	passed		false	0	
clone12	explore_agent-effectiveness-pulse-a1224828fde8	explore/agent-effectiveness-pulse	2026-07-14T08:40:00.968Z	full:01-pre-push	full:pre-push	full	passed		false	0	
clone12	explore_agent-effectiveness-pulse-a1224828fde8	explore/agent-effectiveness-pulse	2026-07-14T08:40:00.968Z	publish:01-git-push	publish:git:push	publish	passed		false	0	
clone12	explore_agent-effectiveness-pulse-a1224828fde8	explore/agent-effectiveness-pulse	2026-07-14T08:40:00.968Z	publish:02-pr-create	publish:pr-create	publish	passed		false	0	
clone12	goals_agent-effectiveness-pulse-wave1-d0658fa593c3	goals/agent-effectiveness-pulse-wave1	2026-07-14T09:55:31.869Z	closeout:01-pr-context	closeout:pr-context	monitor	not-run		false		
clone12	goals_agent-effectiveness-pulse-wave1-d0658fa593c3	goals/agent-effectiveness-pulse-wave1	2026-07-14T09:55:31.869Z	closeout:02-review-gates	closeout:review-gates	monitor	not-run		false		
clone12	goals_harness-otel-adoption-impl-b976a11e50bd	goals/harness-otel-adoption-impl	2026-07-14T11:35:09.716Z	publish:01-git-push	publish:git:push	publish	passed		false	0	
clone13	feat_recorded-qa-followup-cb78e9dff6d1	feat/recorded-qa-followup	2026-08-01T13:50:29.859Z	publish:00-head-install-preflight	publish:head-install-preflight	publish	passed	5029.845313	true	0	
clone13	feat_recorded-qa-followup-cb78e9dff6d1	feat/recorded-qa-followup	2026-08-01T13:50:29.859Z	publish:01-git-push	publish:git:push	publish	passed	1448.856123	true	0	
clone14	chore_repos-pin-sync-ae7c954e546d	chore/repos-pin-sync	2026-07-25T06:47:55.556Z	advisory:01-fallow-feedback	fallow-advisory-feedback	feedback	passed	1671.678979	true	0	
clone14	chore_repos-pin-sync-ae7c954e546d	chore/repos-pin-sync	2026-07-25T06:47:55.556Z	commit:01-git-commit	commit:git:commit	commit	not-run		false		
clone14	chore_repos-pin-sync-ae7c954e546d	chore/repos-pin-sync	2026-07-25T06:47:55.556Z	full:01-pre-push	full:pre-push	full	not-run		false		
clone14	chore_repos-pin-sync-ae7c954e546d	chore/repos-pin-sync	2026-07-25T06:47:55.556Z	publish:00-head-install-preflight	publish:head-install-preflight	publish	not-run		false		
clone14	chore_repos-pin-sync-ae7c954e546d	chore/repos-pin-sync	2026-07-25T06:47:55.556Z	publish:01-git-push	publish:git:push	publish	not-run		false		
clone16	docs_legal-patent-kg-deepening-reconciliation-8073c4dece14	docs/legal-patent-kg-deepening-reconciliation	2026-08-01T17:18:57.094Z	closeout:01-pr-context	closeout:pr-context	monitor	not-run		false		
clone16	docs_legal-patent-kg-deepening-reconciliation-8073c4dece14	docs/legal-patent-kg-deepening-reconciliation	2026-08-01T17:18:57.094Z	closeout:02-review-gates	closeout:review-gates	monitor	not-run		false		
clone16	docs_legal-patent-kg-deepening-research-34f3e8d2be67	docs/legal-patent-kg-deepening-research	2026-08-01T16:38:48.128Z	closeout:01-pr-context	closeout:pr-context	monitor	not-run		false		
clone16	docs_legal-patent-kg-deepening-research-34f3e8d2be67	docs/legal-patent-kg-deepening-research	2026-08-01T16:38:48.128Z	closeout:02-review-gates	closeout:review-gates	monitor	not-run		false		
clone16	docs_legal-patent-kg-deepening-seed-da3211adb740	docs/legal-patent-kg-deepening-seed	2026-08-01T10:05:46.783Z	monitor:01-pr-context	monitor:pr-context	monitor	passed	520.081824	true	0	
clone16	docs_legal-patent-kg-deepening-seed-da3211adb740	docs/legal-patent-kg-deepening-seed	2026-08-01T10:05:46.783Z	monitor:02-pr-checks-watch	monitor:pr-checks:watch	monitor	passed	594541.97675	true	0	
clone18	chore_deps-update-7-28-26-400b7aeb61c7	@chore/deps-update-7-28-26	2026-07-29T08:34:14.815Z	closeout:01-pr-context	closeout:pr-context	monitor	not-run		false		
clone18	chore_deps-update-7-28-26-400b7aeb61c7	@chore/deps-update-7-28-26	2026-07-29T08:34:14.815Z	closeout:02-review-gates	closeout:review-gates	monitor	not-run		false		
clone18	chore_effect-main-subtree-beep-effect2-76abadefecd7	chore/effect-main-subtree-beep-effect2	2026-07-17T03:07:11.550Z	advisory:01-fallow-feedback	fallow-advisory-feedback	feedback	passed	1733.584806	true	0	
clone18	chore_effect-main-subtree-beep-effect2-76abadefecd7	chore/effect-main-subtree-beep-effect2	2026-07-17T03:07:11.550Z	commit:01-git-commit	commit:git:commit	commit	passed	343.67231	true	0	
clone18	chore_effect-main-subtree-beep-effect2-76abadefecd7	chore/effect-main-subtree-beep-effect2	2026-07-17T03:07:11.550Z	full:01-pre-push	full:pre-push	full	passed	667450.485884	true	0	
clone18	chore_effect-main-subtree-beep-effect2-76abadefecd7	chore/effect-main-subtree-beep-effect2	2026-07-17T03:07:11.550Z	publish:00-head-install-preflight	publish:head-install-preflight	publish	passed	4461.153612	true	0	
clone18	chore_effect-main-subtree-beep-effect2-76abadefecd7	chore/effect-main-subtree-beep-effect2	2026-07-17T03:07:11.550Z	publish:01-git-push	publish:git:push	publish	passed	2104.60146	true	0	
clone18	chore_effect-main-subtree-beep-effect2-76abadefecd7	chore/effect-main-subtree-beep-effect2	2026-07-17T03:07:11.550Z	publish:02-pr-create	publish:pr-create	publish	passed		false	0	
clone18	chore_effect-main-subtree-beep-effect2-76abadefecd7	chore/effect-main-subtree-beep-effect2	2026-07-17T03:07:11.550Z	monitor:01-pr-context	monitor:pr-context	monitor	passed	364.430032	true	0	
clone18	chore_effect-main-subtree-beep-effect2-76abadefecd7	chore/effect-main-subtree-beep-effect2	2026-07-17T03:07:11.550Z	monitor:02-pr-checks-watch	monitor:pr-checks:watch	monitor	failed	734.131898	true	1	gh pr checks --watch
clone18	chore_effect-main-subtree-beep-effect2-v2-9e294e4bd710	chore/effect-main-subtree-beep-effect2-v2	2026-07-17T03:37:44.693Z	closeout:01-pr-context	closeout:pr-context	monitor	not-run		false		
clone18	chore_effect-main-subtree-beep-effect2-v2-9e294e4bd710	chore/effect-main-subtree-beep-effect2-v2	2026-07-17T03:37:44.693Z	closeout:02-review-gates	closeout:review-gates	monitor	not-run		false		
clone18	chore_epistemic-closeout-hygiene-20612c1b81bd	chore/epistemic-closeout-hygiene	2026-07-26T04:22:14.869Z	closeout:01-pr-context	closeout:pr-context	monitor	not-run		false		
clone18	chore_epistemic-closeout-hygiene-20612c1b81bd	chore/epistemic-closeout-hygiene	2026-07-26T04:22:14.869Z	closeout:02-review-gates	closeout:review-gates	monitor	not-run		false		
clone18	chore_remove-redundant-write-deny-rules-5ac77f4ac9ff	chore/remove-redundant-write-deny-rules	2026-07-25T07:34:45.510Z	closeout:01-pr-context	closeout:pr-context	monitor	not-run		false		
clone18	chore_remove-redundant-write-deny-rules-5ac77f4ac9ff	chore/remove-redundant-write-deny-rules	2026-07-25T07:34:45.510Z	closeout:02-review-gates	closeout:review-gates	monitor	not-run		false		
clone18	codex_effect-capability-kg-seed-5724c7d85f1f	codex/effect-capability-kg-seed	2026-06-15T12:00:26.777Z	advisory:01-fallow-feedback	fallow-advisory-feedback	feedback	passed		false	0	
clone18	codex_effect-capability-kg-seed-5724c7d85f1f	codex/effect-capability-kg-seed	2026-06-15T12:00:26.777Z	commit:01-git-commit	commit:git:commit	commit	passed		false	0	
clone18	codex_effect-capability-kg-seed-5724c7d85f1f	codex/effect-capability-kg-seed	2026-06-15T12:00:26.777Z	full:01-pre-push	full:pre-push	full	failed		false	1	Run `bun run beep laws terse-effect --check` and inspect blocking, rewritable, and informational files.
clone18	codex_effect-capability-kg-seed-5724c7d85f1f	codex/effect-capability-kg-seed	2026-06-15T12:00:26.777Z	publish:01-git-push	publish:git:push	publish	not-run		false		
clone18	codex_effect-capability-kg-seed-5724c7d85f1f	codex/effect-capability-kg-seed	2026-06-15T12:00:26.777Z	publish:02-pr-create	publish:pr-create	publish	not-run		false		
clone18	codex_effect-capability-kg-seed-5724c7d85f1f	codex/effect-capability-kg-seed	2026-06-15T12:00:26.777Z	monitor:01-pr-context	monitor:pr-context	monitor	not-run		false		
clone18	codex_effect-capability-kg-seed-5724c7d85f1f	codex/effect-capability-kg-seed	2026-06-15T12:00:26.777Z	monitor:02-pr-checks-watch	monitor:pr-checks:watch	monitor	not-run		false		
clone18	codex_quality-to-nine-2d8cfaf2e30d	codex/quality-to-nine	2026-07-30T09:42:26.702Z	closeout:01-pr-context	closeout:pr-context	monitor	not-run		false		
clone18	codex_quality-to-nine-2d8cfaf2e30d	codex/quality-to-nine	2026-07-30T09:42:26.702Z	closeout:02-review-gates	closeout:review-gates	monitor	not-run		false		
clone18	codex_yeet-verify-repair-9d7ade8d0fa1	codex/yeet-verify-repair	2026-07-05T22:37:13.158Z	closeout:01-pr-context	closeout:pr-context	monitor	not-run		false		
clone18	codex_yeet-verify-repair-9d7ade8d0fa1	codex/yeet-verify-repair	2026-07-05T22:37:13.158Z	closeout:02-review-gates	closeout:review-gates	monitor	not-run		false		
clone18	doc-improvements-e8e4d879340b	doc-improvements	2026-07-01T05:31:00.759Z	advisory:01-fallow-feedback	fallow-advisory-feedback	feedback	passed		false	0	
clone18	doc-improvements-e8e4d879340b	doc-improvements	2026-07-01T05:31:00.759Z	full:01-pre-push	full:pre-push	full	failed		false	1	Run `bun run beep laws dual-arity --check` and fix enforced candidates.
clone18	dockview-experiment-b7603f9472a9	dockview-experiment	2026-07-14T02:11:52.068Z	closeout:01-pr-context	closeout:pr-context	monitor	not-run		false		
clone18	dockview-experiment-b7603f9472a9	dockview-experiment	2026-07-14T02:11:52.068Z	closeout:02-review-gates	closeout:review-gates	monitor	not-run		false		
clone18	docs_harness-otel-adoption-close-e2ed95cd18ed	docs/harness-otel-adoption-close	2026-07-25T13:36:29.679Z	closeout:01-pr-context	closeout:pr-context	monitor	not-run		false		
clone18	docs_harness-otel-adoption-close-e2ed95cd18ed	docs/harness-otel-adoption-close	2026-07-25T13:36:29.679Z	closeout:02-review-gates	closeout:review-gates	monitor	not-run		false		
clone18	docs_p1-hook-semantics-spike-584b22d09d99	docs/p1-hook-semantics-spike	2026-08-01T07:58:20.500Z	advisory:01-fallow-feedback	fallow-advisory-feedback	feedback	passed	1813.623201	true	0	
clone18	docs_p1-hook-semantics-spike-584b22d09d99	docs/p1-hook-semantics-spike	2026-08-01T07:58:20.500Z	commit:01-git-commit	commit:git:commit	commit	passed	705.432986	true	0	
clone18	docs_p1-hook-semantics-spike-584b22d09d99	docs/p1-hook-semantics-spike	2026-08-01T07:58:20.500Z	full:01-pre-push	full:pre-push	full	passed	858833.187355	true	0	
clone18	docs_p1-hook-semantics-spike-584b22d09d99	docs/p1-hook-semantics-spike	2026-08-01T07:58:20.500Z	publish:00-head-install-preflight	publish:head-install-preflight	publish	passed	9769.691183	true	0	
clone18	docs_p1-hook-semantics-spike-584b22d09d99	docs/p1-hook-semantics-spike	2026-08-01T07:58:20.500Z	publish:01-git-push	publish:git:push	publish	passed	1275.681544	true	0	
clone18	docs_yeet-preflight-closeout-3ea1f62e16db	docs/yeet-preflight-closeout	2026-07-14T11:56:57.020Z	advisory:01-fallow-feedback	fallow-advisory-feedback	feedback	passed	1684.725173	true	0	
clone18	docs_yeet-preflight-closeout-3ea1f62e16db	docs/yeet-preflight-closeout	2026-07-14T11:56:57.020Z	commit:01-git-commit	commit:git:commit	commit	passed	2319.891871	true	0	
clone18	docs_yeet-preflight-closeout-3ea1f62e16db	docs/yeet-preflight-closeout	2026-07-14T11:56:57.020Z	full:01-pre-push	full:pre-push	full	passed	584456.288593	true	0	
clone18	docs_yeet-preflight-closeout-3ea1f62e16db	docs/yeet-preflight-closeout	2026-07-14T11:56:57.020Z	publish:00-head-install-preflight	publish:head-install-preflight	publish	passed	5041.218349	true	0	
clone18	docs_yeet-preflight-closeout-3ea1f62e16db	docs/yeet-preflight-closeout	2026-07-14T11:56:57.020Z	publish:01-git-push	publish:git:push	publish	passed	1250.163893	true	0	
clone18	docs_yeet-preflight-closeout-3ea1f62e16db	docs/yeet-preflight-closeout	2026-07-14T11:56:57.020Z	publish:02-pr-create	publish:pr-create	publish	passed		false	0	
clone18	explorations-3f867fbf66df	explorations	2026-06-18T21:31:11.616Z	closeout:01-pr-context	closeout:pr-context	monitor	not-run		false		
clone18	explorations-3f867fbf66df	explorations	2026-06-18T21:31:11.616Z	closeout:02-review-gates	closeout:review-gates	monitor	not-run		false		
clone18	feat_crispening-p0-enforce-8ea0dd620de5	feat/crispening-p0-enforce	2026-07-06T01:35:26.239Z	monitor:01-pr-context	monitor:pr-context	monitor	passed		false	0	
clone18	feat_crispening-p0-enforce-8ea0dd620de5	feat/crispening-p0-enforce	2026-07-06T01:35:26.239Z	monitor:02-pr-checks-watch	monitor:pr-checks:watch	monitor	failed		false	1	Rerun `bun run beep quality github-checks nix` and inspect the Nix error.
clone18	feat_crispening-p1-baseline-b9ee4cdf581a	feat/crispening-p1-baseline	2026-07-06T06:15:55.914Z	advisory:01-fallow-feedback	fallow-advisory-feedback	feedback	passed		false	0	
clone18	feat_crispening-p1-baseline-b9ee4cdf581a	feat/crispening-p1-baseline	2026-07-06T06:15:55.914Z	commit:01-git-commit	commit:git:commit	commit	not-run		false		
clone18	feat_crispening-p1-baseline-b9ee4cdf581a	feat/crispening-p1-baseline	2026-07-06T06:15:55.914Z	full:01-pre-push	full:pre-push	full	not-run		false		
clone18	feat_crispening-p1-baseline-b9ee4cdf581a	feat/crispening-p1-baseline	2026-07-06T06:15:55.914Z	publish:01-git-push	publish:git:push	publish	not-run		false		
clone18	feat_crispening-p1-baseline-b9ee4cdf581a	feat/crispening-p1-baseline	2026-07-06T06:15:55.914Z	publish:02-pr-create	publish:pr-create	publish	not-run		false		
clone18	feat_crispening-p2-foundation-capability-c1c0b8a7d04d	feat/crispening-p2-foundation-capability	2026-07-06T11:52:16.171Z	advisory:01-fallow-feedback	fallow-advisory-feedback	feedback	passed		false	0	
clone18	feat_crispening-p2-foundation-capability-c1c0b8a7d04d	feat/crispening-p2-foundation-capability	2026-07-06T11:52:16.171Z	full:01-pre-push	full:pre-push	full	failed		false	1	Run the typos checker on the flagged files and fix the spelling, or whitelist intentional terms in `_typos.toml`.
clone18	feat_crispening-p2-foundation-close-8f30c40e43c1	feat/crispening-p2-foundation-close	2026-07-06T21:46:15.240Z	advisory:01-fallow-feedback	fallow-advisory-feedback	feedback	passed		false	0	
clone18	feat_crispening-p2-foundation-close-8f30c40e43c1	feat/crispening-p2-foundation-close	2026-07-06T21:46:15.240Z	full:01-pre-push	full:pre-push	full	not-run		false		
clone18	feat_crispening-p2-pilot-md-ef7b47e06563	feat/crispening-p2-pilot-md	2026-07-06T09:33:33.002Z	advisory:01-fallow-feedback	fallow-advisory-feedback	feedback	passed		false	0	
clone18	feat_crispening-p2-pilot-md-ef7b47e06563	feat/crispening-p2-pilot-md	2026-07-06T09:33:33.002Z	full:01-pre-push	full:pre-push	full	passed		false	0	
clone18	feat_crispening-p3-catalog-c5085f12fcca	feat/crispening-p3-catalog	2026-07-07T15:31:53.106Z	advisory:01-fallow-feedback	fallow-advisory-feedback	feedback	passed		false	0	
clone18	feat_crispening-p3-catalog-c5085f12fcca	feat/crispening-p3-catalog	2026-07-07T15:31:53.106Z	commit:01-git-commit	commit:git:commit	commit	not-run		false		
clone18	feat_crispening-p3-catalog-c5085f12fcca	feat/crispening-p3-catalog	2026-07-07T15:31:53.106Z	full:01-pre-push	full:pre-push	full	not-run		false		
clone18	feat_crispening-p3-catalog-c5085f12fcca	feat/crispening-p3-catalog	2026-07-07T15:31:53.106Z	publish:01-git-push	publish:git:push	publish	not-run		false		
clone18	feat_crispening-p3-catalog-c5085f12fcca	feat/crispening-p3-catalog	2026-07-07T15:31:53.106Z	publish:02-pr-create	publish:pr-create	publish	not-run		false		
clone18	feat_dock-minima-wiring-29998f6c23eb	feat/dock-minima-wiring	2026-07-14T07:44:44.738Z	closeout:01-pr-context	closeout:pr-context	monitor	not-run		false		
clone18	feat_dock-minima-wiring-29998f6c23eb	feat/dock-minima-wiring	2026-07-14T07:44:44.738Z	closeout:02-review-gates	closeout:review-gates	monitor	not-run		false		
clone18	feat_dockview-bubbles-demo-601c516342cf	feat/dockview-bubbles-demo	2026-07-14T11:32:25.025Z	closeout:01-pr-context	closeout:pr-context	monitor	not-run		false		
clone18	feat_dockview-bubbles-demo-601c516342cf	feat/dockview-bubbles-demo	2026-07-14T11:32:25.025Z	closeout:02-review-gates	closeout:review-gates	monitor	not-run		false		
clone18	feat_dockview-demo-harness-dbacab259dc6	feat/dockview-demo-harness	2026-07-14T08:52:09.053Z	closeout:01-pr-context	closeout:pr-context	monitor	not-run		false		
clone18	feat_dockview-demo-harness-dbacab259dc6	feat/dockview-demo-harness	2026-07-14T08:52:09.053Z	closeout:02-review-gates	closeout:review-gates	monitor	not-run		false		
clone18	feat_epistemic-bitemporal-edge-core-9f6d3d11ef39	feat/epistemic-bitemporal-edge-core	2026-07-26T03:05:51.668Z	closeout:01-pr-context	closeout:pr-context	monitor	not-run		false		
clone18	feat_epistemic-bitemporal-edge-core-9f6d3d11ef39	feat/epistemic-bitemporal-edge-core	2026-07-26T03:05:51.668Z	closeout:02-review-gates	closeout:review-gates	monitor	not-run		false		
clone18	feat_epistemic-bitemporal-p0-spike-1e819c5cf318	feat/epistemic-bitemporal-p0-spike	2026-07-25T18:47:08.339Z	monitor:01-pr-context	monitor:pr-context	monitor	passed	312.039434	true	0	
clone18	feat_epistemic-bitemporal-p0-spike-1e819c5cf318	feat/epistemic-bitemporal-p0-spike	2026-07-25T18:47:08.339Z	monitor:02-pr-checks-watch	monitor:pr-checks:watch	monitor	passed	63023.851933	true	0	
clone18	feat_epistemic-successor-packets-93610059ce4d	feat/epistemic-successor-packets	2026-07-26T04:55:01.098Z	closeout:01-pr-context	closeout:pr-context	monitor	not-run		false		
clone18	feat_epistemic-successor-packets-93610059ce4d	feat/epistemic-successor-packets	2026-07-26T04:55:01.098Z	closeout:02-review-gates	closeout:review-gates	monitor	not-run		false		
clone18	feat_fallow-advisory-ratchets	feat/fallow-advisory-ratchets	2026-06-12T06:01:59.722Z	monitor:01-pr-context	monitor:pr-context	monitor	passed		false	0	
clone18	feat_fallow-advisory-ratchets	feat/fallow-advisory-ratchets	2026-06-12T06:01:59.722Z	monitor:02-pr-checks-watch	monitor:pr-checks:watch	monitor	passed		false	0	
clone18	feat_fallow-debt-burndown	feat/fallow-debt-burndown	2026-06-11T18:25:43.675Z	advisory:01-fallow-feedback	fallow-advisory-feedback	feedback	passed		false	0	
clone18	feat_fallow-debt-burndown	feat/fallow-debt-burndown	2026-06-11T18:25:43.675Z	commit:01-git-commit	commit:git:commit	commit	passed		false	0	
clone18	feat_fallow-debt-burndown	feat/fallow-debt-burndown	2026-06-11T18:25:43.675Z	full:01-pre-push	full:pre-push	full	passed		false	0	
clone18	feat_fallow-debt-burndown	feat/fallow-debt-burndown	2026-06-11T18:25:43.675Z	publish:01-git-push	publish:git:push	publish	passed		false	0	
clone18	feat_fallow-debt-burndown	feat/fallow-debt-burndown	2026-06-11T18:25:43.675Z	publish:02-pr-create	publish:pr-create	publish	passed		false	0	
clone18	feat_fallow-debt-burndown	feat/fallow-debt-burndown	2026-06-11T18:25:43.675Z	monitor:01-pr-context	monitor:pr-context	monitor	passed		false	0	
clone18	feat_fallow-debt-burndown	feat/fallow-debt-burndown	2026-06-11T18:25:43.675Z	monitor:02-pr-checks-watch	monitor:pr-checks:watch	monitor	passed		false	0	
clone18	feat_fallow-zero-dead-code	feat/fallow-zero-dead-code	2026-06-11T14:55:56.465Z	closeout:01-pr-context	closeout:pr-context	monitor	not-run		false		
clone18	feat_fallow-zero-dead-code	feat/fallow-zero-dead-code	2026-06-11T14:55:56.465Z	closeout:02-review-gates	closeout:review-gates	monitor	not-run		false		
clone18	feat_file-processing-p2-tika-f6e8b2d3923c	feat/file-processing-p2-tika	2026-07-26T08:25:28.080Z	monitor:01-pr-context	monitor:pr-context	monitor	passed	375.779953	true	0	
clone18	feat_file-processing-p2-tika-f6e8b2d3923c	feat/file-processing-p2-tika	2026-07-26T08:25:28.080Z	monitor:02-pr-checks-watch	monitor:pr-checks:watch	monitor	passed	439691.737977	true	0	
clone18	feat_file-processing-p3-libpff-8621a5bce519	feat/file-processing-p3-libpff	2026-07-27T01:13:38.312Z	closeout:01-pr-context	closeout:pr-context	monitor	not-run		false		
clone18	feat_file-processing-p3-libpff-8621a5bce519	feat/file-processing-p3-libpff	2026-07-27T01:13:38.312Z	closeout:02-review-gates	closeout:review-gates	monitor	not-run		false		
clone18	feat_file-processing-p4-cli-proof-a32bda3d3aab	feat/file-processing-p4-cli-proof	2026-07-27T12:00:29.441Z	closeout:01-pr-context	closeout:pr-context	monitor	not-run		false		
clone18	feat_file-processing-p4-cli-proof-a32bda3d3aab	feat/file-processing-p4-cli-proof	2026-07-27T12:00:29.441Z	closeout:02-review-gates	closeout:review-gates	monitor	not-run		false		
clone18	feat_hook-pulse-schema-impl-eae4aa64bd13	feat/hook-pulse-schema-impl	2026-08-01T13:03:25.661Z	advisory:01-fallow-feedback	fallow-advisory-feedback	feedback	passed	3216.149122	true	0	
clone18	feat_hook-pulse-schema-impl-eae4aa64bd13	feat/hook-pulse-schema-impl	2026-08-01T13:03:25.661Z	full:01-pre-push	full:pre-push	full	passed	1070496.481665	true	0	
clone18	feat_hook-pulse-schema-impl-eae4aa64bd13	feat/hook-pulse-schema-impl	2026-08-01T13:03:25.661Z	publish:00-head-install-preflight	publish:head-install-preflight	full	passed	11163.280018	true	0	
clone18	feat_openclaw-p0-spike2-evidence-bacd513909b4	feat/openclaw-p0-spike2-evidence	2026-07-26T09:53:15.748Z	closeout:01-pr-context	closeout:pr-context	monitor	not-run		false		
clone18	feat_openclaw-p0-spike2-evidence-bacd513909b4	feat/openclaw-p0-spike2-evidence	2026-07-26T09:53:15.748Z	closeout:02-review-gates	closeout:review-gates	monitor	not-run		false		
clone18	feat_test-typecheck-blindspot-lint-05da5779bbd4	feat/test-typecheck-blindspot-lint	2026-07-26T19:11:56.125Z	closeout:01-pr-context	closeout:pr-context	monitor	not-run		false		
clone18	feat_test-typecheck-blindspot-lint-05da5779bbd4	feat/test-typecheck-blindspot-lint	2026-07-26T19:11:56.125Z	closeout:02-review-gates	closeout:review-gates	monitor	not-run		false		
clone18	feat_yeet-publish-preflight-40e88cda32f9	feat/yeet-publish-preflight	2026-07-14T11:20:46.221Z	closeout:01-pr-context	closeout:pr-context	monitor	not-run		false		
clone18	feat_yeet-publish-preflight-40e88cda32f9	feat/yeet-publish-preflight	2026-07-14T11:20:46.221Z	closeout:02-review-gates	closeout:review-gates	monitor	not-run		false		
clone18	fix_date-picker-story-flake-1d3e543dc11a	fix/date-picker-story-flake	2026-07-26T10:42:29.217Z	closeout:01-pr-context	closeout:pr-context	monitor	not-run		false		
clone18	fix_date-picker-story-flake-1d3e543dc11a	fix/date-picker-story-flake	2026-07-26T10:42:29.217Z	closeout:02-review-gates	closeout:review-gates	monitor	not-run		false		
clone18	fix_dependency-quality-green-ba4fce16484e	fix/dependency-quality-green	2026-06-21T00:11:53.320Z	advisory:01-fallow-feedback	fallow-advisory-feedback	feedback	passed		false	0	
clone18	fix_dependency-quality-green-ba4fce16484e	fix/dependency-quality-green	2026-06-21T00:11:53.320Z	full:01-pre-push	full:pre-push	full	passed		false	0	
clone18	fix_dependency-quality-warning-cleanup-de46729cc76f	fix/dependency-quality-warning-cleanup	2026-06-21T02:01:53.176Z	closeout:01-pr-context	closeout:pr-context	monitor	not-run		false		
clone18	fix_dependency-quality-warning-cleanup-de46729cc76f	fix/dependency-quality-warning-cleanup	2026-06-21T02:01:53.176Z	closeout:02-review-gates	closeout:review-gates	monitor	not-run		false		
clone18	html-experiment-db635e2b96f8	html-experiment	2026-07-08T17:56:14.405Z	publish:01-git-push	publish:git:push	publish	not-run		false		
clone18	main-0d6e4079e367	main	2026-07-30T02:41:07.210Z	advisory:01-fallow-feedback	fallow-advisory-feedback	feedback	passed	1864.689159	true	0	
clone18	main-0d6e4079e367	main	2026-07-30T02:41:07.210Z	full:01-pre-push	full:pre-push	full	passed	822452.871295	true	0	
clone18	main-0d6e4079e367	main	2026-07-30T02:41:07.210Z	publish:00-head-install-preflight	publish:head-install-preflight	full	passed	7373.558618	true	0	
clone18	n3-8721d664ef60	n3	2026-06-30T08:29:16.135Z	advisory:01-fallow-feedback	fallow-advisory-feedback	feedback	passed		false	0	
clone18	n3-8721d664ef60	n3	2026-06-30T08:29:16.135Z	full:01-pre-push	full:pre-push	full	failed		false	1	Run `bun run beep laws terse-effect --check` and inspect blocking, rewritable, and informational files.
clone18	security_6-17-2026-0f28f2b7083b	security/6-17-2026	2026-06-18T07:13:34.247Z	advisory:01-fallow-feedback	fallow-advisory-feedback	feedback	passed		false	0	
clone18	security_6-17-2026-0f28f2b7083b	security/6-17-2026	2026-06-18T07:13:34.247Z	full:01-pre-push	full:pre-push	full	passed		false	0	
clone18	security_codex-findings-2026-06-18-44edafcb0570	security/codex-findings-2026-06-18	2026-06-18T10:32:39.524Z	advisory:01-fallow-feedback	fallow-advisory-feedback	feedback	passed		false	0	
clone18	security_codex-findings-2026-06-18-44edafcb0570	security/codex-findings-2026-06-18	2026-06-18T10:32:39.524Z	full:01-pre-push	full:pre-push	full	failed		false	1	Run `bun run beep laws dual-arity --check` and fix enforced candidates.
clone18	security_codex-findings-2026-07-08-7d9a6290d93c	security/codex-findings-2026-07-08	2026-07-08T15:20:51.653Z	closeout:01-pr-context	closeout:pr-context	monitor	not-run		false		
clone18	security_codex-findings-2026-07-08-7d9a6290d93c	security/codex-findings-2026-07-08	2026-07-08T15:20:51.653Z	closeout:02-review-gates	closeout:review-gates	monitor	not-run		false		
clone18	slop_6-30-26-6543497f93d7	@slop/6-30-26	2026-07-01T00:59:58.358Z	advisory:01-fallow-feedback	fallow-advisory-feedback	feedback	passed		false	0	
clone18	slop_6-30-26-6543497f93d7	@slop/6-30-26	2026-07-01T00:59:58.358Z	full:01-pre-push	full:pre-push	full	passed		false	0	
clone18	slop_7-11-26-658cdedbc576	@slop/7-11-26	2026-07-11T09:53:26.187Z	closeout:01-pr-context	closeout:pr-context	monitor	not-run		false		
clone18	slop_7-11-26-658cdedbc576	@slop/7-11-26	2026-07-11T09:53:26.187Z	closeout:02-review-gates	closeout:review-gates	monitor	not-run		false		
clone23	feat_desktop-dock-shell-76098ae85417	feat/desktop-dock-shell	2026-07-17T15:24:10.866Z	closeout:01-pr-context	closeout:pr-context	monitor	not-run		false		
clone23	feat_desktop-dock-shell-76098ae85417	feat/desktop-dock-shell	2026-07-17T15:24:10.866Z	closeout:02-review-gates	closeout:review-gates	monitor	not-run		false		
clone24	chore_dock-substrate-closeout-ceb2f12bbdb5	chore/dock-substrate-closeout	2026-07-17T16:07:44.560Z	closeout:01-pr-context	closeout:pr-context	monitor	not-run		false		
clone24	chore_dock-substrate-closeout-ceb2f12bbdb5	chore/dock-substrate-closeout	2026-07-17T16:07:44.560Z	closeout:02-review-gates	closeout:review-gates	monitor	not-run		false		
clone25	feat_dock-react-package-52e3135ba84b	feat/dock-react-package	2026-07-17T03:08:04.603Z	closeout:01-pr-context	closeout:pr-context	monitor	not-run		false		
clone25	feat_dock-react-package-52e3135ba84b	feat/dock-react-package	2026-07-17T03:08:04.603Z	closeout:02-review-gates	closeout:review-gates	monitor	not-run		false		
clone26	docs_pr-392-merge-closeout-9b40826064e5	docs/pr-392-merge-closeout	2026-07-14T03:35:30.509Z	prepare:01-effect-imports	prepare:laws:effect-imports	prepare	passed		false	0	
clone26	docs_pr-392-merge-closeout-9b40826064e5	docs/pr-392-merge-closeout	2026-07-14T03:35:30.509Z	prepare:02-dual-arity	prepare:laws:dual-arity	prepare	passed		false	0	
clone26	docs_pr-392-merge-closeout-9b40826064e5	docs/pr-392-merge-closeout	2026-07-14T03:35:30.509Z	prepare:03-config-sync	prepare:config-sync	prepare	passed		false	0	
clone26	docs_pr-392-merge-closeout-9b40826064e5	docs/pr-392-merge-closeout	2026-07-14T03:35:30.509Z	prepare:04-lint-fix	prepare:lint:fix	prepare	passed		false	0	
clone26	docs_pr-392-merge-closeout-9b40826064e5	docs/pr-392-merge-closeout	2026-07-14T03:35:30.509Z	prepare:05-docgen	prepare:docgen	prepare	passed		false	0	
clone26	feat_llm-provider-subscription-auth-5a2b7c9e229c	feat/llm-provider-subscription-auth	2026-07-14T03:30:50.562Z	closeout:01-pr-context	closeout:pr-context	monitor	not-run		false		
clone26	feat_llm-provider-subscription-auth-5a2b7c9e229c	feat/llm-provider-subscription-auth	2026-07-14T03:30:50.562Z	closeout:02-review-gates	closeout:review-gates	monitor	not-run		false		
clone27	feat_dock-capabilities-m1-fa23c665f064	feat/dock-capabilities-m1	2026-07-17T19:00:52.097Z	closeout:01-pr-context	closeout:pr-context	monitor	not-run		false		
clone27	feat_dock-capabilities-m1-fa23c665f064	feat/dock-capabilities-m1	2026-07-17T19:00:52.097Z	closeout:02-review-gates	closeout:review-gates	monitor	not-run		false		
clone28	feat_ontology-workbench-split-0c9530fd0bf8	feat/ontology-workbench-split	2026-07-17T22:55:23.598Z	closeout:01-pr-context	closeout:pr-context	monitor	not-run		false		
clone28	feat_ontology-workbench-split-0c9530fd0bf8	feat/ontology-workbench-split	2026-07-17T22:55:23.598Z	closeout:02-review-gates	closeout:review-gates	monitor	not-run		false		
clone29	feat_ontology-dock-panels-442d9c74b586	feat/ontology-dock-panels	2026-07-18T00:50:35.556Z	closeout:01-pr-context	closeout:pr-context	monitor	not-run		false		
clone29	feat_ontology-dock-panels-442d9c74b586	feat/ontology-dock-panels	2026-07-18T00:50:35.556Z	closeout:02-review-gates	closeout:review-gates	monitor	not-run		false		
clone30	chore_ontology-migration-qa-1a46acfb7ef2	chore/ontology-migration-qa	2026-07-18T02:32:08.639Z	closeout:01-pr-context	closeout:pr-context	monitor	not-run		false		
clone30	chore_ontology-migration-qa-1a46acfb7ef2	chore/ontology-migration-qa	2026-07-18T02:32:08.639Z	closeout:02-review-gates	closeout:review-gates	monitor	not-run		false		
clone31	fix_osv-effect-snapshot-advisory-b31390fe9a8d	fix/osv-effect-snapshot-advisory	2026-07-14T06:26:53.917Z	closeout:01-pr-context	closeout:pr-context	monitor	not-run		false		
clone31	fix_osv-effect-snapshot-advisory-b31390fe9a8d	fix/osv-effect-snapshot-advisory	2026-07-14T06:26:53.917Z	closeout:02-review-gates	closeout:review-gates	monitor	not-run		false		
clone33	chore_7-30-26-5afcac6a7b77	@chore/7-30-26	2026-08-01T22:05:12.687Z	advisory:01-fallow-feedback	fallow-advisory-feedback	feedback	passed	1989.797976	true	0	
clone33	chore_7-30-26-5afcac6a7b77	@chore/7-30-26	2026-08-01T22:05:12.687Z	commit:01-git-commit	commit:git:commit	commit	passed	373.010068	true	0	
clone33	chore_7-30-26-5afcac6a7b77	@chore/7-30-26	2026-08-01T22:05:12.687Z	full:01-pre-push	full:pre-push	full	passed	5524633.16819	true	0	
clone33	chore_7-30-26-5afcac6a7b77	@chore/7-30-26	2026-08-01T22:05:12.687Z	publish:00-head-install-preflight	publish:head-install-preflight	publish	passed	5680.22834	true	0	
clone33	chore_7-30-26-5afcac6a7b77	@chore/7-30-26	2026-08-01T22:05:12.687Z	publish:01-git-push	publish:git:push	publish	passed	1338.744513	true	0	
clone35	codex_effect-capability-kg-seed-pr-dc4df3b38403	codex/effect-capability-kg-seed-pr	2026-06-15T19:15:32.560Z	closeout:01-pr-context	closeout:pr-context	monitor	not-run		false		
clone35	codex_effect-capability-kg-seed-pr-dc4df3b38403	codex/effect-capability-kg-seed-pr	2026-06-15T19:15:32.560Z	closeout:02-review-gates	closeout:review-gates	monitor	not-run		false		
clone36	baseline-synthesis-21a4d0140cae	baseline-synthesis	2026-06-18T14:45:14.558Z	closeout:01-pr-context	closeout:pr-context	monitor	not-run		false		
clone36	baseline-synthesis-21a4d0140cae	baseline-synthesis	2026-06-18T14:45:14.558Z	closeout:02-review-gates	closeout:review-gates	monitor	not-run		false		
clone36	chore_extraction-rung-yeet-contract-3fb2bbf0adba	chore/extraction-rung-yeet-contract	2026-06-18T20:10:45.450Z	closeout:01-pr-context	closeout:pr-context	monitor	not-run		false		
clone36	chore_extraction-rung-yeet-contract-3fb2bbf0adba	chore/extraction-rung-yeet-contract	2026-06-18T20:10:45.450Z	closeout:02-review-gates	closeout:review-gates	monitor	not-run		false		
clone36	codex_inspeffct-cli-setup-f99dee5cad65	codex/inspeffct-cli-setup	2026-07-08T23:08:31.342Z	closeout:01-pr-context	closeout:pr-context	monitor	not-run		false		
clone36	codex_inspeffct-cli-setup-f99dee5cad65	codex/inspeffct-cli-setup	2026-07-08T23:08:31.342Z	closeout:02-review-gates	closeout:review-gates	monitor	not-run		false		
clone36	codex_pacer-793196ea6207	codex/pacer	2026-07-07T02:14:35.732Z	closeout:01-pr-context	closeout:pr-context	monitor	not-run		false		
clone36	codex_pacer-793196ea6207	codex/pacer	2026-07-07T02:14:35.732Z	closeout:02-review-gates	closeout:review-gates	monitor	not-run		false		
clone36	deps-update-7-7-26-9f6b82b927a8	deps-update-7-7-26	2026-07-07T21:23:38.357Z	advisory:01-fallow-feedback	fallow-advisory-feedback	feedback	passed		false	0	
clone36	deps-update-7-7-26-9f6b82b927a8	deps-update-7-7-26	2026-07-07T21:23:38.357Z	full:01-pre-push	full:pre-push	full	passed		false	0	
clone36	docs_gov-legal-delivery-p0-terms-matrix-ed0d5a02cd5e	docs/gov-legal-delivery-p0-terms-matrix	2026-07-11T16:23:50.170Z	closeout:01-pr-context	closeout:pr-context	monitor	not-run		false		
clone36	docs_gov-legal-delivery-p0-terms-matrix-ed0d5a02cd5e	docs/gov-legal-delivery-p0-terms-matrix	2026-07-11T16:23:50.170Z	closeout:02-review-gates	closeout:review-gates	monitor	not-run		false		
clone36	docs_identity-iri-fold-grill-decisions-89e95a8e8360	docs/identity-iri-fold-grill-decisions	2026-08-01T08:54:28.484Z	advisory:01-fallow-feedback	fallow-advisory-feedback	feedback	passed	1782.634248	true	0	
clone36	docs_identity-iri-fold-grill-decisions-89e95a8e8360	docs/identity-iri-fold-grill-decisions	2026-08-01T08:54:28.484Z	commit:01-git-commit	commit:git:commit	commit	passed	2448.400646	true	0	
clone36	docs_identity-iri-fold-grill-decisions-89e95a8e8360	docs/identity-iri-fold-grill-decisions	2026-08-01T08:54:28.484Z	full:01-pre-push	full:pre-push	full	passed	853170.901227	true	0	
clone36	docs_identity-iri-fold-grill-decisions-89e95a8e8360	docs/identity-iri-fold-grill-decisions	2026-08-01T08:54:28.484Z	publish:00-head-install-preflight	publish:head-install-preflight	publish	passed	16597.841203	true	0	
clone36	docs_identity-iri-fold-grill-decisions-89e95a8e8360	docs/identity-iri-fold-grill-decisions	2026-08-01T08:54:28.484Z	publish:01-git-push	publish:git:push	publish	passed	1334.403069	true	0	
clone36	explore_effect-jsdoc-quality-decisions-0bda80e8507e	explore/effect-jsdoc-quality-decisions	2026-07-30T16:52:54.853Z	prepare:01-effect-imports	prepare:laws:effect-imports	prepare	passed	7046.185632	true	0	
clone36	explore_effect-jsdoc-quality-decisions-0bda80e8507e	explore/effect-jsdoc-quality-decisions	2026-07-30T16:52:54.853Z	prepare:02-dual-arity	prepare:laws:dual-arity	prepare	passed	50004.894902	true	0	
clone36	explore_effect-jsdoc-quality-decisions-0bda80e8507e	explore/effect-jsdoc-quality-decisions	2026-07-30T16:52:54.853Z	prepare:03-config-sync	prepare:config-sync	prepare	passed	6814.378949	true	0	
clone36	explore_effect-jsdoc-quality-decisions-0bda80e8507e	explore/effect-jsdoc-quality-decisions	2026-07-30T16:52:54.853Z	prepare:04-lint-fix	prepare:lint:fix	prepare	passed	3021.273113	true	0	
clone36	explore_effect-jsdoc-quality-decisions-0bda80e8507e	explore/effect-jsdoc-quality-decisions	2026-07-30T16:52:54.853Z	prepare:05-docgen	prepare:docgen	prepare	passed	2618.653261	true	0	
clone36	explore_effect-jsdoc-quality-e426e4d18faf	explore/effect-jsdoc-quality	2026-07-30T16:08:17.491Z	advisory:01-fallow-feedback	fallow-advisory-feedback	feedback	passed	1732.129734	true	0	
clone36	explore_effect-jsdoc-quality-e426e4d18faf	explore/effect-jsdoc-quality	2026-07-30T16:08:17.491Z	commit:01-git-commit	commit:git:commit	commit	passed	2212.254388	true	0	
clone36	explore_effect-jsdoc-quality-e426e4d18faf	explore/effect-jsdoc-quality	2026-07-30T16:08:17.491Z	full:01-pre-push	full:pre-push	full	passed	1387450.14597	true	0	
clone36	explore_effect-jsdoc-quality-e426e4d18faf	explore/effect-jsdoc-quality	2026-07-30T16:08:17.491Z	publish:00-head-install-preflight	publish:head-install-preflight	publish	passed	9763.92891	true	0	
clone36	explore_effect-jsdoc-quality-e426e4d18faf	explore/effect-jsdoc-quality	2026-07-30T16:08:17.491Z	publish:01-git-push	publish:git:push	publish	passed	1515.093887	true	0	
clone36	explore_openclaw-deployment-platform-e55ff007c068	explore/openclaw-deployment-platform	2026-07-25T01:21:56.357Z	advisory:01-fallow-feedback	fallow-advisory-feedback	feedback	passed	1851.64571	true	0	
clone36	explore_openclaw-deployment-platform-e55ff007c068	explore/openclaw-deployment-platform	2026-07-25T01:21:56.357Z	full:01-pre-push	full:pre-push	full	failed	1477689.730802	true	2	Run `bun run docgen:local` for edit loops or `bun run docgen` for the full proof.
clone36	explore_openclaw-deployment-platform-e55ff007c068	explore/openclaw-deployment-platform	2026-07-25T01:21:56.357Z	publish:00-head-install-preflight	publish:head-install-preflight	full	passed	6298.113339	true	0	
clone36	explore_openclaw-deployment-platform-shape-f4e6027f4d6d	explore/openclaw-deployment-platform-shape	2026-07-25T04:00:16.409Z	publish:00-head-install-preflight	publish:head-install-preflight	publish	passed	4244.629708	true	0	
clone36	explore_openclaw-deployment-platform-shape-f4e6027f4d6d	explore/openclaw-deployment-platform-shape	2026-07-25T04:00:16.409Z	publish:01-git-push	publish:git:push	publish	passed	1767.888554	true	0	
clone36	explore_openclaw-deployment-platform-shape-f4e6027f4d6d	explore/openclaw-deployment-platform-shape	2026-07-25T04:00:16.409Z	publish:02-pr-create	publish:pr-create	publish	passed		false	0	
clone36	feat_gov-legal-data-driver-delivery-packet-d2ff132cfc07	feat/gov-legal-data-driver-delivery-packet	2026-07-11T07:18:35.046Z	closeout:01-pr-context	closeout:pr-context	monitor	not-run		false		
clone36	feat_gov-legal-data-driver-delivery-packet-d2ff132cfc07	feat/gov-legal-data-driver-delivery-packet	2026-07-11T07:18:35.046Z	closeout:02-review-gates	closeout:review-gates	monitor	not-run		false		
clone36	feat_gov-legal-p1-ecfr-breadth-118451971463	feat/gov-legal-p1-ecfr-breadth	2026-07-11T18:18:42.160Z	closeout:01-pr-context	closeout:pr-context	monitor	not-run		false		
clone36	feat_gov-legal-p1-ecfr-breadth-118451971463	feat/gov-legal-p1-ecfr-breadth	2026-07-11T18:18:42.160Z	closeout:02-review-gates	closeout:review-gates	monitor	not-run		false		
clone36	feat_graduate-exploration-portfolio-28d2f3072082	feat/graduate-exploration-portfolio	2026-07-14T12:01:29.504Z	publish:00-head-install-preflight	publish:head-install-preflight	publish	passed	3992.394536	true	0	
clone36	feat_graduate-exploration-portfolio-28d2f3072082	feat/graduate-exploration-portfolio	2026-07-14T12:01:29.504Z	publish:01-git-push	publish:git:push	publish	passed	1306.007759	true	0	
clone36	feat_graph-3d-view-1aac0cd65bad	feat/graph-3d-view	2026-07-17T12:37:25.097Z	monitor:01-pr-context	monitor:pr-context	monitor	passed	405.182496	true	0	
clone36	feat_graph-3d-view-1aac0cd65bad	feat/graph-3d-view	2026-07-17T12:37:25.097Z	monitor:02-pr-checks-watch	monitor:pr-checks:watch	monitor	passed	522550.019693	true	0	
clone36	feat_identity-iri-fold-542f8eb425ca	feat/identity-iri-fold	2026-08-01T16:36:36.615Z	monitor:01-pr-context	monitor:pr-context	monitor	passed	352.523087	true	0	
clone36	feat_identity-iri-fold-542f8eb425ca	feat/identity-iri-fold	2026-08-01T16:36:36.615Z	monitor:02-pr-checks-watch	monitor:pr-checks:watch	monitor	passed	811338.016816	true	0	
clone36	feat_pandoc-ast-foundation-6c178beed68d	feat/pandoc-ast-foundation	2026-06-15T19:34:38.505Z	advisory:01-fallow-feedback	fallow-advisory-feedback	feedback	passed		false	0	
clone36	feat_pandoc-ast-foundation-6c178beed68d	feat/pandoc-ast-foundation	2026-06-15T19:34:38.505Z	full:01-review-fix	full:review-fix	full	failed		false	1	Run `bun run docgen:local` for edit loops or `bun run docgen` for the full proof.
clone36	feat_portless-default-storybook-react-grab-ae4e7fe2b083	feat/portless-default-storybook-react-grab	2026-07-17T16:53:19.963Z	closeout:01-pr-context	closeout:pr-context	monitor	not-run		false		
clone36	feat_portless-default-storybook-react-grab-ae4e7fe2b083	feat/portless-default-storybook-react-grab	2026-07-17T16:53:19.963Z	closeout:02-review-gates	closeout:review-gates	monitor	not-run		false		
clone36	feature_editor-chat-enhancements-aa134571908b	feature/editor-chat-enhancements	2026-06-21T10:15:37.095Z	advisory:01-fallow-feedback	fallow-advisory-feedback	feedback	passed		false	0	
clone36	feature_editor-chat-enhancements-aa134571908b	feature/editor-chat-enhancements	2026-06-21T10:15:37.095Z	full:01-pre-push	full:pre-push	full	failed		false	1	Run `bun run beep laws terse-effect --check` and inspect blocking, rewritable, and informational files.
clone36	fix_oip-web-start-and-dead-csp-4178d24ea501	fix/oip-web-start-and-dead-csp	2026-07-17T19:20:22.637Z	publish:00-head-install-preflight	publish:head-install-preflight	publish	passed	4251.735956	true	0	
clone36	fix_oip-web-start-and-dead-csp-4178d24ea501	fix/oip-web-start-and-dead-csp	2026-07-17T19:20:22.637Z	publish:01-git-push	publish:git:push	publish	passed	1679.126719	true	0	
clone36	fix_oip-web-start-and-dead-csp-4178d24ea501	fix/oip-web-start-and-dead-csp	2026-07-17T19:20:22.637Z	publish:02-pr-create	publish:pr-create	publish	passed		false	0	
clone36	fix_oip-web-start-and-dead-csp-4178d24ea501	fix/oip-web-start-and-dead-csp	2026-07-17T19:20:22.637Z	monitor:01-pr-context	monitor:pr-context	monitor	passed	386.810061	true	0	
clone36	fix_oip-web-start-and-dead-csp-4178d24ea501	fix/oip-web-start-and-dead-csp	2026-07-17T19:20:22.637Z	monitor:02-pr-checks-watch	monitor:pr-checks:watch	monitor	failed	611.14813	true	1	gh pr checks --watch
clone36	fix_restore-428-portless-22852144a23e	fix/restore-428-portless	2026-07-17T21:29:23.407Z	closeout:01-pr-context	closeout:pr-context	monitor	not-run		false		
clone36	fix_restore-428-portless-22852144a23e	fix/restore-428-portless	2026-07-17T21:29:23.407Z	closeout:02-review-gates	closeout:review-gates	monitor	not-run		false		
clone36	goal-packet-reconciliation-1b10c49b0aee	goal-packet-reconciliation	2026-06-18T18:26:58.000Z	closeout:01-pr-context	closeout:pr-context	monitor	not-run		false		
clone36	goal-packet-reconciliation-1b10c49b0aee	goal-packet-reconciliation	2026-06-18T18:26:58.000Z	closeout:02-review-gates	closeout:review-gates	monitor	not-run		false		
clone36	goals_openclaw-p1-driver-8eb2b4507101	goals/openclaw-p1-driver	2026-07-28T18:51:44.273Z	advisory:01-fallow-feedback	fallow-advisory-feedback	feedback	passed	1612.838342	true	0	
clone36	goals_openclaw-p1-driver-8eb2b4507101	goals/openclaw-p1-driver	2026-07-28T18:51:44.273Z	full:01-pre-push	full:pre-push	full	passed	1201711.401792	true	0	
clone36	goals_openclaw-p1-driver-8eb2b4507101	goals/openclaw-p1-driver	2026-07-28T18:51:44.273Z	publish:00-head-install-preflight	publish:head-install-preflight	full	passed	4542.823663	true	0	
clone36	goals_openclaw-p2-generation-ac59378f15d7	goals/openclaw-p2-generation	2026-07-28T20:42:03.643Z	publish:00-head-install-preflight	publish:head-install-preflight	publish	passed	3985.561012	true	0	
clone36	goals_openclaw-p2-generation-ac59378f15d7	goals/openclaw-p2-generation	2026-07-28T20:42:03.643Z	publish:01-git-push	publish:git:push	publish	passed	859.682213	true	0	
clone36	goals_openclaw-p2-generation-ac59378f15d7	goals/openclaw-p2-generation	2026-07-28T20:42:03.643Z	publish:02-pr-create	publish:pr-create	publish	passed		false	0	
clone36	goals_openclaw-p3-live-agent-8d0524b45f7c	goals/openclaw-p3-live-agent	2026-07-30T05:09:42.827Z	advisory:01-fallow-feedback	fallow-advisory-feedback	feedback	passed	1664.018533	true	0	
clone36	goals_openclaw-p3-live-agent-8d0524b45f7c	goals/openclaw-p3-live-agent	2026-07-30T05:09:42.827Z	commit:01-git-commit	commit:git:commit	commit	passed	2303.325495	true	0	
clone36	goals_openclaw-p3-live-agent-8d0524b45f7c	goals/openclaw-p3-live-agent	2026-07-30T05:09:42.827Z	full:01-pre-push	full:pre-push	full	passed	716248.53058	true	0	
clone36	goals_openclaw-p3-live-agent-8d0524b45f7c	goals/openclaw-p3-live-agent	2026-07-30T05:09:42.827Z	publish:00-head-install-preflight	publish:head-install-preflight	publish	passed	10535.75641	true	0	
clone36	goals_openclaw-p3-live-agent-8d0524b45f7c	goals/openclaw-p3-live-agent	2026-07-30T05:09:42.827Z	publish:01-git-push	publish:git:push	publish	passed	1484.03795	true	0	
clone36	goals_openclaw-p3-live-agent-8d0524b45f7c	goals/openclaw-p3-live-agent	2026-07-30T05:09:42.827Z	publish:02-pr-create	publish:pr-create	publish	passed		false	0	
clone36	goals_openclaw-stage-trusted-toolchain-cb357309ea9c	goals/openclaw-stage-trusted-toolchain	2026-07-30T07:38:39.279Z	advisory:01-fallow-feedback	fallow-advisory-feedback	feedback	passed	1769.495075	true	0	
clone36	goals_openclaw-stage-trusted-toolchain-cb357309ea9c	goals/openclaw-stage-trusted-toolchain	2026-07-30T07:38:39.279Z	commit:01-git-commit	commit:git:commit	commit	passed	3002.329884	true	0	
clone36	goals_openclaw-stage-trusted-toolchain-cb357309ea9c	goals/openclaw-stage-trusted-toolchain	2026-07-30T07:38:39.279Z	full:01-pre-push	full:pre-push	full	passed	778858.163929	true	0	
clone36	goals_openclaw-stage-trusted-toolchain-cb357309ea9c	goals/openclaw-stage-trusted-toolchain	2026-07-30T07:38:39.279Z	publish:00-head-install-preflight	publish:head-install-preflight	publish	passed	7770.389902	true	0	
clone36	goals_openclaw-stage-trusted-toolchain-cb357309ea9c	goals/openclaw-stage-trusted-toolchain	2026-07-30T07:38:39.279Z	publish:01-git-push	publish:git:push	publish	passed	1628.308824	true	0	
clone36	goals_openclaw-stage-trusted-toolchain-cb357309ea9c	goals/openclaw-stage-trusted-toolchain	2026-07-30T07:38:39.279Z	publish:02-pr-create	publish:pr-create	publish	passed		false	0	
clone36	goals_openclaw-workstation-agent-4f3e64d16954	goals/openclaw-workstation-agent	2026-07-27T09:08:57.610Z	advisory:01-fallow-feedback	fallow-advisory-feedback	feedback	passed	1644.28334	true	0	
clone36	goals_openclaw-workstation-agent-4f3e64d16954	goals/openclaw-workstation-agent	2026-07-27T09:08:57.610Z	full:01-pre-push	full:pre-push	full	failed	591947.076197	true	1	Run `bun run beep laws dual-arity --check` and fix enforced candidates.
clone36	goals_openclaw-workstation-agent-4f3e64d16954	goals/openclaw-workstation-agent	2026-07-27T09:08:57.610Z	publish:00-head-install-preflight	publish:head-install-preflight	full	passed	7961.243135	true	0	
clone36	main-0d6e4079e367	main	2026-07-01T01:45:55.742Z	advisory:01-fallow-feedback	fallow-advisory-feedback	feedback	passed		false	0	
clone36	main-0d6e4079e367	main	2026-07-01T01:45:55.742Z	full:01-pre-push	full:pre-push	full	passed		false	0	
clone36	repo-cli-modularization-080471a8a64f	repo-cli-modularization	2026-07-08T21:53:57.693Z	advisory:01-fallow-feedback	fallow-advisory-feedback	feedback	passed		false	0	
clone36	repo-cli-modularization-080471a8a64f	repo-cli-modularization	2026-07-08T21:53:57.693Z	full:01-pre-push	full:pre-push	full	passed		false	0	
clone36	slop_8-1-2026-6a55b1f7c72a	@slop/8-1-2026	2026-08-02T04:25:42.880Z	closeout:01-pr-context	closeout:pr-context	monitor	not-run		false		
clone36	slop_8-1-2026-6a55b1f7c72a	@slop/8-1-2026	2026-08-02T04:25:42.880Z	closeout:02-review-gates	closeout:review-gates	monitor	not-run		false		
clone36	slop_chat-fixes-a06ad6828384	@slop/chat-fixes	2026-06-21T16:40:00.150Z	closeout:01-pr-context	closeout:pr-context	monitor	not-run		false		
clone36	slop_chat-fixes-a06ad6828384	@slop/chat-fixes	2026-06-21T16:40:00.150Z	closeout:02-review-gates	closeout:review-gates	monitor	not-run		false		
clone38	codex_fallow-advisory-green-58eba0aa49ec	codex/fallow-advisory-green	2026-07-08T22:30:36.170Z	advisory:01-fallow-feedback	fallow-advisory-feedback	feedback	passed		false	0	
clone38	codex_fallow-advisory-green-58eba0aa49ec	codex/fallow-advisory-green	2026-07-08T22:30:36.170Z	commit:01-git-commit	commit:git:commit	commit	passed		false	0	
clone38	codex_fallow-advisory-green-58eba0aa49ec	codex/fallow-advisory-green	2026-07-08T22:30:36.170Z	full:01-pre-push	full:pre-push	full	passed		false	0	
clone38	codex_fallow-advisory-green-58eba0aa49ec	codex/fallow-advisory-green	2026-07-08T22:30:36.170Z	publish:01-git-push	publish:git:push	publish	passed		false	0	
clone38	codex_fix-main-commitlint-merge-body-52c0ec684b71	codex/fix-main-commitlint-merge-body	2026-07-08T21:35:04.765Z	advisory:01-fallow-feedback	fallow-advisory-feedback	feedback	passed		false	0	
clone38	codex_fix-main-commitlint-merge-body-52c0ec684b71	codex/fix-main-commitlint-merge-body	2026-07-08T21:35:04.765Z	commit:01-git-commit	commit:git:commit	commit	passed		false	0	
clone38	codex_fix-main-commitlint-merge-body-52c0ec684b71	codex/fix-main-commitlint-merge-body	2026-07-08T21:35:04.765Z	full:01-pre-push	full:pre-push	full	passed		false	0	
clone38	codex_fix-main-commitlint-merge-body-52c0ec684b71	codex/fix-main-commitlint-merge-body	2026-07-08T21:35:04.765Z	publish:01-git-push	publish:git:push	publish	passed		false	0	
clone38	codex_green-main-protection-059a67ca576d	codex/green-main-protection	2026-07-08T21:01:06.705Z	publish:01-git-push	publish:git:push	publish	passed		false	0	
clone38	codex_green-main-protection-059a67ca576d	codex/green-main-protection	2026-07-08T21:01:06.705Z	publish:02-pr-create	publish:pr-create	publish	passed		false	0	
clone38	codex_green-main-protection-059a67ca576d	codex/green-main-protection	2026-07-08T21:01:06.705Z	monitor:01-pr-context	monitor:pr-context	monitor	passed		false	0	
clone38	codex_green-main-protection-059a67ca576d	codex/green-main-protection	2026-07-08T21:01:06.705Z	monitor:02-pr-checks-watch	monitor:pr-checks:watch	monitor	failed		false	1	gh pr checks --watch
clone38	codex_lint-hosted-stability-4e8eadec7a01	codex/lint-hosted-stability	2026-07-08T23:51:17.180Z	advisory:01-fallow-feedback	fallow-advisory-feedback	feedback	passed		false	0	
clone38	codex_lint-hosted-stability-4e8eadec7a01	codex/lint-hosted-stability	2026-07-08T23:51:17.180Z	full:01-pre-push	full:pre-push	full	passed		false	0	
clone38	docs_roadmap-refresh-6b8c6df7d1d5	docs/roadmap-refresh	2026-07-14T13:03:59.261Z	closeout:01-pr-context	closeout:pr-context	monitor	not-run		false		
clone38	docs_roadmap-refresh-6b8c6df7d1d5	docs/roadmap-refresh	2026-07-14T13:03:59.261Z	closeout:02-review-gates	closeout:review-gates	monitor	not-run		false		
clone38	effect-ontology-experiment-1eaf69629f6a	effect-ontology-experiment	2026-07-27T05:36:47.825Z	closeout:01-pr-context	closeout:pr-context	monitor	not-run		false		
clone38	effect-ontology-experiment-1eaf69629f6a	effect-ontology-experiment	2026-07-27T05:36:47.825Z	closeout:02-review-gates	closeout:review-gates	monitor	not-run		false		
clone38	feat_gov-legal-mcp-fab515d72fbc	feat/gov-legal-mcp	2026-08-01T06:49:05.324Z	closeout:01-pr-context	closeout:pr-context	monitor	not-run		false		
clone38	feat_gov-legal-mcp-fab515d72fbc	feat/gov-legal-mcp	2026-08-01T06:49:05.324Z	closeout:02-review-gates	closeout:review-gates	monitor	not-run		false		
clone38	feat_harness-gate-fixes-d964d46d7f40	feat/harness-gate-fixes	2026-07-11T09:16:03.584Z	closeout:01-pr-context	closeout:pr-context	monitor	not-run		false		
clone38	feat_harness-gate-fixes-d964d46d7f40	feat/harness-gate-fixes	2026-07-11T09:16:03.584Z	closeout:02-review-gates	closeout:review-gates	monitor	not-run		false		
clone38	feat_lint-toolchain-modernization-p1-ea86cde2785a	feat/lint-toolchain-modernization-p1	2026-06-21T08:06:41.725Z	closeout:01-pr-context	closeout:pr-context	monitor	not-run		false		
clone38	feat_lint-toolchain-modernization-p1-ea86cde2785a	feat/lint-toolchain-modernization-p1	2026-06-21T08:06:41.725Z	closeout:02-review-gates	closeout:review-gates	monitor	not-run		false		
clone38	feat_practice-kg-mcp-packet-1c7f1ec477d7	feat/practice-kg-mcp-packet	2026-07-27T17:01:43.674Z	advisory:01-fallow-feedback	fallow-advisory-feedback	feedback	passed	1851.076541	true	0	
clone38	feat_practice-kg-mcp-packet-1c7f1ec477d7	feat/practice-kg-mcp-packet	2026-07-27T17:01:43.674Z	commit:01-git-commit	commit:git:commit	commit	not-run		false		
clone38	feat_practice-kg-mcp-packet-1c7f1ec477d7	feat/practice-kg-mcp-packet	2026-07-27T17:01:43.674Z	full:01-pre-push	full:pre-push	full	not-run		false		
clone38	feat_practice-kg-mcp-packet-1c7f1ec477d7	feat/practice-kg-mcp-packet	2026-07-27T17:01:43.674Z	publish:00-head-install-preflight	publish:head-install-preflight	publish	not-run		false		
clone38	feat_practice-kg-mcp-packet-1c7f1ec477d7	feat/practice-kg-mcp-packet	2026-07-27T17:01:43.674Z	publish:01-git-push	publish:git:push	publish	not-run		false		
clone38	firecrawl-tooling-15e944c86fcc	firecrawl-tooling	2026-07-07T22:25:22.646Z	closeout:01-pr-context	closeout:pr-context	monitor	not-run		false		
clone38	firecrawl-tooling-15e944c86fcc	firecrawl-tooling	2026-07-07T22:25:22.646Z	closeout:02-review-gates	closeout:review-gates	monitor	not-run		false		
clone38	fix_lint-rules-p1-review-022c49882773	fix/lint-rules-p1-review	2026-06-21T08:32:58.042Z	advisory:01-fallow-feedback	fallow-advisory-feedback	feedback	passed		false	0	
clone38	fix_lint-rules-p1-review-022c49882773	fix/lint-rules-p1-review	2026-06-21T08:32:58.042Z	commit:01-git-commit	commit:git:commit	commit	passed		false	0	
clone38	fix_lint-rules-p1-review-022c49882773	fix/lint-rules-p1-review	2026-06-21T08:32:58.042Z	full:01-pre-push	full:pre-push	full	passed		false	0	
clone38	fix_lint-rules-p1-review-022c49882773	fix/lint-rules-p1-review	2026-06-21T08:32:58.042Z	publish:01-git-push	publish:git:push	publish	passed		false	0	
clone38	fix_lint-rules-p1-review-022c49882773	fix/lint-rules-p1-review	2026-06-21T08:32:58.042Z	publish:02-pr-create	publish:pr-create	publish	passed		false	0	
clone38	fix_practice-kg-claims-docket-b61cdb6e7e17	fix/practice-kg-claims-docket	2026-07-29T04:09:35.970Z	advisory:01-fallow-feedback	fallow-advisory-feedback	feedback	passed	1771.284532	true	0	
clone38	fix_practice-kg-claims-docket-b61cdb6e7e17	fix/practice-kg-claims-docket	2026-07-29T04:09:35.970Z	full:01-pre-push	full:pre-push	full	passed	709499.171714	true	0	
clone38	fix_practice-kg-claims-docket-b61cdb6e7e17	fix/practice-kg-claims-docket	2026-07-29T04:09:35.970Z	publish:00-head-install-preflight	publish:head-install-preflight	full	passed	5001.845717	true	0	
clone38	fix_practice-kg-document-text-92c6e297182d	fix/practice-kg-document-text	2026-07-29T02:29:17.982Z	advisory:01-fallow-feedback	fallow-advisory-feedback	feedback	passed	3114.93691	true	0	
clone38	fix_practice-kg-document-text-92c6e297182d	fix/practice-kg-document-text	2026-07-29T02:29:17.982Z	full:01-pre-push	full:pre-push	full	passed	1432970.362628	true	0	
clone38	fix_practice-kg-document-text-92c6e297182d	fix/practice-kg-document-text	2026-07-29T02:29:17.982Z	publish:00-head-install-preflight	publish:head-install-preflight	full	passed	6262.481147	true	0	
clone38	fix_practice-kg-mcpb-node-path-9f2ad78defeb	fix/practice-kg-mcpb-node-path	2026-07-30T11:32:04.337Z	publish:00-head-install-preflight	publish:head-install-preflight	publish	passed	4628.411505	true	0	
clone38	fix_practice-kg-mcpb-node-path-9f2ad78defeb	fix/practice-kg-mcpb-node-path	2026-07-30T11:32:04.337Z	publish:01-git-push	publish:git:push	publish	passed	1404.081359	true	0	
clone38	fix_practice-kg-mcpb-node-path-9f2ad78defeb	fix/practice-kg-mcpb-node-path	2026-07-30T11:32:04.337Z	publish:02-pr-create	publish:pr-create	publish	passed		false	0	
clone38	fix_practice-kg-text-operation-id-5d847cdd99e9	fix/practice-kg-text-operation-id	2026-07-29T03:15:36.859Z	advisory:01-fallow-feedback	fallow-advisory-feedback	feedback	passed	1748.323902	true	0	
clone38	fix_practice-kg-text-operation-id-5d847cdd99e9	fix/practice-kg-text-operation-id	2026-07-29T03:15:36.859Z	full:01-pre-push	full:pre-push	full	passed	887674.323852	true	0	
clone38	fix_practice-kg-text-operation-id-5d847cdd99e9	fix/practice-kg-text-operation-id	2026-07-29T03:15:36.859Z	publish:00-head-install-preflight	publish:head-install-preflight	full	passed	4929.555487	true	0	
clone38	fix_property-law-nightly-timeouts-083e7b335672	fix/property-law-nightly-timeouts	2026-07-27T21:25:54.927Z	closeout:01-pr-context	closeout:pr-context	monitor	not-run		false		
clone38	fix_property-law-nightly-timeouts-083e7b335672	fix/property-law-nightly-timeouts	2026-07-27T21:25:54.927Z	closeout:02-review-gates	closeout:review-gates	monitor	not-run		false		
clone38	fix_root-build-failure-20260724-257e863ab001	fix/root-build-failure-20260724	2026-07-25T07:11:06.505Z	closeout:01-pr-context	closeout:pr-context	monitor	not-run		false		
clone38	fix_root-build-failure-20260724-257e863ab001	fix/root-build-failure-20260724	2026-07-25T07:11:06.505Z	closeout:02-review-gates	closeout:review-gates	monitor	not-run		false		
clone38	goals_portfolio-consolidation-4f77486f23b3	goals/portfolio-consolidation	2026-07-14T10:51:58.169Z	closeout:01-pr-context	closeout:pr-context	monitor	not-run		false		
clone38	goals_portfolio-consolidation-4f77486f23b3	goals/portfolio-consolidation	2026-07-14T10:51:58.169Z	closeout:02-review-gates	closeout:review-gates	monitor	not-run		false		
clone38	goals_practice-kg-p3-evidence-42d0a78f4a38	goals/practice-kg-p3-evidence	2026-07-29T05:09:11.179Z	advisory:01-fallow-feedback	fallow-advisory-feedback	feedback	passed	1794.884889	true	0	
clone38	goals_practice-kg-p3-evidence-42d0a78f4a38	goals/practice-kg-p3-evidence	2026-07-29T05:09:11.179Z	full:01-pre-push	full:pre-push	full	passed	614690.259049	true	0	
clone38	goals_practice-kg-p3-evidence-42d0a78f4a38	goals/practice-kg-p3-evidence	2026-07-29T05:09:11.179Z	publish:00-head-install-preflight	publish:head-install-preflight	full	passed	4339.420829	true	0	
clone38	legal-values-5dc12f09ad37	legal-values	2026-07-07T02:43:26.602Z	monitor:01-pr-context	monitor:pr-context	monitor	passed		false	0	
clone38	legal-values-5dc12f09ad37	legal-values	2026-07-07T02:43:26.602Z	monitor:02-pr-checks-watch	monitor:pr-checks:watch	monitor	passed		false	0	
clone38	refactor_practice-kg-crispen-5c4568a1397f	refactor/practice-kg-crispen	2026-07-30T03:59:26.889Z	advisory:01-fallow-feedback	fallow-advisory-feedback	feedback	passed	1702.354003	true	0	
clone38	refactor_practice-kg-crispen-5c4568a1397f	refactor/practice-kg-crispen	2026-07-30T03:59:26.889Z	full:01-pre-push	full:pre-push	full	passed	1139669.810476	true	0	
clone38	refactor_practice-kg-crispen-5c4568a1397f	refactor/practice-kg-crispen	2026-07-30T03:59:26.889Z	publish:00-head-install-preflight	publish:head-install-preflight	full	passed	5629.70205	true	0	
clone38	ui-system-forms-31a7db7aad2f	ui-system-forms	2026-06-19T06:08:54.813Z	closeout:01-pr-context	closeout:pr-context	monitor	not-run		false		
clone38	ui-system-forms-31a7db7aad2f	ui-system-forms	2026-06-19T06:08:54.813Z	closeout:02-review-gates	closeout:review-gates	monitor	not-run		false		
clone39	chore_schema-catalog-regen-74d97b5f1b01	chore/schema-catalog-regen	2026-07-27T15:24:12.169Z	closeout:01-pr-context	closeout:pr-context	monitor	not-run		false		
clone39	chore_schema-catalog-regen-74d97b5f1b01	chore/schema-catalog-regen	2026-07-27T15:24:12.169Z	closeout:02-review-gates	closeout:review-gates	monitor	not-run		false		
clone39	codex_docgen-local-worker-eval-a6085ec6cd0f	codex/docgen-local-worker-eval	2026-06-16T01:37:14.254Z	advisory:01-fallow-feedback	fallow-advisory-feedback	feedback	passed		false	0	
clone39	codex_docgen-local-worker-eval-a6085ec6cd0f	codex/docgen-local-worker-eval	2026-06-16T01:37:14.254Z	commit:01-git-commit	commit:git:commit	commit	passed		false	0	
clone39	codex_docgen-local-worker-eval-a6085ec6cd0f	codex/docgen-local-worker-eval	2026-06-16T01:37:14.254Z	full:01-pre-push	full:pre-push	full	failed		false	1	Run `bun run docgen:local` for edit loops or `bun run docgen` for the full proof.
clone39	codex_docgen-local-worker-eval-a6085ec6cd0f	codex/docgen-local-worker-eval	2026-06-16T01:37:14.254Z	publish:01-git-push	publish:git:push	publish	not-run		false		
clone39	codex_docgen-local-worker-eval-a6085ec6cd0f	codex/docgen-local-worker-eval	2026-06-16T01:37:14.254Z	publish:02-pr-create	publish:pr-create	publish	not-run		false		
clone39	codex_docgen-local-worker-eval-a6085ec6cd0f	codex/docgen-local-worker-eval	2026-06-16T01:37:14.254Z	monitor:01-pr-context	monitor:pr-context	monitor	not-run		false		
clone39	codex_docgen-local-worker-eval-a6085ec6cd0f	codex/docgen-local-worker-eval	2026-06-16T01:37:14.254Z	monitor:02-pr-checks-watch	monitor:pr-checks:watch	monitor	not-run		false		
clone39	docs_graph-3d-view-packet-a070b0a8fe24	docs/graph-3d-view-packet	2026-07-17T01:34:44.886Z	closeout:01-pr-context	closeout:pr-context	monitor	not-run		false		
clone39	docs_graph-3d-view-packet-a070b0a8fe24	docs/graph-3d-view-packet	2026-07-17T01:34:44.886Z	closeout:02-review-gates	closeout:review-gates	monitor	not-run		false		
clone39	docs_memory-doctrine-reconciliation-affb02d3e937	docs/memory-doctrine-reconciliation	2026-07-11T15:32:16.727Z	closeout:01-pr-context	closeout:pr-context	monitor	not-run		false		
clone39	docs_memory-doctrine-reconciliation-affb02d3e937	docs/memory-doctrine-reconciliation	2026-07-11T15:32:16.727Z	closeout:02-review-gates	closeout:review-gates	monitor	not-run		false		
clone39	docs_project-intelligence-p0-9e4398877f87	docs/project-intelligence-p0	2026-07-11T17:52:33.268Z	advisory:01-fallow-feedback	fallow-advisory-feedback	feedback	passed		false	0	
clone39	docs_project-intelligence-p0-9e4398877f87	docs/project-intelligence-p0	2026-07-11T17:52:33.268Z	commit:01-git-commit	commit:git:commit	commit	passed		false	0	
clone39	docs_project-intelligence-p0-9e4398877f87	docs/project-intelligence-p0	2026-07-11T17:52:33.268Z	full:01-pre-push	full:pre-push	full	passed		false	0	
clone39	docs_project-intelligence-p0-9e4398877f87	docs/project-intelligence-p0	2026-07-11T17:52:33.268Z	publish:01-git-push	publish:git:push	publish	passed		false	0	
clone39	docs_project-intelligence-p0-9e4398877f87	docs/project-intelligence-p0	2026-07-11T17:52:33.268Z	monitor:01-pr-context	monitor:pr-context	monitor	passed		false	0	
clone39	docs_project-intelligence-p0-9e4398877f87	docs/project-intelligence-p0	2026-07-11T17:52:33.268Z	monitor:02-pr-checks-watch	monitor:pr-checks:watch	monitor	passed		false	0	
clone39	docs_project-intelligence-p0-grant-fix-2ce7bde0e607	docs/project-intelligence-p0-grant-fix	2026-07-11T18:08:37.077Z	advisory:01-fallow-feedback	fallow-advisory-feedback	feedback	passed		false	0	
clone39	docs_project-intelligence-p0-grant-fix-2ce7bde0e607	docs/project-intelligence-p0-grant-fix	2026-07-11T18:08:37.077Z	commit:01-git-commit	commit:git:commit	commit	passed		false	0	
clone39	docs_project-intelligence-p0-grant-fix-2ce7bde0e607	docs/project-intelligence-p0-grant-fix	2026-07-11T18:08:37.077Z	full:01-pre-push	full:pre-push	full	passed		false	0	
clone39	docs_project-intelligence-p0-grant-fix-2ce7bde0e607	docs/project-intelligence-p0-grant-fix	2026-07-11T18:08:37.077Z	publish:01-git-push	publish:git:push	publish	passed		false	0	
clone39	docs_project-intelligence-p0-grant-fix-2ce7bde0e607	docs/project-intelligence-p0-grant-fix	2026-07-11T18:08:37.077Z	publish:02-pr-create	publish:pr-create	publish	passed		false	0	
clone39	docs_project-intelligence-p0-grant-fix-2ce7bde0e607	docs/project-intelligence-p0-grant-fix	2026-07-11T18:08:37.077Z	monitor:01-pr-context	monitor:pr-context	monitor	passed		false	0	
clone39	docs_project-intelligence-p0-grant-fix-2ce7bde0e607	docs/project-intelligence-p0-grant-fix	2026-07-11T18:08:37.077Z	monitor:02-pr-checks-watch	monitor:pr-checks:watch	monitor	passed		false	0	
clone39	duckdb-effectification-290332f2aa12	duckdb-effectification	2026-07-08T16:06:02.600Z	closeout:01-pr-context	closeout:pr-context	monitor	not-run		false		
clone39	duckdb-effectification-290332f2aa12	duckdb-effectification	2026-07-08T16:06:02.600Z	closeout:02-review-gates	closeout:review-gates	monitor	not-run		false		
clone39	feat_contradiction-source-highlight-6dbadf89ac1a	feat/contradiction-source-highlight	2026-07-30T05:40:34.280Z	advisory:01-fallow-feedback	fallow-advisory-feedback	feedback	passed	1764.963067	true	0	
clone39	feat_contradiction-source-highlight-6dbadf89ac1a	feat/contradiction-source-highlight	2026-07-30T05:40:34.280Z	full:01-pre-push	full:pre-push	full	failed	1651392.787806	true	2	Run `bun run docgen:local` for edit loops or `bun run docgen` for the full proof.
clone39	feat_contradiction-source-highlight-6dbadf89ac1a	feat/contradiction-source-highlight	2026-07-30T05:40:34.280Z	publish:00-head-install-preflight	publish:head-install-preflight	full	passed	7853.60382	true	0	
clone39	feat_file-processing-p3-libpff-8621a5bce519	feat/file-processing-p3-libpff	2026-07-27T05:26:51.290Z	advisory:01-fallow-feedback	fallow-advisory-feedback	feedback	passed	1839.2271	true	0	
clone39	feat_file-processing-p3-libpff-8621a5bce519	feat/file-processing-p3-libpff	2026-07-27T05:26:51.290Z	full:01-pre-push	full:pre-push	full	failed	767961.273741	true	1	Run `bun run beep laws dual-arity --check` and fix enforced candidates.
clone39	feat_file-processing-p3-libpff-8621a5bce519	feat/file-processing-p3-libpff	2026-07-27T05:26:51.290Z	publish:00-head-install-preflight	publish:head-install-preflight	full	passed	6892.002733	true	0	
clone39	feat_goals-project-intelligence-95049418947e	feat/goals-project-intelligence	2026-07-11T12:45:31.148Z	closeout:01-pr-context	closeout:pr-context	monitor	not-run		false		
clone39	feat_goals-project-intelligence-95049418947e	feat/goals-project-intelligence	2026-07-11T12:45:31.148Z	closeout:02-review-gates	closeout:review-gates	monitor	not-run		false		
clone39	feat_libpff-rfc5322-folding-499d7269a03d	feat/libpff-rfc5322-folding	2026-07-27T07:23:00.096Z	monitor:01-pr-context	monitor:pr-context	monitor	passed	375.276068	true	0	
clone39	feat_libpff-rfc5322-folding-499d7269a03d	feat/libpff-rfc5322-folding	2026-07-27T07:23:00.096Z	monitor:02-pr-checks-watch	monitor:pr-checks:watch	monitor	passed	587858.024741	true	0	
clone39	feat_professional-desktop-improvements-c8d22fd429bc	feat/professional-desktop-improvements	2026-07-13T22:43:33.000Z	advisory:01-fallow-feedback	fallow-advisory-feedback	feedback	passed		false	0	
clone39	feat_professional-desktop-improvements-c8d22fd429bc	feat/professional-desktop-improvements	2026-07-13T22:43:33.000Z	commit:01-git-commit	commit:git:commit	commit	passed		false	0	
clone39	feat_professional-desktop-improvements-c8d22fd429bc	feat/professional-desktop-improvements	2026-07-13T22:43:33.000Z	publish:01-git-push	publish:git:push	publish	passed		false	0	
clone39	feat_professional-desktop-improvements-c8d22fd429bc	feat/professional-desktop-improvements	2026-07-13T22:43:33.000Z	monitor:01-pr-context	monitor:pr-context	monitor	passed		false	0	
clone39	feat_professional-desktop-improvements-c8d22fd429bc	feat/professional-desktop-improvements	2026-07-13T22:43:33.000Z	monitor:02-pr-checks-watch	monitor:pr-checks:watch	monitor	passed		false	0	
clone39	fix_project-intelligence-hardening-5ab13976441b	fix/project-intelligence-hardening	2026-07-11T14:06:36.299Z	closeout:01-pr-context	closeout:pr-context	monitor	not-run		false		
clone39	fix_project-intelligence-hardening-5ab13976441b	fix/project-intelligence-hardening	2026-07-11T14:06:36.299Z	closeout:02-review-gates	closeout:review-gates	monitor	not-run		false		
clone39	fix_root-build-failure-20260724-257e863ab001	fix/root-build-failure-20260724	2026-07-25T07:12:14.920Z	closeout:01-pr-context	closeout:pr-context	monitor	not-run		false		
clone39	fix_root-build-failure-20260724-257e863ab001	fix/root-build-failure-20260724	2026-07-25T07:12:14.920Z	closeout:02-review-gates	closeout:review-gates	monitor	not-run		false		
clone39	main-0d6e4079e367	main	2026-07-01T19:12:36.172Z	advisory:01-fallow-feedback	fallow-advisory-feedback	feedback	passed		false	0	
clone39	main-0d6e4079e367	main	2026-07-01T19:12:36.172Z	full:01-pre-push	full:pre-push	full	passed		false	0	
clone39	schema-first-zero-actionables	schema-first-zero-actionables	2026-06-11T23:12:05.164Z	closeout:01-pr-context	closeout:pr-context	monitor	not-run		false		
clone39	schema-first-zero-actionables	schema-first-zero-actionables	2026-06-11T23:12:05.164Z	closeout:02-review-gates	closeout:review-gates	monitor	not-run		false		
clone39	slop_6-21-26-891831746191	@slop/6-21-26	2026-06-21T16:06:34.768Z	advisory:01-fallow-feedback	fallow-advisory-feedback	feedback	passed		false	0	
clone39	slop_6-21-26-891831746191	@slop/6-21-26	2026-06-21T16:06:34.768Z	commit:01-git-commit	commit:git:commit:amend	commit	passed		false	0	
clone39	slop_6-21-26-891831746191	@slop/6-21-26	2026-06-21T16:06:34.768Z	full:01-pre-push	full:pre-push	full	passed		false	0	
clone39	slop_6-21-26-891831746191	@slop/6-21-26	2026-06-21T16:06:34.768Z	publish:01-git-push	publish:git:push	publish	failed		false	1	git push -u origin HEAD
clone39	slop_6-21-26-891831746191	@slop/6-21-26	2026-06-21T16:06:34.768Z	publish:02-pr-create	publish:pr-create	publish	not-run		false		
clone39	slop_6-21-26-891831746191	@slop/6-21-26	2026-06-21T16:06:34.768Z	monitor:01-pr-context	monitor:pr-context	monitor	not-run		false		
clone39	slop_6-21-26-891831746191	@slop/6-21-26	2026-06-21T16:06:34.768Z	monitor:02-pr-checks-watch	monitor:pr-checks:watch	monitor	not-run		false		
clone40	feat_contradiction-source-highlight-pr-630795790d31	feat/contradiction-source-highlight-pr	2026-08-02T07:43:13.518Z	closeout:01-pr-context	closeout:pr-context	monitor	not-run		false		
clone40	feat_contradiction-source-highlight-pr-630795790d31	feat/contradiction-source-highlight-pr	2026-08-02T07:43:13.518Z	closeout:02-review-gates	closeout:review-gates	monitor	not-run		false		
clone43	chore_7-30-26-5afcac6a7b77	@chore/7-30-26	2026-08-01T14:13:17.973Z	prepare:01-effect-imports	prepare:laws:effect-imports	prepare	passed	7920.293493	true	0	
clone43	chore_7-30-26-5afcac6a7b77	@chore/7-30-26	2026-08-01T14:13:17.973Z	prepare:02-dual-arity	prepare:laws:dual-arity	prepare	passed	335427.929406	true	0	
clone43	chore_7-30-26-5afcac6a7b77	@chore/7-30-26	2026-08-01T14:13:17.973Z	prepare:03-config-sync	prepare:config-sync	prepare	passed	8943.994533	true	0	
clone43	chore_7-30-26-5afcac6a7b77	@chore/7-30-26	2026-08-01T14:13:17.973Z	prepare:04-lint-fix	prepare:lint:fix	prepare	passed	3652.744388	true	0	
clone43	chore_7-30-26-5afcac6a7b77	@chore/7-30-26	2026-08-01T14:13:17.973Z	prepare:05-docgen	prepare:docgen	prepare	passed	3293.25893	true	0	
clone43	chore_7-30-26-5afcac6a7b77	@chore/7-30-26	2026-08-01T14:13:17.973Z	feedback:01-build	feedback:build	feedback	passed	139368.56249	true	0	
clone43	chore_7-30-26-5afcac6a7b77	@chore/7-30-26	2026-08-01T14:13:17.973Z	feedback:02-check	feedback:check	feedback	passed	547631.914307	true	0	
clone43	chore_7-30-26-5afcac6a7b77	@chore/7-30-26	2026-08-01T14:13:17.973Z	feedback:03-lint	feedback:lint	feedback	passed	132856.496111	true	0	
clone43	chore_7-30-26-5afcac6a7b77	@chore/7-30-26	2026-08-01T14:13:17.973Z	feedback:04-test	feedback:test	feedback	passed	253759.026017	true	0	
clone43	chore_deps-update-7-29-26-60957a807e8d	@chore/deps-update-7-29-26	2026-07-30T04:29:22.861Z	closeout:01-pr-context	closeout:pr-context	monitor	not-run		false		
clone43	chore_deps-update-7-29-26-60957a807e8d	@chore/deps-update-7-29-26	2026-07-30T04:29:22.861Z	closeout:02-review-gates	closeout:review-gates	monitor	not-run		false		
clone43	effect-ontology-harvest-64d3a3f2a27a	effect-ontology-harvest	2026-07-14T04:57:32.052Z	closeout:01-pr-context	closeout:pr-context	monitor	not-run		false		
clone43	effect-ontology-harvest-64d3a3f2a27a	effect-ontology-harvest	2026-07-14T04:57:32.052Z	closeout:02-review-gates	closeout:review-gates	monitor	not-run		false		
clone43	feat_explorations-convention-78c2f948cc58	feat/explorations-convention	2026-06-12T12:58:38.377Z	closeout:01-pr-context	closeout:pr-context	monitor	not-run		false		
clone43	feat_explorations-convention-78c2f948cc58	feat/explorations-convention	2026-06-12T12:58:38.377Z	closeout:02-review-gates	closeout:review-gates	monitor	not-run		false		
clone43	feat_mcp-kit-proving-slice-4e102332abd9	feat/mcp-kit-proving-slice	2026-07-02T03:23:35.170Z	advisory:01-fallow-feedback	fallow-advisory-feedback	feedback	passed		false	0	
clone43	feat_mcp-kit-proving-slice-4e102332abd9	feat/mcp-kit-proving-slice	2026-07-02T03:23:35.170Z	full:01-pre-push	full:pre-push	full	failed		false	1	Run `bun run beep laws dual-arity --check` and fix enforced candidates.
clone43	feat_oip-web-content-and-hero-rotation-1a60eb300180	feat/oip-web-content-and-hero-rotation	2026-07-01T03:11:30.421Z	advisory:01-fallow-feedback	fallow-advisory-feedback	feedback	passed		false	0	
clone43	feat_oip-web-content-and-hero-rotation-1a60eb300180	feat/oip-web-content-and-hero-rotation	2026-07-01T03:11:30.421Z	commit:01-git-commit	commit:git:commit	commit	passed		false	0	
clone43	feat_oip-web-content-and-hero-rotation-1a60eb300180	feat/oip-web-content-and-hero-rotation	2026-07-01T03:11:30.421Z	full:01-pre-push	full:pre-push	full	failed		false	1	Run `bun run docgen:local` for edit loops or `bun run docgen` for the full proof.
clone43	feat_oip-web-content-and-hero-rotation-1a60eb300180	feat/oip-web-content-and-hero-rotation	2026-07-01T03:11:30.421Z	publish:01-git-push	publish:git:push	publish	not-run		false		
clone43	feat_oip-web-content-and-hero-rotation-1a60eb300180	feat/oip-web-content-and-hero-rotation	2026-07-01T03:11:30.421Z	publish:02-pr-create	publish:pr-create	publish	not-run		false		
clone43	fix_codex-cloud-security-findings-2c8eea02cff7	fix/codex-cloud-security-findings	2026-07-25T14:55:14.981Z	advisory:01-fallow-feedback	fallow-advisory-feedback	feedback	passed	2543.35401	true	0	
clone43	fix_codex-cloud-security-findings-2c8eea02cff7	fix/codex-cloud-security-findings	2026-07-25T14:55:14.981Z	commit:01-git-commit	commit:git:commit	commit	passed	3287.499537	true	0	
clone43	fix_codex-cloud-security-findings-2c8eea02cff7	fix/codex-cloud-security-findings	2026-07-25T14:55:14.981Z	full:01-pre-push	full:pre-push	full	passed	1492434.378444	true	0	
clone43	fix_codex-cloud-security-findings-2c8eea02cff7	fix/codex-cloud-security-findings	2026-07-25T14:55:14.981Z	publish:00-head-install-preflight	publish:head-install-preflight	publish	passed	4458.665077	true	0	
clone43	fix_codex-cloud-security-findings-2c8eea02cff7	fix/codex-cloud-security-findings	2026-07-25T14:55:14.981Z	publish:01-git-push	publish:git:push	publish	passed	890.204243	true	0	
clone43	fix_portable-taxonomy-containment-d14c984a47b8	fix/portable-taxonomy-containment	2026-07-25T15:30:24.300Z	closeout:01-pr-context	closeout:pr-context	monitor	not-run		false		
clone43	fix_portable-taxonomy-containment-d14c984a47b8	fix/portable-taxonomy-containment	2026-07-25T15:30:24.300Z	closeout:02-review-gates	closeout:review-gates	monitor	not-run		false		
clone43	followup_m365-review-cleanup-7080e08ce182	followup/m365-review-cleanup	2026-06-18T16:33:02.593Z	closeout:01-pr-context	closeout:pr-context	monitor	not-run		false		
clone43	followup_m365-review-cleanup-7080e08ce182	followup/m365-review-cleanup	2026-06-18T16:33:02.593Z	closeout:02-review-gates	closeout:review-gates	monitor	not-run		false		
clone43	goals_oppold-corpus-pipeline	goals/oppold-corpus-pipeline	2026-06-11T18:20:16.692Z	advisory:01-fallow-feedback	fallow-advisory-feedback	feedback	passed		false	0	
clone43	goals_oppold-corpus-pipeline	goals/oppold-corpus-pipeline	2026-06-11T18:20:16.692Z	commit:01-git-commit	commit:git:commit:amend	commit	not-run		false		
clone43	goals_oppold-corpus-pipeline	goals/oppold-corpus-pipeline	2026-06-11T18:20:16.692Z	full:01-pre-push	full:pre-push	full	not-run		false		
clone43	goals_oppold-corpus-pipeline	goals/oppold-corpus-pipeline	2026-06-11T18:20:16.692Z	publish:01-git-push	publish:git:push	publish	not-run		false		
clone43	goals_oppold-corpus-pipeline	goals/oppold-corpus-pipeline	2026-06-11T18:20:16.692Z	publish:02-pr-create	publish:pr-create	publish	not-run		false		
clone43	knowledge-management-79647438cfd6	knowledge-management	2026-07-06T08:14:28.431Z	monitor:01-pr-context	monitor:pr-context	monitor	passed		false	0	
clone43	knowledge-management-79647438cfd6	knowledge-management	2026-07-06T08:14:28.431Z	monitor:02-pr-checks-watch	monitor:pr-checks:watch	monitor	passed		false	0	
clone43	main-0d6e4079e367	main	2026-06-29T08:40:53.963Z	advisory:01-fallow-feedback	fallow-advisory-feedback	feedback	passed		false	0	
clone43	main-0d6e4079e367	main	2026-06-29T08:40:53.963Z	full:01-pre-push	full:pre-push	full	passed		false	0	
clone43	microsoft-365-df8ab2651e3e	microsoft-365	2026-06-18T15:58:26.791Z	closeout:01-pr-context	closeout:pr-context	monitor	not-run		false		
clone43	microsoft-365-df8ab2651e3e	microsoft-365	2026-06-18T15:58:26.791Z	closeout:02-review-gates	closeout:review-gates	monitor	not-run		false		
clone43	port-schema-52c13fd6d74a	port-schema	2026-07-07T04:48:28.967Z	closeout:01-pr-context	closeout:pr-context	monitor	not-run		false		
clone43	port-schema-52c13fd6d74a	port-schema	2026-07-07T04:48:28.967Z	closeout:02-review-gates	closeout:review-gates	monitor	not-run		false		
clone43	proto-schemas-e56caf1b6d29	proto-schemas	2026-07-09T09:26:25.943Z	closeout:01-pr-context	closeout:pr-context	monitor	not-run		false		
clone43	proto-schemas-e56caf1b6d29	proto-schemas	2026-07-09T09:26:25.943Z	closeout:02-review-gates	closeout:review-gates	monitor	not-run		false		
clone43	security_codex-findings-2026-07-14-adda38d151b7	security/codex-findings-2026-07-14	2026-07-14T15:33:46.238Z	closeout:01-pr-context	closeout:pr-context	monitor	not-run		false		
clone43	security_codex-findings-2026-07-14-adda38d151b7	security/codex-findings-2026-07-14	2026-07-14T15:33:46.238Z	closeout:02-review-gates	closeout:review-gates	monitor	not-run		false		
clone43	security_codex-findings-2026-07-14-closeout-8b2eaabffa30	security/codex-findings-2026-07-14-closeout	2026-07-14T18:17:17.875Z	advisory:01-fallow-feedback	fallow-advisory-feedback	feedback	passed	1627.812896	true	0	
clone43	security_codex-findings-2026-07-14-closeout-8b2eaabffa30	security/codex-findings-2026-07-14-closeout	2026-07-14T18:17:17.875Z	commit:01-git-commit	commit:git:commit	commit	passed	2216.698641	true	0	
clone43	security_codex-findings-2026-07-14-closeout-8b2eaabffa30	security/codex-findings-2026-07-14-closeout	2026-07-14T18:17:17.875Z	full:01-pre-push	full:pre-push	full	passed	535123.17421	true	0	
clone43	security_codex-findings-2026-07-14-closeout-8b2eaabffa30	security/codex-findings-2026-07-14-closeout	2026-07-14T18:17:17.875Z	publish:00-head-install-preflight	publish:head-install-preflight	publish	passed	4012.042575	true	0	
clone43	security_codex-findings-2026-07-14-closeout-8b2eaabffa30	security/codex-findings-2026-07-14-closeout	2026-07-14T18:17:17.875Z	publish:01-git-push	publish:git:push	publish	passed	1833.787982	true	0	
clone43	security_codex-findings-2026-07-14-closeout-8b2eaabffa30	security/codex-findings-2026-07-14-closeout	2026-07-14T18:17:17.875Z	publish:02-pr-create	publish:pr-create	publish	passed		false	0	
clone43	security_codex-findings-2026-07-14-closeout-8b2eaabffa30	security/codex-findings-2026-07-14-closeout	2026-07-14T18:17:17.875Z	monitor:01-pr-context	monitor:pr-context	monitor	passed	507.442108	true	0	
clone43	security_codex-findings-2026-07-14-closeout-8b2eaabffa30	security/codex-findings-2026-07-14-closeout	2026-07-14T18:17:17.875Z	monitor:02-pr-checks-watch	monitor:pr-checks:watch	monitor	passed	711816.293242	true	0	
clone43	security_codex-findings-2026-07-14-review-1116b3657fce	security/codex-findings-2026-07-14-review	2026-07-14T16:52:05.452Z	advisory:01-fallow-feedback	fallow-advisory-feedback	feedback	passed	1635.658244	true	0	
clone43	security_codex-findings-2026-07-14-review-1116b3657fce	security/codex-findings-2026-07-14-review	2026-07-14T16:52:05.452Z	commit:01-git-commit	commit:git:commit	commit	passed	2296.029473	true	0	
clone43	security_codex-findings-2026-07-14-review-1116b3657fce	security/codex-findings-2026-07-14-review	2026-07-14T16:52:05.452Z	full:01-pre-push	full:pre-push	full	passed	591453.16111	true	0	
clone43	security_codex-findings-2026-07-14-review-1116b3657fce	security/codex-findings-2026-07-14-review	2026-07-14T16:52:05.452Z	publish:00-head-install-preflight	publish:head-install-preflight	publish	passed	4169.787981	true	0	
clone43	security_codex-findings-2026-07-14-review-1116b3657fce	security/codex-findings-2026-07-14-review	2026-07-14T16:52:05.452Z	publish:01-git-push	publish:git:push	publish	passed	1488.27281	true	0	
clone43	security_codex-findings-2026-07-14-review-1116b3657fce	security/codex-findings-2026-07-14-review	2026-07-14T16:52:05.452Z	monitor:01-pr-context	monitor:pr-context	monitor	passed	411.832869	true	0	
clone43	security_codex-findings-2026-07-14-review-1116b3657fce	security/codex-findings-2026-07-14-review	2026-07-14T16:52:05.452Z	monitor:02-pr-checks-watch	monitor:pr-checks:watch	monitor	passed	717.6314	true	0	
clone43	smelly-smells-705943df6529	smelly-smells	2026-07-27T05:22:42.393Z	advisory:01-fallow-feedback	fallow-advisory-feedback	feedback	passed	1774.785026	true	0	
clone43	smelly-smells-705943df6529	smelly-smells	2026-07-27T05:22:42.393Z	full:01-pre-push	full:pre-push	full	failed	685402.812848	true	2	Run `bun run beep laws dual-arity --check` and fix enforced candidates.
clone43	smelly-smells-705943df6529	smelly-smells	2026-07-27T05:22:42.393Z	publish:00-head-install-preflight	publish:head-install-preflight	full	passed	9012.602793	true	0	
clone44	feat_exports-treadmill-preflight-69e25e75d263	feat/exports-treadmill-preflight	2026-07-27T15:39:29.445Z	advisory:01-fallow-feedback	fallow-advisory-feedback	feedback	passed	1674.925742	true	0	
clone44	feat_exports-treadmill-preflight-69e25e75d263	feat/exports-treadmill-preflight	2026-07-27T15:39:29.445Z	commit:01-git-commit	commit:git:commit	commit	passed	4262.658519	true	0	
clone44	feat_exports-treadmill-preflight-69e25e75d263	feat/exports-treadmill-preflight	2026-07-27T15:39:29.445Z	full:01-pre-push	full:pre-push	full	passed	869837.541798	true	0	
clone44	feat_exports-treadmill-preflight-69e25e75d263	feat/exports-treadmill-preflight	2026-07-27T15:39:29.445Z	publish:00-head-install-preflight	publish:head-install-preflight	publish	passed	4703.674854	true	0	
clone44	feat_exports-treadmill-preflight-69e25e75d263	feat/exports-treadmill-preflight	2026-07-27T15:39:29.445Z	publish:01-git-push	publish:git:push	publish	passed	1889.566358	true	0	
clone44	feat_exports-treadmill-preflight-69e25e75d263	feat/exports-treadmill-preflight	2026-07-27T15:39:29.445Z	publish:02-pr-create	publish:pr-create	publish	passed		false	0	
clone47	codemode-experiment-c585728c673b	codemode-experiment	2026-07-27T04:24:42.667Z	advisory:01-fallow-feedback	fallow-advisory-feedback	feedback	passed	1722.934519	true	0	
clone47	codemode-experiment-c585728c673b	codemode-experiment	2026-07-27T04:24:42.667Z	commit:01-git-commit	commit:git:commit	commit	not-run		false		
clone47	codemode-experiment-c585728c673b	codemode-experiment	2026-07-27T04:24:42.667Z	full:01-pre-push	full:pre-push	full	not-run		false		
clone47	codemode-experiment-c585728c673b	codemode-experiment	2026-07-27T04:24:42.667Z	publish:00-head-install-preflight	publish:head-install-preflight	publish	not-run		false		
clone47	codemode-experiment-c585728c673b	codemode-experiment	2026-07-27T04:24:42.667Z	publish:01-git-push	publish:git:push	publish	not-run		false		
clone47	experiment-stella-c9ec68be43fa	experiment-stella	2026-07-25T13:36:04.497Z	advisory:01-fallow-feedback	fallow-advisory-feedback	feedback	passed	1742.691138	true	0	
clone47	experiment-stella-c9ec68be43fa	experiment-stella	2026-07-25T13:36:04.497Z	full:01-pre-push	full:pre-push	full	passed	1218790.421221	true	0	
clone47	experiment-stella-c9ec68be43fa	experiment-stella	2026-07-25T13:36:04.497Z	publish:00-head-install-preflight	publish:head-install-preflight	full	passed	5061.67917	true	0	
clone47	exploration-skills-docs-goals-audit-faeeeaea7d5b	exploration-skills-docs-goals-audit	2026-08-01T01:51:55.175Z	closeout:01-pr-context	closeout:pr-context	monitor	not-run		false		
clone47	exploration-skills-docs-goals-audit-faeeeaea7d5b	exploration-skills-docs-goals-audit	2026-08-01T01:51:55.175Z	closeout:02-review-gates	closeout:review-gates	monitor	not-run		false		
clone47	feat_desktop-chat-e2e-evidence-9209968c2463	feat/desktop-chat-e2e-evidence	2026-08-01T05:17:06.875Z	monitor:01-pr-context	monitor:pr-context	monitor	passed	382.254929	true	0	
clone47	feat_desktop-chat-e2e-evidence-9209968c2463	feat/desktop-chat-e2e-evidence	2026-08-01T05:17:06.875Z	monitor:02-pr-checks-watch	monitor:pr-checks:watch	monitor	passed	365407.623029	true	0	
clone47	feat_explore-ontology-agent-surface-452288905287	feat/explore-ontology-agent-surface	2026-07-11T04:38:16.409Z	advisory:01-fallow-feedback	fallow-advisory-feedback	feedback	passed		false	0	
clone47	feat_explore-ontology-agent-surface-452288905287	feat/explore-ontology-agent-surface	2026-07-11T04:38:16.409Z	commit:01-git-commit	commit:git:commit	commit	not-run		false		
clone47	feat_explore-ontology-agent-surface-452288905287	feat/explore-ontology-agent-surface	2026-07-11T04:38:16.409Z	full:01-pre-push	full:pre-push	full	not-run		false		
clone47	feat_explore-ontology-agent-surface-452288905287	feat/explore-ontology-agent-surface	2026-07-11T04:38:16.409Z	publish:01-git-push	publish:git:push	publish	not-run		false		
clone47	feat_oas-align-brief-466b22bb957d	feat/oas-align-brief	2026-07-11T05:02:45.125Z	advisory:01-fallow-feedback	fallow-advisory-feedback	feedback	passed		false	0	
clone47	feat_oas-align-brief-466b22bb957d	feat/oas-align-brief	2026-07-11T05:02:45.125Z	commit:01-git-commit	commit:git:commit	commit	passed		false	0	
clone47	feat_oas-align-brief-466b22bb957d	feat/oas-align-brief	2026-07-11T05:02:45.125Z	full:01-pre-push	full:pre-push	full	passed		false	0	
clone47	feat_oas-align-brief-466b22bb957d	feat/oas-align-brief	2026-07-11T05:02:45.125Z	publish:01-git-push	publish:git:push	publish	passed		false	0	
clone47	feat_oas-decompose-graduate-86fd649846e2	feat/oas-decompose-graduate	2026-07-11T06:11:24.509Z	advisory:01-fallow-feedback	fallow-advisory-feedback	feedback	passed		false	0	
clone47	feat_oas-decompose-graduate-86fd649846e2	feat/oas-decompose-graduate	2026-07-11T06:11:24.509Z	commit:01-git-commit	commit:git:commit	commit	passed		false	0	
clone47	feat_oas-decompose-graduate-86fd649846e2	feat/oas-decompose-graduate	2026-07-11T06:11:24.509Z	full:01-pre-push	full:pre-push	full	passed		false	0	
clone47	feat_oas-decompose-graduate-86fd649846e2	feat/oas-decompose-graduate	2026-07-11T06:11:24.509Z	publish:01-git-push	publish:git:push	publish	passed		false	0	
clone47	feat_ontology-agent-surface-p0-hardening-6e5c62e650e9	feat/ontology-agent-surface-p0-hardening	2026-07-11T14:10:57.620Z	advisory:01-fallow-feedback	fallow-advisory-feedback	feedback	passed		false	0	
clone47	feat_ontology-agent-surface-p0-hardening-6e5c62e650e9	feat/ontology-agent-surface-p0-hardening	2026-07-11T14:10:57.620Z	commit:01-git-commit	commit:git:commit	commit	passed		false	0	
clone47	feat_ontology-agent-surface-p0-hardening-6e5c62e650e9	feat/ontology-agent-surface-p0-hardening	2026-07-11T14:10:57.620Z	full:01-pre-push	full:pre-push	full	passed		false	0	
clone47	feat_ontology-agent-surface-p0-hardening-6e5c62e650e9	feat/ontology-agent-surface-p0-hardening	2026-07-11T14:10:57.620Z	publish:01-git-push	publish:git:push	publish	passed		false	0	
clone47	feat_ontology-agent-surface-p1-toolkit-78c9a07cd3c4	feat/ontology-agent-surface-p1-toolkit	2026-07-11T15:34:13.147Z	advisory:01-fallow-feedback	fallow-advisory-feedback	feedback	passed		false	0	
clone47	feat_ontology-agent-surface-p1-toolkit-78c9a07cd3c4	feat/ontology-agent-surface-p1-toolkit	2026-07-11T15:34:13.147Z	commit:01-git-commit	commit:git:commit	commit	not-run		false		
clone47	feat_ontology-agent-surface-p1-toolkit-78c9a07cd3c4	feat/ontology-agent-surface-p1-toolkit	2026-07-11T15:34:13.147Z	full:01-pre-push	full:pre-push	full	not-run		false		
clone47	feat_ontology-agent-surface-p1-toolkit-78c9a07cd3c4	feat/ontology-agent-surface-p1-toolkit	2026-07-11T15:34:13.147Z	publish:01-git-push	publish:git:push	publish	not-run		false		
clone47	feat_ontology-agent-surface-p2-transport-e8345e7713d2	feat/ontology-agent-surface-p2-transport	2026-07-11T18:29:58.044Z	advisory:01-fallow-feedback	fallow-advisory-feedback	feedback	passed		false	0	
clone47	feat_ontology-agent-surface-p2-transport-e8345e7713d2	feat/ontology-agent-surface-p2-transport	2026-07-11T18:29:58.044Z	full:01-pre-push	full:pre-push	full	passed		false	0	
clone47	feat_ontology-agent-surface-p3-harden-2d90c2e74ae0	feat/ontology-agent-surface-p3-harden	2026-07-11T21:03:29.201Z	advisory:01-fallow-feedback	fallow-advisory-feedback	feedback	passed		false	0	
clone47	feat_ontology-agent-surface-p3-harden-2d90c2e74ae0	feat/ontology-agent-surface-p3-harden	2026-07-11T21:03:29.201Z	commit:01-git-commit	commit:git:commit	commit	passed		false	0	
clone47	feat_ontology-agent-surface-p3-harden-2d90c2e74ae0	feat/ontology-agent-surface-p3-harden	2026-07-11T21:03:29.201Z	full:01-pre-push	full:pre-push	full	passed		false	0	
clone47	feat_ontology-agent-surface-p3-harden-2d90c2e74ae0	feat/ontology-agent-surface-p3-harden	2026-07-11T21:03:29.201Z	publish:01-git-push	publish:git:push	publish	passed		false	0	
clone47	feat_ontology-workbench-goal-packet-6cbfd22ef53c	feat/ontology-workbench-goal-packet	2026-07-08T23:42:15.976Z	monitor:01-pr-context	monitor:pr-context	monitor	passed		false	0	
clone47	feat_ontology-workbench-goal-packet-6cbfd22ef53c	feat/ontology-workbench-goal-packet	2026-07-08T23:42:15.976Z	monitor:02-pr-checks-watch	monitor:pr-checks:watch	monitor	passed		false	0	
clone47	feat_ontology-workbench-ontosphere-92c7108593c7	feat/ontology-workbench-ontosphere	2026-07-09T02:57:25.920Z	monitor:01-pr-context	monitor:pr-context	monitor	passed		false	0	
clone47	feat_ontology-workbench-ontosphere-92c7108593c7	feat/ontology-workbench-ontosphere	2026-07-09T02:57:25.920Z	monitor:02-pr-checks-watch	monitor:pr-checks:watch	monitor	passed		false	0	
clone47	feat_ontology-workbench-p0-bootstrap-1f1d4cd7d219	feat/ontology-workbench-p0-bootstrap	2026-07-09T03:47:42.571Z	advisory:01-fallow-feedback	fallow-advisory-feedback	feedback	passed		false	0	
clone47	feat_ontology-workbench-p0-bootstrap-1f1d4cd7d219	feat/ontology-workbench-p0-bootstrap	2026-07-09T03:47:42.571Z	commit:01-git-commit	commit:git:commit	commit	passed		false	0	
clone47	feat_ontology-workbench-p0-bootstrap-1f1d4cd7d219	feat/ontology-workbench-p0-bootstrap	2026-07-09T03:47:42.571Z	full:01-pre-push	full:pre-push	full	passed		false	0	
clone47	feat_ontology-workbench-p0-bootstrap-1f1d4cd7d219	feat/ontology-workbench-p0-bootstrap	2026-07-09T03:47:42.571Z	publish:01-git-push	publish:git:push	publish	passed		false	0	
clone47	feat_ontology-workbench-p1-foundation-9954eccaf083	feat/ontology-workbench-p1-foundation	2026-07-09T05:45:37.297Z	advisory:01-fallow-feedback	fallow-advisory-feedback	feedback	passed		false	0	
clone47	feat_ontology-workbench-p1-foundation-9954eccaf083	feat/ontology-workbench-p1-foundation	2026-07-09T05:45:37.297Z	commit:01-git-commit	commit:git:commit	commit	passed		false	0	
clone47	feat_ontology-workbench-p1-foundation-9954eccaf083	feat/ontology-workbench-p1-foundation	2026-07-09T05:45:37.297Z	full:01-pre-push	full:pre-push	full	passed		false	0	
clone47	feat_ontology-workbench-p1-foundation-9954eccaf083	feat/ontology-workbench-p1-foundation	2026-07-09T05:45:37.297Z	publish:01-git-push	publish:git:push	publish	passed		false	0	
clone47	feat_ontology-workbench-p2-explorer-editor-658aa1494b9d	feat/ontology-workbench-p2-explorer-editor	2026-07-09T10:02:53.832Z	advisory:01-fallow-feedback	fallow-advisory-feedback	feedback	passed		false	0	
clone47	feat_ontology-workbench-p2-explorer-editor-658aa1494b9d	feat/ontology-workbench-p2-explorer-editor	2026-07-09T10:02:53.832Z	commit:01-git-commit	commit:git:commit	commit	passed		false	0	
clone47	feat_ontology-workbench-p2-explorer-editor-658aa1494b9d	feat/ontology-workbench-p2-explorer-editor	2026-07-09T10:02:53.832Z	full:01-pre-push	full:pre-push	full	passed		false	0	
clone47	feat_ontology-workbench-p2-explorer-editor-658aa1494b9d	feat/ontology-workbench-p2-explorer-editor	2026-07-09T10:02:53.832Z	publish:01-git-push	publish:git:push	publish	passed		false	0	
clone47	feat_ontology-workbench-p3-visualizer-5817adaa6ef7	feat/ontology-workbench-p3-visualizer	2026-07-09T14:27:47.207Z	advisory:01-fallow-feedback	fallow-advisory-feedback	feedback	passed		false	0	
clone47	feat_ontology-workbench-p3-visualizer-5817adaa6ef7	feat/ontology-workbench-p3-visualizer	2026-07-09T14:27:47.207Z	commit:01-git-commit	commit:git:commit	commit	passed		false	0	
clone47	feat_ontology-workbench-p3-visualizer-5817adaa6ef7	feat/ontology-workbench-p3-visualizer	2026-07-09T14:27:47.207Z	full:01-pre-push	full:pre-push	full	passed		false	0	
clone47	feat_ontology-workbench-p3-visualizer-5817adaa6ef7	feat/ontology-workbench-p3-visualizer	2026-07-09T14:27:47.207Z	publish:01-git-push	publish:git:push	publish	passed		false	0	
clone47	feat_ontology-workbench-p4-sparql-reasoning-834905063a23	feat/ontology-workbench-p4-sparql-reasoning	2026-07-09T18:06:42.712Z	advisory:01-fallow-feedback	fallow-advisory-feedback	feedback	passed		false	0	
clone47	feat_ontology-workbench-p4-sparql-reasoning-834905063a23	feat/ontology-workbench-p4-sparql-reasoning	2026-07-09T18:06:42.712Z	commit:01-git-commit	commit:git:commit	commit	passed		false	0	
clone47	feat_ontology-workbench-p4-sparql-reasoning-834905063a23	feat/ontology-workbench-p4-sparql-reasoning	2026-07-09T18:06:42.712Z	full:01-pre-push	full:pre-push	full	passed		false	0	
clone47	feat_ontology-workbench-p4-sparql-reasoning-834905063a23	feat/ontology-workbench-p4-sparql-reasoning	2026-07-09T18:06:42.712Z	publish:01-git-push	publish:git:push	publish	passed		false	0	
clone47	feat_ontology-workbench-p5-validation-provenance-04375e18a1df	feat/ontology-workbench-p5-validation-provenance	2026-07-09T21:19:55.997Z	advisory:01-fallow-feedback	fallow-advisory-feedback	feedback	passed		false	0	
clone47	feat_ontology-workbench-p5-validation-provenance-04375e18a1df	feat/ontology-workbench-p5-validation-provenance	2026-07-09T21:19:55.997Z	commit:01-git-commit	commit:git:commit	commit	passed		false	0	
clone47	feat_ontology-workbench-p5-validation-provenance-04375e18a1df	feat/ontology-workbench-p5-validation-provenance	2026-07-09T21:19:55.997Z	full:01-pre-push	full:pre-push	full	passed		false	0	
clone47	feat_ontology-workbench-p5-validation-provenance-04375e18a1df	feat/ontology-workbench-p5-validation-provenance	2026-07-09T21:19:55.997Z	publish:01-git-push	publish:git:push	publish	passed		false	0	
clone47	feat_ontology-workbench-p6-harden-close-83afa90857ec	feat/ontology-workbench-p6-harden-close	2026-07-09T22:54:46.065Z	advisory:01-fallow-feedback	fallow-advisory-feedback	feedback	passed		false	0	
clone47	feat_ontology-workbench-p6-harden-close-83afa90857ec	feat/ontology-workbench-p6-harden-close	2026-07-09T22:54:46.065Z	commit:01-git-commit	commit:git:commit	commit	passed		false	0	
clone47	feat_ontology-workbench-p6-harden-close-83afa90857ec	feat/ontology-workbench-p6-harden-close	2026-07-09T22:54:46.065Z	full:01-pre-push	full:pre-push	full	passed		false	0	
clone47	feat_ontology-workbench-p6-harden-close-83afa90857ec	feat/ontology-workbench-p6-harden-close	2026-07-09T22:54:46.065Z	publish:01-git-push	publish:git:push	publish	passed		false	0	
clone47	fix_jsonschema-uri-property-laws-238608c72a24	fix/jsonschema-uri-property-laws	2026-07-27T05:30:17.419Z	closeout:01-pr-context	closeout:pr-context	monitor	not-run		false		
clone47	fix_jsonschema-uri-property-laws-238608c72a24	fix/jsonschema-uri-property-laws	2026-07-27T05:30:17.419Z	closeout:02-review-gates	closeout:review-gates	monitor	not-run		false		
clone47	identity-schema-annotation-helper-fix-2a894312f90e	identity-schema-annotation-helper-fix	2026-07-30T03:22:24.750Z	closeout:01-pr-context	closeout:pr-context	monitor	not-run		false		
clone47	identity-schema-annotation-helper-fix-2a894312f90e	identity-schema-annotation-helper-fix	2026-07-30T03:22:24.750Z	closeout:02-review-gates	closeout:review-gates	monitor	not-run		false		
clone47	main-0d6e4079e367	main	2026-07-11T21:22:48.452Z	advisory:01-fallow-feedback	fallow-advisory-feedback	feedback	passed		false	0	
clone47	main-0d6e4079e367	main	2026-07-11T21:22:48.452Z	full:01-pre-push	full:pre-push	full	passed		false	0	
clone48	chore_deps-update-7-16-26-d4c5f775fb33	chore/deps-update-7-16-26	2026-07-17T08:37:04.593Z	closeout:01-pr-context	closeout:pr-context	monitor	not-run		false		
clone48	chore_deps-update-7-16-26-d4c5f775fb33	chore/deps-update-7-16-26	2026-07-17T08:37:04.593Z	closeout:02-review-gates	closeout:review-gates	monitor	not-run		false		
clone48	chore_goal-skills-agents-documentation-audit-aa15b467e10c	@chore/goal-skills-agents-documentation-audit	2026-08-02T08:08:13.444Z	closeout:01-pr-context	closeout:pr-context	monitor	not-run		false		
clone48	chore_goal-skills-agents-documentation-audit-aa15b467e10c	@chore/goal-skills-agents-documentation-audit	2026-08-02T08:08:13.444Z	closeout:02-review-gates	closeout:review-gates	monitor	not-run		false		
clone48	chore_refresh-bun-lock-20260714-dd4f1b9b3829	chore/refresh-bun-lock-20260714	2026-07-14T16:55:25.269Z	closeout:01-pr-context	closeout:pr-context	monitor	not-run		false		
clone48	chore_refresh-bun-lock-20260714-dd4f1b9b3829	chore/refresh-bun-lock-20260714	2026-07-14T16:55:25.269Z	closeout:02-review-gates	closeout:review-gates	monitor	not-run		false		
clone48	experiment-stella-c9ec68be43fa	experiment-stella	2026-07-30T15:46:27.275Z	monitor:01-pr-context	monitor:pr-context	monitor	passed	428.617011	true	0	
clone48	experiment-stella-c9ec68be43fa	experiment-stella	2026-07-30T15:46:27.275Z	monitor:02-pr-checks-watch	monitor:pr-checks:watch	monitor	passed	1140823.158598	true	0	
clone48	feat_academia-align-dispatch-418be71a8768	feat/academia-align-dispatch	2026-07-25T17:14:34.809Z	closeout:01-pr-context	closeout:pr-context	monitor	not-run		false		
clone48	feat_academia-align-dispatch-418be71a8768	feat/academia-align-dispatch	2026-07-25T17:14:34.809Z	closeout:02-review-gates	closeout:review-gates	monitor	not-run		false		
clone48	feat_academia-corpus-mining-packet-d5069853ad7f	feat/academia-corpus-mining-packet	2026-07-25T15:05:53.484Z	closeout:01-pr-context	closeout:pr-context	monitor	not-run		false		
clone48	feat_academia-corpus-mining-packet-d5069853ad7f	feat/academia-corpus-mining-packet	2026-07-25T15:05:53.484Z	closeout:02-review-gates	closeout:review-gates	monitor	not-run		false		
clone48	feat_agent-execution-authority-pr6-08a6d5ca89e9	feat/agent-execution-authority-pr6	2026-07-27T22:31:36.516Z	advisory:01-fallow-feedback	fallow-advisory-feedback	feedback	passed	1701.247213	true	0	
clone48	feat_agent-execution-authority-pr6-08a6d5ca89e9	feat/agent-execution-authority-pr6	2026-07-27T22:31:36.516Z	full:01-pre-push	full:pre-push	full	passed	686778.617798	true	0	
clone48	feat_agent-execution-authority-pr6-08a6d5ca89e9	feat/agent-execution-authority-pr6	2026-07-27T22:31:36.516Z	publish:00-head-install-preflight	publish:head-install-preflight	full	passed	4975.942105	true	0	
clone48	feat_agent-execution-authority-pr7-9ef29b4b3887	feat/agent-execution-authority-pr7	2026-07-29T00:13:44.693Z	advisory:01-fallow-feedback	fallow-advisory-feedback	feedback	passed	1721.132538	true	0	
clone48	feat_agent-execution-authority-pr7-9ef29b4b3887	feat/agent-execution-authority-pr7	2026-07-29T00:13:44.693Z	full:01-pre-push	full:pre-push	full	passed	708071.598239	true	0	
clone48	feat_agent-execution-authority-pr7-9ef29b4b3887	feat/agent-execution-authority-pr7	2026-07-29T00:13:44.693Z	publish:00-head-install-preflight	publish:head-install-preflight	full	passed	4925.415814	true	0	
clone48	feat_agent-execution-sandbox-graduate-4ca7f82adb72	feat/agent-execution-sandbox-graduate	2026-07-26T03:27:34.613Z	monitor:01-pr-context	monitor:pr-context	monitor	passed	366.681619	true	0	
clone48	feat_agent-execution-sandbox-graduate-4ca7f82adb72	feat/agent-execution-sandbox-graduate	2026-07-26T03:27:34.613Z	monitor:02-pr-checks-watch	monitor:pr-checks:watch	monitor	passed	522754.784308	true	0	
clone48	feat_epistemic-execution-authority-config-01f0ed7420cb	feat/epistemic-execution-authority-config	2026-07-26T20:12:29.796Z	advisory:01-fallow-feedback	fallow-advisory-feedback	feedback	passed	1670.778306	true	0	
clone48	feat_epistemic-execution-authority-config-01f0ed7420cb	feat/epistemic-execution-authority-config	2026-07-26T20:12:29.796Z	commit:01-git-commit	commit:git:commit	commit	passed	2176.265775	true	0	
clone48	feat_epistemic-execution-authority-config-01f0ed7420cb	feat/epistemic-execution-authority-config	2026-07-26T20:12:29.796Z	full:01-pre-push	full:pre-push	full	passed	587890.090844	true	0	
clone48	feat_epistemic-execution-authority-config-01f0ed7420cb	feat/epistemic-execution-authority-config	2026-07-26T20:12:29.796Z	publish:00-head-install-preflight	publish:head-install-preflight	publish	passed	8899.304	true	0	
clone48	feat_epistemic-execution-authority-config-01f0ed7420cb	feat/epistemic-execution-authority-config	2026-07-26T20:12:29.796Z	publish:01-git-push	publish:git:push	publish	passed	2132.245235	true	0	
clone48	feat_epistemic-execution-authority-config-01f0ed7420cb	feat/epistemic-execution-authority-config	2026-07-26T20:12:29.796Z	publish:02-pr-create	publish:pr-create	publish	passed		false	0	
clone48	feat_epistemic-execution-authority-config-01f0ed7420cb	feat/epistemic-execution-authority-config	2026-07-26T20:12:29.796Z	monitor:01-pr-context	monitor:pr-context	monitor	passed	347.048702	true	0	
clone48	feat_epistemic-execution-authority-config-01f0ed7420cb	feat/epistemic-execution-authority-config	2026-07-26T20:12:29.796Z	monitor:02-pr-checks-watch	monitor:pr-checks:watch	monitor	failed	611.773614	true	1	gh pr checks --watch
clone48	feat_epistemic-execution-grant-schemas-d17847c31b6e	feat/epistemic-execution-grant-schemas	2026-07-26T08:50:25.912Z	advisory:01-fallow-feedback	fallow-advisory-feedback	feedback	passed	1647.043307	true	0	
clone48	feat_epistemic-execution-grant-schemas-d17847c31b6e	feat/epistemic-execution-grant-schemas	2026-07-26T08:50:25.912Z	full:01-pre-push	full:pre-push	full	passed	1001171.673934	true	0	
clone48	feat_epistemic-execution-grant-schemas-d17847c31b6e	feat/epistemic-execution-grant-schemas	2026-07-26T08:50:25.912Z	publish:00-head-install-preflight	publish:head-install-preflight	full	passed	5148.491777	true	0	
clone48	feat_epistemic-execution-ledger-f92ece2e525c	feat/epistemic-execution-ledger	2026-07-26T23:06:06.249Z	advisory:01-fallow-feedback	fallow-advisory-feedback	feedback	passed	1701.157569	true	0	
clone48	feat_epistemic-execution-ledger-f92ece2e525c	feat/epistemic-execution-ledger	2026-07-26T23:06:06.249Z	commit:01-git-commit	commit:git:commit:amend	commit	passed	2134.196103	true	0	
clone48	feat_epistemic-execution-ledger-f92ece2e525c	feat/epistemic-execution-ledger	2026-07-26T23:06:06.249Z	full:01-pre-push	full:pre-push	full	passed	703945.552986	true	0	
clone48	feat_epistemic-execution-ledger-f92ece2e525c	feat/epistemic-execution-ledger	2026-07-26T23:06:06.249Z	publish:00-head-install-preflight	publish:head-install-preflight	publish	passed	5199.694953	true	0	
clone48	feat_epistemic-execution-ledger-f92ece2e525c	feat/epistemic-execution-ledger	2026-07-26T23:06:06.249Z	publish:01-git-push	publish:git:push	publish	failed	750.907275	true	1	git push -u origin HEAD
clone48	feat_epistemic-execution-ledger-f92ece2e525c	feat/epistemic-execution-ledger	2026-07-26T23:06:06.249Z	publish:02-pr-create	publish:pr-create	publish	not-run		false		
clone48	feat_epistemic-execution-ledger-f92ece2e525c	feat/epistemic-execution-ledger	2026-07-26T23:06:06.249Z	monitor:01-pr-context	monitor:pr-context	monitor	not-run		false		
clone48	feat_epistemic-execution-ledger-f92ece2e525c	feat/epistemic-execution-ledger	2026-07-26T23:06:06.249Z	monitor:02-pr-checks-watch	monitor:pr-checks:watch	monitor	not-run		false		
clone48	feat_epistemic-governed-tier-gate-631d9b53008d	feat/epistemic-governed-tier-gate	2026-07-27T16:31:48.613Z	advisory:01-fallow-feedback	fallow-advisory-feedback	feedback	passed	1688.028931	true	0	
clone48	feat_epistemic-governed-tier-gate-631d9b53008d	feat/epistemic-governed-tier-gate	2026-07-27T16:31:48.613Z	full:01-pre-push	full:pre-push	full	failed	1492698.695882	true	1	Run `bun run beep laws terse-effect --check` and inspect blocking, rewritable, and informational files.
clone48	feat_epistemic-governed-tier-gate-631d9b53008d	feat/epistemic-governed-tier-gate	2026-07-27T16:31:48.613Z	publish:00-head-install-preflight	publish:head-install-preflight	full	passed	4932.315065	true	0	
clone48	feat_epistemic-tiergate-record-outcome-3aaf7456e076	feat/epistemic-tiergate-record-outcome	2026-07-27T08:18:16.641Z	advisory:01-fallow-feedback	fallow-advisory-feedback	feedback	passed	1762.905279	true	0	
clone48	feat_epistemic-tiergate-record-outcome-3aaf7456e076	feat/epistemic-tiergate-record-outcome	2026-07-27T08:18:16.641Z	commit:01-git-commit	commit:git:commit	commit	passed	2389.122231	true	0	
clone48	feat_epistemic-tiergate-record-outcome-3aaf7456e076	feat/epistemic-tiergate-record-outcome	2026-07-27T08:18:16.641Z	full:01-pre-push	full:pre-push	full	passed	653948.375184	true	0	
clone48	feat_epistemic-tiergate-record-outcome-3aaf7456e076	feat/epistemic-tiergate-record-outcome	2026-07-27T08:18:16.641Z	publish:00-head-install-preflight	publish:head-install-preflight	publish	passed	7807.395878	true	0	
clone48	feat_epistemic-tiergate-record-outcome-3aaf7456e076	feat/epistemic-tiergate-record-outcome	2026-07-27T08:18:16.641Z	publish:01-git-push	publish:git:push	publish	passed	1658.041802	true	0	
clone48	feat_epistemic-tiergate-record-outcome-3aaf7456e076	feat/epistemic-tiergate-record-outcome	2026-07-27T08:18:16.641Z	publish:02-pr-create	publish:pr-create	publish	passed		false	0	
clone48	feat_epistemic-tiergate-record-outcome-3aaf7456e076	feat/epistemic-tiergate-record-outcome	2026-07-27T08:18:16.641Z	monitor:01-pr-context	monitor:pr-context	monitor	passed	388.649822	true	0	
clone48	feat_epistemic-tiergate-record-outcome-3aaf7456e076	feat/epistemic-tiergate-record-outcome	2026-07-27T08:18:16.641Z	monitor:02-pr-checks-watch	monitor:pr-checks:watch	monitor	passed	953688.996641	true	0	
clone48	feat_legal-document-intake-p0-research-1f5c02b2edeb	feat/legal-document-intake-p0-research	2026-07-11T06:39:16.858Z	advisory:01-fallow-feedback	fallow-advisory-feedback	feedback	passed		false	0	
clone48	feat_legal-document-intake-p0-research-1f5c02b2edeb	feat/legal-document-intake-p0-research	2026-07-11T06:39:16.858Z	commit:01-git-commit	commit:git:commit:amend	commit	not-run		false		
clone48	feat_legal-document-intake-p0-research-1f5c02b2edeb	feat/legal-document-intake-p0-research	2026-07-11T06:39:16.858Z	full:01-pre-push	full:pre-push	full	not-run		false		
clone48	feat_legal-document-intake-p0-research-1f5c02b2edeb	feat/legal-document-intake-p0-research	2026-07-11T06:39:16.858Z	publish:01-git-push	publish:git:push	publish	not-run		false		
clone48	feat_legal-document-intake-p0-research-1f5c02b2edeb	feat/legal-document-intake-p0-research	2026-07-11T06:39:16.858Z	publish:02-pr-create	publish:pr-create	publish	not-run		false		
clone48	feat_legal-document-intake-p3-box-sync-a18658660662	feat/legal-document-intake-p3-box-sync	2026-07-11T21:05:15.670Z	closeout:01-pr-context	closeout:pr-context	monitor	not-run		false		
clone48	feat_legal-document-intake-p3-box-sync-a18658660662	feat/legal-document-intake-p3-box-sync	2026-07-11T21:05:15.670Z	closeout:02-review-gates	closeout:review-gates	monitor	not-run		false		
clone48	feat_typed-verdict-prose-9d39b24f71c7	feat/typed-verdict-prose	2026-07-25T18:16:52.061Z	closeout:01-pr-context	closeout:pr-context	monitor	not-run		false		
clone48	feat_typed-verdict-prose-9d39b24f71c7	feat/typed-verdict-prose	2026-07-25T18:16:52.061Z	closeout:02-review-gates	closeout:review-gates	monitor	not-run		false		
clone48	fix_date-picker-story-flake-1d3e543dc11a	fix/date-picker-story-flake	2026-07-26T15:16:03.107Z	publish:00-head-install-preflight	publish:head-install-preflight	publish	passed	4068.856106	true	0	
clone48	fix_date-picker-story-flake-1d3e543dc11a	fix/date-picker-story-flake	2026-07-26T15:16:03.107Z	publish:01-git-push	publish:git:push	publish	passed	1594.683271	true	0	
clone48	fix_storybook-popover-visibility-races-d01ba55d2884	fix/storybook-popover-visibility-races	2026-07-26T10:39:46.046Z	advisory:01-fallow-feedback	fallow-advisory-feedback	feedback	passed	1784.396138	true	0	
clone48	fix_storybook-popover-visibility-races-d01ba55d2884	fix/storybook-popover-visibility-races	2026-07-26T10:39:46.046Z	commit:01-git-commit	commit:git:commit:amend	commit	passed	603.61204	true	0	
clone48	fix_storybook-popover-visibility-races-d01ba55d2884	fix/storybook-popover-visibility-races	2026-07-26T10:39:46.046Z	full:01-pre-push	full:pre-push	full	passed	677424.46642	true	0	
clone48	fix_storybook-popover-visibility-races-d01ba55d2884	fix/storybook-popover-visibility-races	2026-07-26T10:39:46.046Z	publish:00-head-install-preflight	publish:head-install-preflight	publish	passed	10085.118375	true	0	
clone48	fix_storybook-popover-visibility-races-d01ba55d2884	fix/storybook-popover-visibility-races	2026-07-26T10:39:46.046Z	publish:01-git-push	publish:git:push	publish	passed	1390.951423	true	0	
clone48	fix_storybook-popover-visibility-races-d01ba55d2884	fix/storybook-popover-visibility-races	2026-07-26T10:39:46.046Z	publish:02-pr-create	publish:pr-create	publish	passed		false	0	
clone48	fix_storybook-popover-visibility-races-d01ba55d2884	fix/storybook-popover-visibility-races	2026-07-26T10:39:46.046Z	monitor:01-pr-context	monitor:pr-context	monitor	passed	388.984669	true	0	
clone48	fix_storybook-popover-visibility-races-d01ba55d2884	fix/storybook-popover-visibility-races	2026-07-26T10:39:46.046Z	monitor:02-pr-checks-watch	monitor:pr-checks:watch	monitor	passed	614373.594707	true	0	
clone48	fix_tsgo-backup-leak-f21646034a7c	fix/tsgo-backup-leak	2026-07-29T01:22:56.799Z	advisory:01-fallow-feedback	fallow-advisory-feedback	feedback	passed	1738.806388	true	0	
clone48	fix_tsgo-backup-leak-f21646034a7c	fix/tsgo-backup-leak	2026-07-29T01:22:56.799Z	full:01-pre-push	full:pre-push	full	passed	691551.228433	true	0	
clone48	fix_tsgo-backup-leak-f21646034a7c	fix/tsgo-backup-leak	2026-07-29T01:22:56.799Z	publish:00-head-install-preflight	publish:head-install-preflight	full	passed	6360.453844	true	0	
clone49	quality_cognitive-complexity-standard-a67e131f8962	quality/cognitive-complexity-standard	2026-07-30T17:30:43.996Z	advisory:01-fallow-feedback	fallow-advisory-feedback	feedback	passed	1672.490708	true	0	
clone49	quality_cognitive-complexity-standard-a67e131f8962	quality/cognitive-complexity-standard	2026-07-30T17:30:43.996Z	commit:01-git-commit	commit:git:commit	commit	passed	3809.130699	true	0	
clone49	quality_cognitive-complexity-standard-a67e131f8962	quality/cognitive-complexity-standard	2026-07-30T17:30:43.996Z	full:01-pre-push	full:pre-push	full	passed	797163.062743	true	0	
clone49	quality_cognitive-complexity-standard-a67e131f8962	quality/cognitive-complexity-standard	2026-07-30T17:30:43.996Z	publish:00-head-install-preflight	publish:head-install-preflight	publish	passed	7544.292256	true	0	
clone49	quality_cognitive-complexity-standard-a67e131f8962	quality/cognitive-complexity-standard	2026-07-30T17:30:43.996Z	publish:01-git-push	publish:git:push	publish	passed	6732.931043	true	0	
clone49	quality_cognitive-complexity-standard-a67e131f8962	quality/cognitive-complexity-standard	2026-07-30T17:30:43.996Z	publish:02-pr-create	publish:pr-create	publish	passed		false	0	
