source,class,apparent_bytes,exclusive_bytes,checkout,owner,terminal_state,recovery_destination,retention_reason,skip_reason
~/.codex/worktrees/<worktree-id>/beep-effect7/.beep/fallow,checkout-material,12660,12288,~/.codex/worktrees/<worktree-id>/beep-effect7,owner-unverified,unverified,source retained; archive from owner checkout,fleet observation only; archive from the owning checkout,foreign-owner
~/YeeBois/projects/beep-effect/.beep/yeet/jobs/<run-id>.log,checkout-jobs,784854,786432,~/YeeBois/projects/beep-effect,owner-unverified,unverified,source retained; archive from owner checkout,fleet observation only; archive from the owning checkout,foreign-owner
~/YeeBois/projects/beep-effect/.beep/yeet/jobs/<run-id>.json,checkout-jobs,2048,0,~/YeeBois/projects/beep-effect,owner-unverified,unverified,source retained; archive from owner checkout,fleet observation only; archive from the owning checkout,foreign-owner
~/YeeBois/projects/beep-effect/.beep/yeet/jobs/<run-id>.log,checkout-jobs,2643913,2646016,~/YeeBois/projects/beep-effect,owner-unverified,unverified,source retained; archive from owner checkout,fleet observation only; archive from the owning checkout,foreign-owner
~/YeeBois/projects/beep-effect/.beep/yeet/jobs/<run-id>.json,checkout-jobs,2054,0,~/YeeBois/projects/beep-effect,owner-unverified,unverified,source retained; archive from owner checkout,fleet observation only; archive from the owning checkout,foreign-owner
~/YeeBois/projects/beep-effect/.beep/yeet/jobs/<run-id>.log,checkout-jobs,666104,667648,~/YeeBois/projects/beep-effect,owner-unverified,unverified,source retained; archive from owner checkout,fleet observation only; archive from the owning checkout,foreign-owner
~/YeeBois/projects/beep-effect/.beep/yeet/jobs/<run-id>.json,checkout-jobs,1888,0,~/YeeBois/projects/beep-effect,owner-unverified,unverified,source retained; archive from owner checkout,fleet observation only; archive from the owning checkout,foreign-owner
~/YeeBois/projects/beep-effect/.beep/yeet/jobs/<run-id>.log,checkout-jobs,105447,106496,~/YeeBois/projects/beep-effect,owner-unverified,unverified,source retained; archive from owner checkout,fleet observation only; archive from the owning checkout,foreign-owner
~/YeeBois/projects/beep-effect/.beep/yeet/jobs/<run-id>.json,checkout-jobs,2090,0,~/YeeBois/projects/beep-effect,owner-unverified,unverified,source retained; archive from owner checkout,fleet observation only; archive from the owning checkout,foreign-owner
~/YeeBois/projects/beep-effect/.beep/yeet/jobs/<run-id>.log,checkout-jobs,5089661,5091328,~/YeeBois/projects/beep-effect,owner-unverified,unverified,source retained; archive from owner checkout,fleet observation only; archive from the owning checkout,foreign-owner
~/YeeBois/projects/beep-effect/.beep/yeet/jobs/<run-id>.json,checkout-jobs,2125,0,~/YeeBois/projects/beep-effect,owner-unverified,unverified,source retained; archive from owner checkout,fleet observation only; archive from the owning checkout,foreign-owner
~/YeeBois/projects/beep-effect/.beep/yeet/jobs/<run-id>.log,checkout-jobs,333695,335872,~/YeeBois/projects/beep-effect,owner-unverified,unverified,source retained; archive from owner checkout,fleet observation only; archive from the owning checkout,foreign-owner
~/YeeBois/projects/beep-effect/.beep/yeet/jobs/<run-id>.json,checkout-jobs,2005,0,~/YeeBois/projects/beep-effect,owner-unverified,unverified,source retained; archive from owner checkout,fleet observation only; archive from the owning checkout,foreign-owner
~/YeeBois/projects/beep-effect/.beep/yeet/jobs/<run-id>.log,checkout-jobs,746441,749568,~/YeeBois/projects/beep-effect,owner-unverified,unverified,source retained; archive from owner checkout,fleet observation only; archive from the owning checkout,foreign-owner
~/YeeBois/projects/beep-effect/.beep/yeet/jobs/<run-id>.json,checkout-jobs,2017,0,~/YeeBois/projects/beep-effect,owner-unverified,unverified,source retained; archive from owner checkout,fleet observation only; archive from the owning checkout,foreign-owner
~/YeeBois/projects/beep-effect/.beep/yeet/jobs/<run-id>.log,checkout-jobs,331817,335872,~/YeeBois/projects/beep-effect,owner-unverified,unverified,source retained; archive from owner checkout,fleet observation only; archive from the owning checkout,foreign-owner
~/YeeBois/projects/beep-effect/.beep/yeet/jobs/<run-id>.json,checkout-jobs,2105,0,~/YeeBois/projects/beep-effect,owner-unverified,unverified,source retained; archive from owner checkout,fleet observation only; archive from the owning checkout,foreign-owner
~/YeeBois/projects/beep-effect/.beep/yeet/jobs/<run-id>.log,checkout-jobs,505857,507904,~/YeeBois/projects/beep-effect,owner-unverified,unverified,source retained; archive from owner checkout,fleet observation only; archive from the owning checkout,foreign-owner
~/YeeBois/projects/beep-effect/.beep/yeet/jobs/<run-id>.json,checkout-jobs,2163,0,~/YeeBois/projects/beep-effect,owner-unverified,unverified,source retained; archive from owner checkout,fleet observation only; archive from the owning checkout,foreign-owner
~/YeeBois/projects/beep-effect/.beep/yeet/jobs/<run-id>.log,checkout-jobs,214042,217088,~/YeeBois/projects/beep-effect,owner-unverified,unverified,source retained; archive from owner checkout,fleet observation only; archive from the owning checkout,foreign-owner
~/YeeBois/projects/beep-effect/.beep/yeet/jobs/<run-id>.json,checkout-jobs,2085,0,~/YeeBois/projects/beep-effect,owner-unverified,unverified,source retained; archive from owner checkout,fleet observation only; archive from the owning checkout,foreign-owner
~/YeeBois/projects/beep-effect/.beep/yeet/jobs/<run-id>.log,checkout-jobs,3428,0,~/YeeBois/projects/beep-effect,owner-unverified,unverified,source retained; archive from owner checkout,fleet observation only; archive from the owning checkout,foreign-owner
~/YeeBois/projects/beep-effect/.beep/yeet/jobs/<run-id>.json,checkout-jobs,1973,0,~/YeeBois/projects/beep-effect,owner-unverified,unverified,source retained; archive from owner checkout,fleet observation only; archive from the owning checkout,foreign-owner
~/YeeBois/projects/beep-effect/.beep/yeet/jobs/<run-id>.log,checkout-jobs,4079923,4083712,~/YeeBois/projects/beep-effect,owner-unverified,unverified,source retained; archive from owner checkout,fleet observation only; archive from the owning checkout,foreign-owner
~/YeeBois/projects/beep-effect/.beep/yeet/jobs/<run-id>.json,checkout-jobs,2117,0,~/YeeBois/projects/beep-effect,owner-unverified,unverified,source retained; archive from owner checkout,fleet observation only; archive from the owning checkout,foreign-owner
~/YeeBois/projects/beep-effect/.beep/yeet/jobs/<run-id>.log,checkout-jobs,81467,81920,~/YeeBois/projects/beep-effect,owner-unverified,unverified,source retained; archive from owner checkout,fleet observation only; archive from the owning checkout,foreign-owner
~/YeeBois/projects/beep-effect/.beep/yeet/jobs/<run-id>.log,checkout-jobs,1000208,1003520,~/YeeBois/projects/beep-effect,owner-unverified,unverified,source retained; archive from owner checkout,fleet observation only; archive from the owning checkout,foreign-owner
~/YeeBois/projects/beep-effect/.beep/yeet/jobs/<run-id>.json,checkout-jobs,2197,0,~/YeeBois/projects/beep-effect,owner-unverified,unverified,source retained; archive from owner checkout,fleet observation only; archive from the owning checkout,foreign-owner
~/YeeBois/projects/beep-effect/.beep/yeet/jobs/<run-id>.log,checkout-jobs,130,0,~/YeeBois/projects/beep-effect,owner-unverified,unverified,source retained; archive from owner checkout,fleet observation only; archive from the owning checkout,foreign-owner
~/YeeBois/projects/beep-effect/.beep/yeet/jobs/<run-id>.json,checkout-jobs,2011,0,~/YeeBois/projects/beep-effect,owner-unverified,unverified,source retained; archive from owner checkout,fleet observation only; archive from the owning checkout,foreign-owner
~/YeeBois/projects/beep-effect/.beep/yeet/jobs/<run-id>.log,checkout-jobs,3408015,3411968,~/YeeBois/projects/beep-effect,owner-unverified,unverified,source retained; archive from owner checkout,fleet observation only; archive from the owning checkout,foreign-owner
~/YeeBois/projects/beep-effect/.beep/yeet/jobs/<run-id>.json,checkout-jobs,2345,0,~/YeeBois/projects/beep-effect,owner-unverified,unverified,source retained; archive from owner checkout,fleet observation only; archive from the owning checkout,foreign-owner
~/YeeBois/projects/beep-effect/.beep/yeet/jobs/<run-id>.log,checkout-jobs,4741719,4743168,~/YeeBois/projects/beep-effect,owner-unverified,unverified,source retained; archive from owner checkout,fleet observation only; archive from the owning checkout,foreign-owner
~/YeeBois/projects/beep-effect/.beep/yeet/jobs/<run-id>.json,checkout-jobs,2147,0,~/YeeBois/projects/beep-effect,owner-unverified,unverified,source retained; archive from owner checkout,fleet observation only; archive from the owning checkout,foreign-owner
~/YeeBois/projects/beep-effect/.beep/yeet/jobs/<run-id>.json,checkout-jobs,2089,0,~/YeeBois/projects/beep-effect,owner-unverified,unverified,source retained; archive from owner checkout,fleet observation only; archive from the owning checkout,foreign-owner
~/YeeBois/projects/beep-effect/.beep/yeet/jobs/<run-id>.log,checkout-jobs,64265,65536,~/YeeBois/projects/beep-effect,owner-unverified,unverified,source retained; archive from owner checkout,fleet observation only; archive from the owning checkout,foreign-owner
~/YeeBois/projects/beep-effect/.beep/yeet/jobs/<run-id>.json,checkout-jobs,2362,0,~/YeeBois/projects/beep-effect,owner-unverified,unverified,source retained; archive from owner checkout,fleet observation only; archive from the owning checkout,foreign-owner
~/YeeBois/projects/beep-effect/.beep/yeet/jobs/<run-id>.log,checkout-jobs,1144100,1146880,~/YeeBois/projects/beep-effect,owner-unverified,unverified,source retained; archive from owner checkout,fleet observation only; archive from the owning checkout,foreign-owner
~/YeeBois/projects/beep-effect/.beep/yeet/jobs/<run-id>.json,checkout-jobs,2255,0,~/YeeBois/projects/beep-effect,owner-unverified,unverified,source retained; archive from owner checkout,fleet observation only; archive from the owning checkout,foreign-owner
~/YeeBois/projects/beep-effect/.beep/yeet/jobs/<run-id>.log,checkout-jobs,1452248,1454080,~/YeeBois/projects/beep-effect,owner-unverified,unverified,source retained; archive from owner checkout,fleet observation only; archive from the owning checkout,foreign-owner
~/YeeBois/projects/beep-effect/.beep/yeet/jobs/<run-id>.json,checkout-jobs,2257,0,~/YeeBois/projects/beep-effect,owner-unverified,unverified,source retained; archive from owner checkout,fleet observation only; archive from the owning checkout,foreign-owner
~/YeeBois/projects/beep-effect/.beep/yeet/jobs/<run-id>.log,checkout-jobs,1637557,1638400,~/YeeBois/projects/beep-effect,owner-unverified,unverified,source retained; archive from owner checkout,fleet observation only; archive from the owning checkout,foreign-owner
~/YeeBois/projects/beep-effect/.beep/yeet/jobs/<run-id>.json,checkout-jobs,2204,0,~/YeeBois/projects/beep-effect,owner-unverified,unverified,source retained; archive from owner checkout,fleet observation only; archive from the owning checkout,foreign-owner
~/YeeBois/projects/beep-effect/.beep/yeet/jobs/<run-id>.log,checkout-jobs,163,0,~/YeeBois/projects/beep-effect,owner-unverified,unverified,source retained; archive from owner checkout,fleet observation only; archive from the owning checkout,foreign-owner
~/YeeBois/projects/beep-effect/.beep/yeet/jobs/<run-id>.json,checkout-jobs,1979,0,~/YeeBois/projects/beep-effect,owner-unverified,unverified,source retained; archive from owner checkout,fleet observation only; archive from the owning checkout,foreign-owner
~/YeeBois/projects/beep-effect/.beep/yeet/jobs/<run-id>.log,checkout-jobs,278491,278528,~/YeeBois/projects/beep-effect,owner-unverified,unverified,source retained; archive from owner checkout,fleet observation only; archive from the owning checkout,foreign-owner
~/YeeBois/projects/beep-effect/.beep/yeet/jobs/<run-id>.json,checkout-jobs,2081,0,~/YeeBois/projects/beep-effect,owner-unverified,unverified,source retained; archive from owner checkout,fleet observation only; archive from the owning checkout,foreign-owner
~/YeeBois/projects/beep-effect/.beep/professional-desktop,checkout-material,210592354,210595840,~/YeeBois/projects/beep-effect,owner-unverified,unverified,source retained; archive from owner checkout,fleet observation only; archive from the owning checkout,foreign-owner
~/YeeBois/projects/beep-effect/.beep/ci/jsdoc-documentation.inventory.jsonc,checkout-generated,18829635,18833408,~/YeeBois/projects/beep-effect,owner-unverified,unverified,source retained; archive from owner checkout,fleet observation only; archive from the owning checkout,foreign-owner
~/YeeBois/projects/beep-effect/.beep/ci/jsdoc-documentation.inventory.md,checkout-generated,315227,315392,~/YeeBois/projects/beep-effect,owner-unverified,unverified,source retained; archive from owner checkout,fleet observation only; archive from the owning checkout,foreign-owner
~/YeeBois/projects/beep-effect/.beep/schema-first-cleanup,checkout-material,92256,86016,~/YeeBois/projects/beep-effect,owner-unverified,unverified,source retained; archive from owner checkout,fleet observation only; archive from the owning checkout,foreign-owner
~/YeeBois/projects/beep-effect/.beep/qa-archive-professional-desktop-2026-07-25,checkout-material,7787113,7901184,~/YeeBois/projects/beep-effect,owner-unverified,unverified,source retained; archive from owner checkout,fleet observation only; archive from the owning checkout,foreign-owner
~/YeeBois/projects/beep-effect/.beep/qa/round-1,checkout-qa,9952638,10186752,~/YeeBois/projects/beep-effect,owner-unverified,unverified,source retained; archive from owner checkout,fleet observation only; archive from the owning checkout,foreign-owner
~/YeeBois/projects/beep-effect/.beep/qa/round-99,checkout-qa,9192795,9428992,~/YeeBois/projects/beep-effect,owner-unverified,unverified,source retained; archive from owner checkout,fleet observation only; archive from the owning checkout,foreign-owner
~/YeeBois/projects/beep-effect/.beep/qa/round-98,checkout-qa,9195614,9433088,~/YeeBois/projects/beep-effect,owner-unverified,unverified,source retained; archive from owner checkout,fleet observation only; archive from the owning checkout,foreign-owner
~/YeeBois/projects/beep-effect/.beep/qa/round-97,checkout-qa,1636857,1662976,~/YeeBois/projects/beep-effect,owner-unverified,unverified,source retained; archive from owner checkout,fleet observation only; archive from the owning checkout,foreign-owner
~/YeeBois/projects/beep-effect/.beep/qa/round-101,checkout-qa,365336,364544,~/YeeBois/projects/beep-effect,owner-unverified,unverified,source retained; archive from owner checkout,fleet observation only; archive from the owning checkout,foreign-owner
~/YeeBois/projects/beep-effect/.beep/qa/debug-boot.png,checkout-qa,80026,81920,~/YeeBois/projects/beep-effect,owner-unverified,unverified,source retained; archive from owner checkout,fleet observation only; archive from the owning checkout,foreign-owner
~/YeeBois/projects/beep-effect/.beep/qa/round-102,checkout-qa,4087108,4116480,~/YeeBois/projects/beep-effect,owner-unverified,unverified,source retained; archive from owner checkout,fleet observation only; archive from the owning checkout,foreign-owner
~/YeeBois/projects/beep-effect/.beep/qa/round-103,checkout-qa,3838737,3874816,~/YeeBois/projects/beep-effect,owner-unverified,unverified,source retained; archive from owner checkout,fleet observation only; archive from the owning checkout,foreign-owner
~/YeeBois/projects/beep-effect/.beep/qa/round-104,checkout-qa,28074653,28434432,~/YeeBois/projects/beep-effect,owner-unverified,unverified,source retained; archive from owner checkout,fleet observation only; archive from the owning checkout,foreign-owner
~/YeeBois/projects/beep-effect/.beep/qa/round-105,checkout-qa,27404531,27774976,~/YeeBois/projects/beep-effect,owner-unverified,unverified,source retained; archive from owner checkout,fleet observation only; archive from the owning checkout,foreign-owner
~/YeeBois/projects/beep-effect/.beep/storybook-dev.log,checkout-material,48161,49152,~/YeeBois/projects/beep-effect,owner-unverified,unverified,source retained; archive from owner checkout,fleet observation only; archive from the owning checkout,foreign-owner
~/YeeBois/projects/beep-effect/.beep/storybook.pid,checkout-pids,6,0,~/YeeBois/projects/beep-effect,owner-unverified,unverified,source retained; archive from owner checkout,fleet observation only; archive from the owning checkout,foreign-owner
~/YeeBois/projects/beep-effect/.beep/portless-proxy.log,checkout-material,64,0,~/YeeBois/projects/beep-effect,owner-unverified,unverified,source retained; archive from owner checkout,fleet observation only; archive from the owning checkout,foreign-owner
~/YeeBois/projects/beep-effect/.beep/qa-rpc-token,checkout-material,49,0,~/YeeBois/projects/beep-effect,owner-unverified,unverified,source retained; archive from owner checkout,fleet observation only; archive from the owning checkout,foreign-owner
~/YeeBois/projects/beep-effect/.beep/qa-capture-dockreact.mjs.bak,checkout-material,13733,16384,~/YeeBois/projects/beep-effect,owner-unverified,unverified,source retained; archive from owner checkout,fleet observation only; archive from the owning checkout,foreign-owner
~/YeeBois/projects/beep-effect/.beep/qa-debug-gate.mjs,checkout-material,1406,0,~/YeeBois/projects/beep-effect,owner-unverified,unverified,source retained; archive from owner checkout,fleet observation only; archive from the owning checkout,foreign-owner
~/YeeBois/projects/beep-effect/.beep/qa-probe.mjs,checkout-material,878,0,~/YeeBois/projects/beep-effect,owner-unverified,unverified,source retained; archive from owner checkout,fleet observation only; archive from the owning checkout,foreign-owner
~/YeeBois/projects/beep-effect/.beep/qa-probe2.mjs,checkout-material,909,0,~/YeeBois/projects/beep-effect,owner-unverified,unverified,source retained; archive from owner checkout,fleet observation only; archive from the owning checkout,foreign-owner
~/YeeBois/projects/beep-effect/.beep/qa-capture.mjs,checkout-material,14626,16384,~/YeeBois/projects/beep-effect,owner-unverified,unverified,source retained; archive from owner checkout,fleet observation only; archive from the owning checkout,foreign-owner
~/YeeBois/projects/beep-effect/.beep/fallow,checkout-material,870439,868352,~/YeeBois/projects/beep-effect,owner-unverified,unverified,source retained; archive from owner checkout,fleet observation only; archive from the owning checkout,foreign-owner
~/YeeBois/projects/beep-effect/.beep/cache,checkout-material,23868,0,~/YeeBois/projects/beep-effect,owner-unverified,unverified,source retained; archive from owner checkout,fleet observation only; archive from the owning checkout,foreign-owner
~/YeeBois/projects/beep-effect/.beep/pr-1016,checkout-material,6706376,6701056,~/YeeBois/projects/beep-effect,owner-unverified,unverified,source retained; archive from owner checkout,fleet observation only; archive from the owning checkout,foreign-owner
~/YeeBois/projects/beep-effect/.beep/branch-green,checkout-material,28426526,28663808,~/YeeBois/projects/beep-effect,owner-unverified,unverified,source retained; archive from owner checkout,fleet observation only; archive from the owning checkout,foreign-owner
~/YeeBois/projects/beep-effect/.beep/pr-closeout-20260914.md,checkout-material,27876,28672,~/YeeBois/projects/beep-effect,owner-unverified,unverified,source retained; archive from owner checkout,fleet observation only; archive from the owning checkout,foreign-owner
~/YeeBois/projects/beep-effect/.beep/reboot-handoff-pr-closeout-20260915.md,checkout-material,8513,12288,~/YeeBois/projects/beep-effect,owner-unverified,unverified,source retained; archive from owner checkout,fleet observation only; archive from the owning checkout,foreign-owner
~/YeeBois/projects/beep-effect/.beep/quality,checkout-material,0,0,~/YeeBois/projects/beep-effect,owner-unverified,unverified,source retained; archive from owner checkout,fleet observation only; archive from the owning checkout,foreign-owner
~/YeeBois/projects/beep-effect/.beep/deps-update-20261001,checkout-material,2856553,2846720,~/YeeBois/projects/beep-effect,owner-unverified,unverified,source retained; archive from owner checkout,fleet observation only; archive from the owning checkout,foreign-owner
~/YeeBois/projects/beep-effect/.beep/dependency-green,checkout-material,10350916,10420224,~/YeeBois/projects/beep-effect,owner-unverified,unverified,source retained; archive from owner checkout,fleet observation only; archive from the owning checkout,foreign-owner
~/YeeBois/projects/beep-effect/.beep/jsonl-review,checkout-material,15870978,16093184,~/YeeBois/projects/beep-effect,owner-unverified,unverified,source retained; archive from owner checkout,fleet observation only; archive from the owning checkout,foreign-owner
~/YeeBois/projects/beep-effect-worktrees/astra-xhigh-agent-routing/.beep/fallow,checkout-material,358591,360448,~/YeeBois/projects/beep-effect-worktrees/astra-xhigh-agent-routing,owner-unverified,unverified,source retained; archive from owner checkout,fleet observation only; archive from the owning checkout,foreign-owner
~/YeeBois/projects/beep-effect-worktrees/astra-xhigh-agent-routing/.beep/ci/jsdoc-documentation.inventory.jsonc,checkout-generated,21795592,21798912,~/YeeBois/projects/beep-effect-worktrees/astra-xhigh-agent-routing,owner-unverified,unverified,source retained; archive from owner checkout,fleet observation only; archive from the owning checkout,foreign-owner
~/YeeBois/projects/beep-effect-worktrees/astra-xhigh-agent-routing/.beep/ci/jsdoc-documentation.inventory.md,checkout-generated,401505,405504,~/YeeBois/projects/beep-effect-worktrees/astra-xhigh-agent-routing,owner-unverified,unverified,source retained; archive from owner checkout,fleet observation only; archive from the owning checkout,foreign-owner
~/YeeBois/projects/beep-effect-worktrees/effect-rc115-verify/.beep/fallow,checkout-material,380648,380928,~/YeeBois/projects/beep-effect-worktrees/effect-rc115-verify,owner-unverified,unverified,source retained; archive from owner checkout,fleet observation only; archive from the owning checkout,foreign-owner
~/YeeBois/projects/beep-effect-worktrees/effect-rc115-verify/.beep/ci/jsdoc-documentation.inventory.jsonc,checkout-generated,20420089,20422656,~/YeeBois/projects/beep-effect-worktrees/effect-rc115-verify,owner-unverified,unverified,source retained; archive from owner checkout,fleet observation only; archive from the owning checkout,foreign-owner
~/YeeBois/projects/beep-effect-worktrees/effect-rc115-verify/.beep/ci/jsdoc-documentation.inventory.md,checkout-generated,360011,360448,~/YeeBois/projects/beep-effect-worktrees/effect-rc115-verify,owner-unverified,unverified,source retained; archive from owner checkout,fleet observation only; archive from the owning checkout,foreign-owner
~/YeeBois/projects/beep-effect-worktrees/effect-rc115-verify/.beep/quality,checkout-material,0,0,~/YeeBois/projects/beep-effect-worktrees/effect-rc115-verify,owner-unverified,unverified,source retained; archive from owner checkout,fleet observation only; archive from the owning checkout,foreign-owner
~/YeeBois/projects/beep-effect-worktrees/effect-schema-parity-pub/.beep/fallow,checkout-material,383727,397312,~/YeeBois/projects/beep-effect-worktrees/effect-schema-parity-pub,owner-unverified,unverified,source retained; archive from owner checkout,fleet observation only; archive from the owning checkout,foreign-owner
~/YeeBois/projects/beep-effect-worktrees/effect-schema-parity-pub/.beep/ci/jsdoc-documentation.inventory.jsonc,checkout-generated,20462178,20463616,~/YeeBois/projects/beep-effect-worktrees/effect-schema-parity-pub,owner-unverified,unverified,source retained; archive from owner checkout,fleet observation only; archive from the owning checkout,foreign-owner
~/YeeBois/projects/beep-effect-worktrees/effect-schema-parity-pub/.beep/ci/jsdoc-documentation.inventory.md,checkout-generated,360973,364544,~/YeeBois/projects/beep-effect-worktrees/effect-schema-parity-pub,owner-unverified,unverified,source retained; archive from owner checkout,fleet observation only; archive from the owning checkout,foreign-owner
~/YeeBois/projects/beep-effect-worktrees/hostprocess-coverage-row/.beep/fallow,checkout-material,376225,376832,~/YeeBois/projects/beep-effect-worktrees/hostprocess-coverage-row,owner-unverified,unverified,source retained; archive from owner checkout,fleet observation only; archive from the owning checkout,foreign-owner
~/YeeBois/projects/beep-effect-worktrees/hostprocess-coverage-row/.beep/ci/jsdoc-documentation.inventory.jsonc,checkout-generated,20410760,20414464,~/YeeBois/projects/beep-effect-worktrees/hostprocess-coverage-row,owner-unverified,unverified,source retained; archive from owner checkout,fleet observation only; archive from the owning checkout,foreign-owner
~/YeeBois/projects/beep-effect-worktrees/hostprocess-coverage-row/.beep/ci/jsdoc-documentation.inventory.md,checkout-generated,360009,360448,~/YeeBois/projects/beep-effect-worktrees/hostprocess-coverage-row,owner-unverified,unverified,source retained; archive from owner checkout,fleet observation only; archive from the owning checkout,foreign-owner
~/YeeBois/projects/beep-effect-worktrees/jsonl-effect-first/.beep/yeet/jobs/<run-id>.log,checkout-jobs,1265,0,~/YeeBois/projects/beep-effect-worktrees/jsonl-effect-first,owner-unverified,unverified,source retained; archive from owner checkout,fleet observation only; archive from the owning checkout,foreign-owner
~/YeeBois/projects/beep-effect-worktrees/jsonl-effect-first/.beep/yeet/jobs/<run-id>.json,checkout-jobs,2170,0,~/YeeBois/projects/beep-effect-worktrees/jsonl-effect-first,owner-unverified,unverified,source retained; archive from owner checkout,fleet observation only; archive from the owning checkout,foreign-owner
~/YeeBois/projects/beep-effect-worktrees/jsonl-effect-first/.beep/yeet/jobs/<run-id>.log,checkout-jobs,52337,53248,~/YeeBois/projects/beep-effect-worktrees/jsonl-effect-first,owner-unverified,unverified,source retained; archive from owner checkout,fleet observation only; archive from the owning checkout,foreign-owner
~/YeeBois/projects/beep-effect-worktrees/jsonl-effect-first/.beep/yeet/jobs/<run-id>.json,checkout-jobs,2379,0,~/YeeBois/projects/beep-effect-worktrees/jsonl-effect-first,owner-unverified,unverified,source retained; archive from owner checkout,fleet observation only; archive from the owning checkout,foreign-owner
~/YeeBois/projects/beep-effect-worktrees/jsonl-effect-first/.beep/yeet/jobs/<run-id>.log,checkout-jobs,38025,40960,~/YeeBois/projects/beep-effect-worktrees/jsonl-effect-first,owner-unverified,unverified,source retained; archive from owner checkout,fleet observation only; archive from the owning checkout,foreign-owner
~/YeeBois/projects/beep-effect-worktrees/jsonl-effect-first/.beep/yeet/jobs/<run-id>.json,checkout-jobs,2310,0,~/YeeBois/projects/beep-effect-worktrees/jsonl-effect-first,owner-unverified,unverified,source retained; archive from owner checkout,fleet observation only; archive from the owning checkout,foreign-owner
~/YeeBois/projects/beep-effect-worktrees/jsonl-effect-first/.beep/yeet/jobs/<run-id>.log,checkout-jobs,56962,57344,~/YeeBois/projects/beep-effect-worktrees/jsonl-effect-first,owner-unverified,unverified,source retained; archive from owner checkout,fleet observation only; archive from the owning checkout,foreign-owner
~/YeeBois/projects/beep-effect-worktrees/jsonl-effect-first/.beep/yeet/jobs/<run-id>.json,checkout-jobs,2541,0,~/YeeBois/projects/beep-effect-worktrees/jsonl-effect-first,owner-unverified,unverified,source retained; archive from owner checkout,fleet observation only; archive from the owning checkout,foreign-owner
~/YeeBois/projects/beep-effect-worktrees/jsonl-effect-first/.beep/yeet/jobs/<run-id>.log,checkout-jobs,153,0,~/YeeBois/projects/beep-effect-worktrees/jsonl-effect-first,owner-unverified,unverified,source retained; archive from owner checkout,fleet observation only; archive from the owning checkout,foreign-owner
~/YeeBois/projects/beep-effect-worktrees/jsonl-effect-first/.beep/yeet/jobs/<run-id>.json,checkout-jobs,2072,0,~/YeeBois/projects/beep-effect-worktrees/jsonl-effect-first,owner-unverified,unverified,source retained; archive from owner checkout,fleet observation only; archive from the owning checkout,foreign-owner
~/YeeBois/projects/beep-effect-worktrees/jsonl-effect-first/.beep/yeet/jobs/<run-id>.log,checkout-jobs,61319,61440,~/YeeBois/projects/beep-effect-worktrees/jsonl-effect-first,owner-unverified,unverified,source retained; archive from owner checkout,fleet observation only; archive from the owning checkout,foreign-owner
~/YeeBois/projects/beep-effect-worktrees/jsonl-effect-first/.beep/yeet/jobs/<run-id>.log,checkout-jobs,52506,53248,~/YeeBois/projects/beep-effect-worktrees/jsonl-effect-first,owner-unverified,unverified,source retained; archive from owner checkout,fleet observation only; archive from the owning checkout,foreign-owner
~/YeeBois/projects/beep-effect-worktrees/jsonl-effect-first/.beep/yeet/jobs/<run-id>.json,checkout-jobs,2385,0,~/YeeBois/projects/beep-effect-worktrees/jsonl-effect-first,owner-unverified,unverified,source retained; archive from owner checkout,fleet observation only; archive from the owning checkout,foreign-owner
~/YeeBois/projects/beep-effect-worktrees/jsonl-effect-first/.beep/yeet/jobs/<run-id>.json,checkout-jobs,2360,0,~/YeeBois/projects/beep-effect-worktrees/jsonl-effect-first,owner-unverified,unverified,source retained; archive from owner checkout,fleet observation only; archive from the owning checkout,foreign-owner
~/YeeBois/projects/beep-effect-worktrees/jsonl-effect-first/.beep/yeet/jobs/<run-id>.log,checkout-jobs,55954,57344,~/YeeBois/projects/beep-effect-worktrees/jsonl-effect-first,owner-unverified,unverified,source retained; archive from owner checkout,fleet observation only; archive from the owning checkout,foreign-owner
~/YeeBois/projects/beep-effect-worktrees/jsonl-effect-first/.beep/yeet/jobs/<run-id>.json,checkout-jobs,2405,0,~/YeeBois/projects/beep-effect-worktrees/jsonl-effect-first,owner-unverified,unverified,source retained; archive from owner checkout,fleet observation only; archive from the owning checkout,foreign-owner
~/YeeBois/projects/beep-effect-worktrees/jsonl-effect-first/.beep/fallow,checkout-material,466534,466944,~/YeeBois/projects/beep-effect-worktrees/jsonl-effect-first,owner-unverified,unverified,source retained; archive from owner checkout,fleet observation only; archive from the owning checkout,foreign-owner
~/YeeBois/projects/beep-effect-worktrees/jsonl-zero-findings/.beep/jsonl-review,checkout-material,5895626,6082560,~/YeeBois/projects/beep-effect-worktrees/jsonl-zero-findings,owner-unverified,unverified,source retained; archive from owner checkout,fleet observation only; archive from the owning checkout,foreign-owner
~/YeeBois/projects/beep-effect-worktrees/p1-a-verdict/.beep/ci/jsdoc-documentation.inventory.jsonc,checkout-generated,16257353,16261120,~/YeeBois/projects/beep-effect-worktrees/p1-a-verdict,owner-unverified,unverified,source retained; archive from owner checkout,fleet observation only; archive from the owning checkout,foreign-owner
~/YeeBois/projects/beep-effect-worktrees/p1-a-verdict/.beep/ci/jsdoc-documentation.inventory.md,checkout-generated,77690,77824,~/YeeBois/projects/beep-effect-worktrees/p1-a-verdict,owner-unverified,unverified,source retained; archive from owner checkout,fleet observation only; archive from the owning checkout,foreign-owner
~/YeeBois/projects/beep-effect-worktrees/p1-a-verdict/.beep/fallow,checkout-material,13235,12288,~/YeeBois/projects/beep-effect-worktrees/p1-a-verdict,owner-unverified,unverified,source retained; archive from owner checkout,fleet observation only; archive from the owning checkout,foreign-owner
~/YeeBois/projects/beep-effect-worktrees/p1-deps-audit-fix/.beep/ci/jsdoc-documentation.inventory.jsonc,checkout-generated,14841063,14843904,~/YeeBois/projects/beep-effect-worktrees/p1-deps-audit-fix,owner-unverified,unverified,source retained; archive from owner checkout,fleet observation only; archive from the owning checkout,foreign-owner
~/YeeBois/projects/beep-effect-worktrees/p1-deps-audit-fix/.beep/ci/jsdoc-documentation.inventory.md,checkout-generated,13110,16384,~/YeeBois/projects/beep-effect-worktrees/p1-deps-audit-fix,owner-unverified,unverified,source retained; archive from owner checkout,fleet observation only; archive from the owning checkout,foreign-owner
~/YeeBois/projects/beep-effect-worktrees/p3-semantic-delta-gate/.beep/ci/jsdoc-documentation.inventory.jsonc,checkout-generated,16173670,16175104,~/YeeBois/projects/beep-effect-worktrees/p3-semantic-delta-gate,owner-unverified,unverified,source retained; archive from owner checkout,fleet observation only; archive from the owning checkout,foreign-owner
~/YeeBois/projects/beep-effect-worktrees/p3-semantic-delta-gate/.beep/ci/jsdoc-documentation.inventory.md,checkout-generated,217415,221184,~/YeeBois/projects/beep-effect-worktrees/p3-semantic-delta-gate,owner-unverified,unverified,source retained; archive from owner checkout,fleet observation only; archive from the owning checkout,foreign-owner
~/YeeBois/projects/beep-effect-worktrees/p3-semantic-delta-gate/.beep/fallow,checkout-material,19280,16384,~/YeeBois/projects/beep-effect-worktrees/p3-semantic-delta-gate,owner-unverified,unverified,source retained; archive from owner checkout,fleet observation only; archive from the owning checkout,foreign-owner
~/YeeBois/projects/beep-effect-worktrees/portfolio-driver/.beep/ci/jsdoc-documentation.inventory.jsonc,checkout-generated,15455459,15458304,~/YeeBois/projects/beep-effect-worktrees/portfolio-driver,owner-unverified,unverified,source retained; archive from owner checkout,fleet observation only; archive from the owning checkout,foreign-owner
~/YeeBois/projects/beep-effect-worktrees/portfolio-driver/.beep/ci/jsdoc-documentation.inventory.md,checkout-generated,12057,12288,~/YeeBois/projects/beep-effect-worktrees/portfolio-driver,owner-unverified,unverified,source retained; archive from owner checkout,fleet observation only; archive from the owning checkout,foreign-owner
~/YeeBois/projects/beep-effect-worktrees/portfolio-driver/.beep/fallow,checkout-material,17037,16384,~/YeeBois/projects/beep-effect-worktrees/portfolio-driver,owner-unverified,unverified,source retained; archive from owner checkout,fleet observation only; archive from the owning checkout,foreign-owner
~/YeeBois/projects/beep-effect-worktrees/pr-1134-closeout/.beep/fallow,checkout-material,383714,385024,~/YeeBois/projects/beep-effect-worktrees/pr-1134-closeout,owner-unverified,unverified,source retained; archive from owner checkout,fleet observation only; archive from the owning checkout,foreign-owner
~/YeeBois/projects/beep-effect-worktrees/pr-1134-closeout/.beep/quality,checkout-material,0,0,~/YeeBois/projects/beep-effect-worktrees/pr-1134-closeout,owner-unverified,unverified,source retained; archive from owner checkout,fleet observation only; archive from the owning checkout,foreign-owner
~/YeeBois/projects/beep-effect-worktrees/pr-1134-closeout/.beep/ci/jsdoc-documentation.inventory.jsonc,checkout-generated,20420089,20422656,~/YeeBois/projects/beep-effect-worktrees/pr-1134-closeout,owner-unverified,unverified,source retained; archive from owner checkout,fleet observation only; archive from the owning checkout,foreign-owner
~/YeeBois/projects/beep-effect-worktrees/pr-1134-closeout/.beep/ci/jsdoc-documentation.inventory.md,checkout-generated,360011,360448,~/YeeBois/projects/beep-effect-worktrees/pr-1134-closeout,owner-unverified,unverified,source retained; archive from owner checkout,fleet observation only; archive from the owning checkout,foreign-owner
~/YeeBois/projects/beep-effect-worktrees/pr-1134-proof/.beep/fallow,checkout-material,15976,12288,~/YeeBois/projects/beep-effect-worktrees/pr-1134-proof,owner-unverified,unverified,source retained; archive from owner checkout,fleet observation only; archive from the owning checkout,foreign-owner
~/YeeBois/projects/beep-effect-worktrees/pr-858-coverage/.beep/fallow,checkout-material,15184,12288,~/YeeBois/projects/beep-effect-worktrees/pr-858-coverage,owner-unverified,unverified,source retained; archive from owner checkout,fleet observation only; archive from the owning checkout,foreign-owner
~/YeeBois/projects/beep-effect-worktrees/pr-858-coverage/.beep/ci/jsdoc-documentation.inventory.jsonc,checkout-generated,16804460,16805888,~/YeeBois/projects/beep-effect-worktrees/pr-858-coverage,owner-unverified,unverified,source retained; archive from owner checkout,fleet observation only; archive from the owning checkout,foreign-owner
~/YeeBois/projects/beep-effect-worktrees/pr-858-coverage/.beep/ci/jsdoc-documentation.inventory.md,checkout-generated,73343,73728,~/YeeBois/projects/beep-effect-worktrees/pr-858-coverage,owner-unverified,unverified,source retained; archive from owner checkout,fleet observation only; archive from the owning checkout,foreign-owner
~/YeeBois/projects/beep-effect-worktrees/pr-872-closeout/.beep/fallow,checkout-material,18373,16384,~/YeeBois/projects/beep-effect-worktrees/pr-872-closeout,owner-unverified,unverified,source retained; archive from owner checkout,fleet observation only; archive from the owning checkout,foreign-owner
~/YeeBois/projects/beep-effect-worktrees/pr-873-closeout/.beep/fallow,checkout-material,89573,94208,~/YeeBois/projects/beep-effect-worktrees/pr-873-closeout,owner-unverified,unverified,source retained; archive from owner checkout,fleet observation only; archive from the owning checkout,foreign-owner
~/YeeBois/projects/beep-effect-worktrees/recorded-qa-followup/.beep/qa/round-1,checkout-qa,7299370,7520256,~/YeeBois/projects/beep-effect-worktrees/recorded-qa-followup,owner-unverified,unverified,source retained; archive from owner checkout,fleet observation only; archive from the owning checkout,foreign-owner
~/YeeBois/projects/beep-effect-worktrees/recorded-qa-followup/.beep/qa/round-2,checkout-qa,7396671,7610368,~/YeeBois/projects/beep-effect-worktrees/recorded-qa-followup,owner-unverified,unverified,source retained; archive from owner checkout,fleet observation only; archive from the owning checkout,foreign-owner
~/YeeBois/projects/beep-effect-worktrees/recorded-qa-followup/.beep/qa/round-3,checkout-qa,1611482,1638400,~/YeeBois/projects/beep-effect-worktrees/recorded-qa-followup,owner-unverified,unverified,source retained; archive from owner checkout,fleet observation only; archive from the owning checkout,foreign-owner
~/YeeBois/projects/beep-effect-worktrees/recorded-qa-followup/.beep/qa/round-4,checkout-qa,7621149,7827456,~/YeeBois/projects/beep-effect-worktrees/recorded-qa-followup,owner-unverified,unverified,source retained; archive from owner checkout,fleet observation only; archive from the owning checkout,foreign-owner
~/YeeBois/projects/beep-effect-worktrees/recorded-qa-followup/.beep/qa/round-5,checkout-qa,7624377,7815168,~/YeeBois/projects/beep-effect-worktrees/recorded-qa-followup,owner-unverified,unverified,source retained; archive from owner checkout,fleet observation only; archive from the owning checkout,foreign-owner
~/YeeBois/projects/beep-effect-worktrees/recorded-qa-followup/.beep/qa/round-6,checkout-qa,628,0,~/YeeBois/projects/beep-effect-worktrees/recorded-qa-followup,owner-unverified,unverified,source retained; archive from owner checkout,fleet observation only; archive from the owning checkout,foreign-owner
~/YeeBois/projects/beep-effect-worktrees/recorded-qa-followup/.beep/qa/round-7,checkout-qa,339528215,339124224,~/YeeBois/projects/beep-effect-worktrees/recorded-qa-followup,owner-unverified,unverified,source retained; archive from owner checkout,fleet observation only; archive from the owning checkout,foreign-owner
~/YeeBois/projects/beep-effect-worktrees/recorded-qa-followup/.beep/qa/round-8,checkout-qa,198092022,198094848,~/YeeBois/projects/beep-effect-worktrees/recorded-qa-followup,owner-unverified,unverified,source retained; archive from owner checkout,fleet observation only; archive from the owning checkout,foreign-owner
~/YeeBois/projects/beep-effect-worktrees/recorded-qa-followup/.beep/qa/round-9,checkout-qa,668,0,~/YeeBois/projects/beep-effect-worktrees/recorded-qa-followup,owner-unverified,unverified,source retained; archive from owner checkout,fleet observation only; archive from the owning checkout,foreign-owner
~/YeeBois/projects/beep-effect-worktrees/recorded-qa-followup/.beep/qa/round-10,checkout-qa,1699233,1736704,~/YeeBois/projects/beep-effect-worktrees/recorded-qa-followup,owner-unverified,unverified,source retained; archive from owner checkout,fleet observation only; archive from the owning checkout,foreign-owner
~/YeeBois/projects/beep-effect-worktrees/recorded-qa-followup/.beep/qa/round-11,checkout-qa,12866181,13303808,~/YeeBois/projects/beep-effect-worktrees/recorded-qa-followup,owner-unverified,unverified,source retained; archive from owner checkout,fleet observation only; archive from the owning checkout,foreign-owner
~/YeeBois/projects/beep-effect-worktrees/recorded-qa-followup/.beep/qa/round-12,checkout-qa,80450355,80449536,~/YeeBois/projects/beep-effect-worktrees/recorded-qa-followup,owner-unverified,unverified,source retained; archive from owner checkout,fleet observation only; archive from the owning checkout,foreign-owner
~/YeeBois/projects/beep-effect-worktrees/recorded-qa-followup/.beep/qa/round-13,checkout-qa,18742358,18743296,~/YeeBois/projects/beep-effect-worktrees/recorded-qa-followup,owner-unverified,unverified,source retained; archive from owner checkout,fleet observation only; archive from the owning checkout,foreign-owner
~/YeeBois/projects/beep-effect-worktrees/recorded-qa-followup/.beep/qa-capture.mjs,checkout-material,16680,20480,~/YeeBois/projects/beep-effect-worktrees/recorded-qa-followup,owner-unverified,unverified,source retained; archive from owner checkout,fleet observation only; archive from the owning checkout,foreign-owner
~/YeeBois/projects/beep-effect-worktrees/recorded-qa-followup/.beep/ci/jsdoc-documentation.inventory.jsonc,checkout-generated,17473113,17473536,~/YeeBois/projects/beep-effect-worktrees/recorded-qa-followup,owner-unverified,unverified,source retained; archive from owner checkout,fleet observation only; archive from the owning checkout,foreign-owner
~/YeeBois/projects/beep-effect-worktrees/recorded-qa-followup/.beep/ci/jsdoc-documentation.inventory.md,checkout-generated,12933,16384,~/YeeBois/projects/beep-effect-worktrees/recorded-qa-followup,owner-unverified,unverified,source retained; archive from owner checkout,fleet observation only; archive from the owning checkout,foreign-owner
~/YeeBois/projects/beep-effect-worktrees/recorded-qa-followup/.beep/fallow,checkout-material,51497,49152,~/YeeBois/projects/beep-effect-worktrees/recorded-qa-followup,owner-unverified,unverified,source retained; archive from owner checkout,fleet observation only; archive from the owning checkout,foreign-owner
~/YeeBois/projects/beep-effect-worktrees/repo-cli-deterministic-projections/.beep/fallow,checkout-material,15293,12288,~/YeeBois/projects/beep-effect-worktrees/repo-cli-deterministic-projections,owner-unverified,unverified,source retained; archive from owner checkout,fleet observation only; archive from the owning checkout,foreign-owner
~/YeeBois/projects/beep-effect-worktrees/scratchpad-lab-cleanup/.beep/scratchpad-cleanup-census.json,checkout-material,3821131,3821568,~/YeeBois/projects/beep-effect-worktrees/scratchpad-lab-cleanup,owner-unverified,unverified,source retained; archive from owner checkout,fleet observation only; archive from the owning checkout,foreign-owner
~/YeeBois/projects/beep-effect-worktrees/scratchpad-lab-cleanup/.beep/fallow,checkout-material,737252,737280,~/YeeBois/projects/beep-effect-worktrees/scratchpad-lab-cleanup,owner-unverified,unverified,source retained; archive from owner checkout,fleet observation only; archive from the owning checkout,foreign-owner
~/YeeBois/projects/beep-effect-worktrees/scratchpad-lab-cleanup/.beep/scratchpad-cleanup-pr-body.md,checkout-material,2318,0,~/YeeBois/projects/beep-effect-worktrees/scratchpad-lab-cleanup,owner-unverified,unverified,source retained; archive from owner checkout,fleet observation only; archive from the owning checkout,foreign-owner
~/YeeBois/projects/beep-effect-worktrees/scratchpad-lab-cleanup/.beep/scratchpad-cleanup-handoff.md,checkout-material,3681,0,~/YeeBois/projects/beep-effect-worktrees/scratchpad-lab-cleanup,owner-unverified,unverified,source retained; archive from owner checkout,fleet observation only; archive from the owning checkout,foreign-owner
~/YeeBois/projects/beep-effect-worktrees/scratchpad-lab-cleanup/.beep/fallow-ci-1435,checkout-material,743412,749568,~/YeeBois/projects/beep-effect-worktrees/scratchpad-lab-cleanup,owner-unverified,unverified,source retained; archive from owner checkout,fleet observation only; archive from the owning checkout,foreign-owner
~/YeeBois/projects/beep-effect-worktrees/security-cloud-connector/.beep/yeet/jobs/<run-id>.log,checkout-jobs,563404,565248,~/YeeBois/projects/beep-effect-worktrees/security-cloud-connector,owner-unverified,unverified,source retained; archive from owner checkout,fleet observation only; archive from the owning checkout,foreign-owner
~/YeeBois/projects/beep-effect-worktrees/security-cloud-connector/.beep/yeet/jobs/<run-id>.json,checkout-jobs,2233,0,~/YeeBois/projects/beep-effect-worktrees/security-cloud-connector,owner-unverified,unverified,source retained; archive from owner checkout,fleet observation only; archive from the owning checkout,foreign-owner
~/YeeBois/projects/beep-effect-worktrees/security-cloud-connector/.beep/yeet/jobs/<run-id>.log,checkout-jobs,522670,524288,~/YeeBois/projects/beep-effect-worktrees/security-cloud-connector,owner-unverified,unverified,source retained; archive from owner checkout,fleet observation only; archive from the owning checkout,foreign-owner
~/YeeBois/projects/beep-effect-worktrees/security-cloud-connector/.beep/yeet/jobs/<run-id>.json,checkout-jobs,2217,0,~/YeeBois/projects/beep-effect-worktrees/security-cloud-connector,owner-unverified,unverified,source retained; archive from owner checkout,fleet observation only; archive from the owning checkout,foreign-owner
~/YeeBois/projects/beep-effect-worktrees/security-cloud-connector/.beep/fallow,checkout-material,453831,450560,~/YeeBois/projects/beep-effect-worktrees/security-cloud-connector,owner-unverified,unverified,source retained; archive from owner checkout,fleet observation only; archive from the owning checkout,foreign-owner
~/YeeBois/projects/beep-effect-worktrees/security-cloud-connector/.beep/quality,checkout-material,0,0,~/YeeBois/projects/beep-effect-worktrees/security-cloud-connector,owner-unverified,unverified,source retained; archive from owner checkout,fleet observation only; archive from the owning checkout,foreign-owner
~/YeeBois/projects/beep-effect-worktrees/security-cloud-connector/.beep/ci/jsdoc-documentation.inventory.jsonc,checkout-generated,18280911,18284544,~/YeeBois/projects/beep-effect-worktrees/security-cloud-connector,owner-unverified,unverified,source retained; archive from owner checkout,fleet observation only; archive from the owning checkout,foreign-owner
~/YeeBois/projects/beep-effect-worktrees/security-cloud-connector/.beep/ci/jsdoc-documentation.inventory.md,checkout-generated,306677,307200,~/YeeBois/projects/beep-effect-worktrees/security-cloud-connector,owner-unverified,unverified,source retained; archive from owner checkout,fleet observation only; archive from the owning checkout,foreign-owner
~/YeeBois/projects/beep-effect-worktrees/ship-velocity-proof-a/.beep/fallow,checkout-material,27374,28672,~/YeeBois/projects/beep-effect-worktrees/ship-velocity-proof-a,owner-unverified,unverified,source retained; archive from owner checkout,fleet observation only; archive from the owning checkout,foreign-owner
~/YeeBois/projects/beep-effect-worktrees/tauri-linux-dev-shell/.beep/repo-exports,checkout-material,1861,0,~/YeeBois/projects/beep-effect-worktrees/tauri-linux-dev-shell,owner-unverified,unverified,source retained; archive from owner checkout,fleet observation only; archive from the owning checkout,foreign-owner
~/YeeBois/projects/beep-effect-worktrees/tsgo-045-effect-idiom-sweep/.beep/fallow,checkout-material,385648,385024,~/YeeBois/projects/beep-effect-worktrees/tsgo-045-effect-idiom-sweep,owner-unverified,unverified,source retained; archive from owner checkout,fleet observation only; archive from the owning checkout,foreign-owner
~/YeeBois/projects/beep-effect-worktrees/ttc-a5d/.beep/fallow,checkout-material,13052,16384,~/YeeBois/projects/beep-effect-worktrees/ttc-a5d,owner-unverified,unverified,source retained; archive from owner checkout,fleet observation only; archive from the owning checkout,foreign-owner
~/YeeBois/projects/beep-effect-worktrees/ttc-b3/.beep/fallow,checkout-material,13510,12288,~/YeeBois/projects/beep-effect-worktrees/ttc-b3,owner-unverified,unverified,source retained; archive from owner checkout,fleet observation only; archive from the owning checkout,foreign-owner
~/YeeBois/projects/beep-effect-worktrees/ttc-b3/.beep/coverage-wave-order,checkout-material,16483,20480,~/YeeBois/projects/beep-effect-worktrees/ttc-b3,owner-unverified,unverified,source retained; archive from owner checkout,fleet observation only; archive from the owning checkout,foreign-owner
~/YeeBois/projects/beep-effect-worktrees/ttc-c3-grill/.beep/fallow,checkout-material,12799,12288,~/YeeBois/projects/beep-effect-worktrees/ttc-c3-grill,owner-unverified,unverified,source retained; archive from owner checkout,fleet observation only; archive from the owning checkout,foreign-owner
~/YeeBois/projects/beep-effect-worktrees/ttc-c3-grill/.beep/ci/jsdoc-documentation.inventory.jsonc,checkout-generated,21788623,21790720,~/YeeBois/projects/beep-effect-worktrees/ttc-c3-grill,owner-unverified,unverified,source retained; archive from owner checkout,fleet observation only; archive from the owning checkout,foreign-owner
~/YeeBois/projects/beep-effect-worktrees/ttc-c3-grill/.beep/ci/jsdoc-documentation.inventory.md,checkout-generated,401504,405504,~/YeeBois/projects/beep-effect-worktrees/ttc-c3-grill,owner-unverified,unverified,source retained; archive from owner checkout,fleet observation only; archive from the owning checkout,foreign-owner
~/YeeBois/projects/beep-effect-worktrees/yeet-inbox-backpressure-classification/.beep/fallow,checkout-material,14348,12288,~/YeeBois/projects/beep-effect-worktrees/yeet-inbox-backpressure-classification,owner-unverified,unverified,source retained; archive from owner checkout,fleet observation only; archive from the owning checkout,foreign-owner
~/YeeBois/projects/beep-effect10/.beep/ci/jsdoc-documentation.inventory.jsonc,checkout-generated,20284638,20287488,~/YeeBois/projects/beep-effect10,owner-unverified,unverified,source retained; archive from owner checkout,fleet observation only; archive from the owning checkout,foreign-owner
~/YeeBois/projects/beep-effect10/.beep/ci/jsdoc-documentation.inventory.md,checkout-generated,64906,65536,~/YeeBois/projects/beep-effect10,owner-unverified,unverified,source retained; archive from owner checkout,fleet observation only; archive from the owning checkout,foreign-owner
~/YeeBois/projects/beep-effect10/.beep/fallow,checkout-material,14417,12288,~/YeeBois/projects/beep-effect10,owner-unverified,unverified,source retained; archive from owner checkout,fleet observation only; archive from the owning checkout,foreign-owner
~/YeeBois/projects/beep-effect10/.beep/qa-capture.mjs,checkout-material,5587,8192,~/YeeBois/projects/beep-effect10,owner-unverified,unverified,source retained; archive from owner checkout,fleet observation only; archive from the owning checkout,foreign-owner
~/YeeBois/projects/beep-effect10/.beep/qa/round-1,checkout-qa,4116751,4136960,~/YeeBois/projects/beep-effect10,owner-unverified,unverified,source retained; archive from owner checkout,fleet observation only; archive from the owning checkout,foreign-owner
~/YeeBois/projects/beep-effect11/.beep/ci/jsdoc-documentation.inventory.jsonc,checkout-generated,18971368,18972672,~/YeeBois/projects/beep-effect11,owner-unverified,unverified,source retained; archive from owner checkout,fleet observation only; archive from the owning checkout,foreign-owner
~/YeeBois/projects/beep-effect11/.beep/ci/jsdoc-documentation.inventory.md,checkout-generated,311136,311296,~/YeeBois/projects/beep-effect11,owner-unverified,unverified,source retained; archive from owner checkout,fleet observation only; archive from the owning checkout,foreign-owner
~/YeeBois/projects/beep-effect11/.beep/fallow,checkout-material,10922608,10936320,~/YeeBois/projects/beep-effect11,owner-unverified,unverified,source retained; archive from owner checkout,fleet observation only; archive from the owning checkout,foreign-owner
~/YeeBois/projects/beep-effect11/.beep/yeet-publish.log,checkout-material,517833,12288,~/YeeBois/projects/beep-effect11,owner-unverified,unverified,source retained; archive from owner checkout,fleet observation only; archive from the owning checkout,foreign-owner
~/YeeBois/projects/beep-effect11/.beep/pr849-lock-test-fix-report.md,checkout-material,2641,0,~/YeeBois/projects/beep-effect11,owner-unverified,unverified,source retained; archive from owner checkout,fleet observation only; archive from the owning checkout,foreign-owner
~/YeeBois/projects/beep-effect11/.beep/pr849-review-fix-report.md,checkout-material,7173,8192,~/YeeBois/projects/beep-effect11,owner-unverified,unverified,source retained; archive from owner checkout,fleet observation only; archive from the owning checkout,foreign-owner
~/YeeBois/projects/beep-effect11/.beep/yeet-publish.exit,checkout-material,2,0,~/YeeBois/projects/beep-effect11,owner-unverified,unverified,source retained; archive from owner checkout,fleet observation only; archive from the owning checkout,foreign-owner
~/YeeBois/projects/beep-effect11/.beep/yeet-verify.log,checkout-material,527840,528384,~/YeeBois/projects/beep-effect11,owner-unverified,unverified,source retained; archive from owner checkout,fleet observation only; archive from the owning checkout,foreign-owner
~/YeeBois/projects/beep-effect11/.beep/yeet-endgame.log,checkout-material,12213,12288,~/YeeBois/projects/beep-effect11,owner-unverified,unverified,source retained; archive from owner checkout,fleet observation only; archive from the owning checkout,foreign-owner
~/YeeBois/projects/beep-effect11/.beep/yeet-endgame.exit,checkout-material,4,0,~/YeeBois/projects/beep-effect11,owner-unverified,unverified,source retained; archive from owner checkout,fleet observation only; archive from the owning checkout,foreign-owner
~/YeeBois/projects/beep-effect11/.beep/yeet-verify.exit,checkout-material,2,0,~/YeeBois/projects/beep-effect11,owner-unverified,unverified,source retained; archive from owner checkout,fleet observation only; archive from the owning checkout,foreign-owner
~/YeeBois/projects/beep-effect11/.beep/semantica-docs-publish.log,checkout-material,529216,532480,~/YeeBois/projects/beep-effect11,owner-unverified,unverified,source retained; archive from owner checkout,fleet observation only; archive from the owning checkout,foreign-owner
~/YeeBois/projects/beep-effect11/.beep/semantica-docs-monitor.log,checkout-material,3290,0,~/YeeBois/projects/beep-effect11,owner-unverified,unverified,source retained; archive from owner checkout,fleet observation only; archive from the owning checkout,foreign-owner
~/YeeBois/projects/beep-effect11/.beep/semantica-docs-closeout.log,checkout-material,61743,65536,~/YeeBois/projects/beep-effect11,owner-unverified,unverified,source retained; archive from owner checkout,fleet observation only; archive from the owning checkout,foreign-owner
~/YeeBois/projects/beep-effect11/.beep/qa-capture.mjs,checkout-material,6773,8192,~/YeeBois/projects/beep-effect11,owner-unverified,unverified,source retained; archive from owner checkout,fleet observation only; archive from the owning checkout,foreign-owner
~/YeeBois/projects/beep-effect11/.beep/qa/round-1,checkout-qa,1718,0,~/YeeBois/projects/beep-effect11,owner-unverified,unverified,source retained; archive from owner checkout,fleet observation only; archive from the owning checkout,foreign-owner
~/YeeBois/projects/beep-effect11/.beep/qa/round-2,checkout-qa,419906,442368,~/YeeBois/projects/beep-effect11,owner-unverified,unverified,source retained; archive from owner checkout,fleet observation only; archive from the owning checkout,foreign-owner
~/YeeBois/projects/beep-effect11/.beep/qa/round-3,checkout-qa,3771311,3997696,~/YeeBois/projects/beep-effect11,owner-unverified,unverified,source retained; archive from owner checkout,fleet observation only; archive from the owning checkout,foreign-owner
~/YeeBois/projects/beep-effect11/.beep/qa/round-4,checkout-qa,3732450,3932160,~/YeeBois/projects/beep-effect11,owner-unverified,unverified,source retained; archive from owner checkout,fleet observation only; archive from the owning checkout,foreign-owner
~/YeeBois/projects/beep-effect11/.beep/qa/round-5,checkout-qa,715435,733184,~/YeeBois/projects/beep-effect11,owner-unverified,unverified,source retained; archive from owner checkout,fleet observation only; archive from the owning checkout,foreign-owner
~/YeeBois/projects/beep-effect11/.beep/qa/round-6,checkout-qa,1865611,1961984,~/YeeBois/projects/beep-effect11,owner-unverified,unverified,source retained; archive from owner checkout,fleet observation only; archive from the owning checkout,foreign-owner
~/YeeBois/projects/beep-effect11/.beep/qa/round-7,checkout-qa,2006308,2056192,~/YeeBois/projects/beep-effect11,owner-unverified,unverified,source retained; archive from owner checkout,fleet observation only; archive from the owning checkout,foreign-owner
~/YeeBois/projects/beep-effect11/.beep/qa/round-8,checkout-qa,3228528,3350528,~/YeeBois/projects/beep-effect11,owner-unverified,unverified,source retained; archive from owner checkout,fleet observation only; archive from the owning checkout,foreign-owner
~/YeeBois/projects/beep-effect11/.beep/qa/round-9,checkout-qa,2538444,2641920,~/YeeBois/projects/beep-effect11,owner-unverified,unverified,source retained; archive from owner checkout,fleet observation only; archive from the owning checkout,foreign-owner
~/YeeBois/projects/beep-effect11/.beep/complexity-ceiling-suppressions-final.json,checkout-material,50116,53248,~/YeeBois/projects/beep-effect11,owner-unverified,unverified,source retained; archive from owner checkout,fleet observation only; archive from the owning checkout,foreign-owner
~/YeeBois/projects/beep-effect11/.beep/complexity-resume-baseline-check.log,checkout-material,2622074,2625536,~/YeeBois/projects/beep-effect11,owner-unverified,unverified,source retained; archive from owner checkout,fleet observation only; archive from the owning checkout,foreign-owner
~/YeeBois/projects/beep-effect11/.beep/complexity-resume-suppressions.json,checkout-material,53320,57344,~/YeeBois/projects/beep-effect11,owner-unverified,unverified,source retained; archive from owner checkout,fleet observation only; archive from the owning checkout,foreign-owner
~/YeeBois/projects/beep-effect11/.beep/complexity-resume-suppressions.stderr,checkout-material,598,0,~/YeeBois/projects/beep-effect11,owner-unverified,unverified,source retained; archive from owner checkout,fleet observation only; archive from the owning checkout,foreign-owner
~/YeeBois/projects/beep-effect11/.beep/complexity-resume-cheap-gates.log,checkout-material,32043,32768,~/YeeBois/projects/beep-effect11,owner-unverified,unverified,source retained; archive from owner checkout,fleet observation only; archive from the owning checkout,foreign-owner
~/YeeBois/projects/beep-effect11/.beep/complexity-resume-health.json,checkout-material,2974910,2977792,~/YeeBois/projects/beep-effect11,owner-unverified,unverified,source retained; archive from owner checkout,fleet observation only; archive from the owning checkout,foreign-owner
~/YeeBois/projects/beep-effect11/.beep/complexity-resume-health.stderr,checkout-material,540,0,~/YeeBois/projects/beep-effect11,owner-unverified,unverified,source retained; archive from owner checkout,fleet observation only; archive from the owning checkout,foreign-owner
~/YeeBois/projects/beep-effect11/.beep/complexity-resume-merge-commit.log,checkout-material,1983,0,~/YeeBois/projects/beep-effect11,owner-unverified,unverified,source retained; archive from owner checkout,fleet observation only; archive from the owning checkout,foreign-owner
~/YeeBois/projects/beep-effect11/.beep/complexity-resume-main-sync.log,checkout-material,9184,12288,~/YeeBois/projects/beep-effect11,owner-unverified,unverified,source retained; archive from owner checkout,fleet observation only; archive from the owning checkout,foreign-owner
~/YeeBois/projects/beep-effect11/.beep/complexity-resume-install.log,checkout-material,764,0,~/YeeBois/projects/beep-effect11,owner-unverified,unverified,source retained; archive from owner checkout,fleet observation only; archive from the owning checkout,foreign-owner
~/YeeBois/projects/beep-effect11/.beep/complexity-resume-main-health-1.log,checkout-material,2631078,2633728,~/YeeBois/projects/beep-effect11,owner-unverified,unverified,source retained; archive from owner checkout,fleet observation only; archive from the owning checkout,foreign-owner
~/YeeBois/projects/beep-effect11/.beep/complexity-resume-main-health.json,checkout-material,2983915,2985984,~/YeeBois/projects/beep-effect11,owner-unverified,unverified,source retained; archive from owner checkout,fleet observation only; archive from the owning checkout,foreign-owner
~/YeeBois/projects/beep-effect11/.beep/complexity-resume-main-health.stderr,checkout-material,540,0,~/YeeBois/projects/beep-effect11,owner-unverified,unverified,source retained; archive from owner checkout,fleet observation only; archive from the owning checkout,foreign-owner
~/YeeBois/projects/beep-effect11/.beep/complexity-resume-main-health-2.log,checkout-material,2631078,2633728,~/YeeBois/projects/beep-effect11,owner-unverified,unverified,source retained; archive from owner checkout,fleet observation only; archive from the owning checkout,foreign-owner
~/YeeBois/projects/beep-effect11/.beep/complexity-resume-main-suppressions.json,checkout-material,53320,57344,~/YeeBois/projects/beep-effect11,owner-unverified,unverified,source retained; archive from owner checkout,fleet observation only; archive from the owning checkout,foreign-owner
~/YeeBois/projects/beep-effect11/.beep/complexity-resume-main-suppressions.stderr,checkout-material,476,0,~/YeeBois/projects/beep-effect11,owner-unverified,unverified,source retained; archive from owner checkout,fleet observation only; archive from the owning checkout,foreign-owner
~/YeeBois/projects/beep-effect11/.beep/complexity-resume-main-health-3.log,checkout-material,2631078,2633728,~/YeeBois/projects/beep-effect11,owner-unverified,unverified,source retained; archive from owner checkout,fleet observation only; archive from the owning checkout,foreign-owner
~/YeeBois/projects/beep-effect11/.beep/complexity-resume-main-health-receipt.json,checkout-material,2685,0,~/YeeBois/projects/beep-effect11,owner-unverified,unverified,source retained; archive from owner checkout,fleet observation only; archive from the owning checkout,foreign-owner
~/YeeBois/projects/beep-effect11/.beep/complexity-resume-repair-plan.json,checkout-material,56200,57344,~/YeeBois/projects/beep-effect11,owner-unverified,unverified,source retained; archive from owner checkout,fleet observation only; archive from the owning checkout,foreign-owner
~/YeeBois/projects/beep-effect11/.beep/complexity-resume-repair.log,checkout-material,378023,380928,~/YeeBois/projects/beep-effect11,owner-unverified,unverified,source retained; archive from owner checkout,fleet observation only; archive from the owning checkout,foreign-owner
~/YeeBois/projects/beep-effect11/.beep/complexity-resume-verify-plan.json,checkout-material,13161,16384,~/YeeBois/projects/beep-effect11,owner-unverified,unverified,source retained; archive from owner checkout,fleet observation only; archive from the owning checkout,foreign-owner
~/YeeBois/projects/beep-effect11/.beep/complexity-resume-yeet-test.log,checkout-material,347,0,~/YeeBois/projects/beep-effect11,owner-unverified,unverified,source retained; archive from owner checkout,fleet observation only; archive from the owning checkout,foreign-owner
~/YeeBois/projects/beep-effect11/.beep/complexity-resume-main-1016.log,checkout-material,3290,0,~/YeeBois/projects/beep-effect11,owner-unverified,unverified,source retained; archive from owner checkout,fleet observation only; archive from the owning checkout,foreign-owner
~/YeeBois/projects/beep-effect11/.beep/complexity-resume-install-1016.log,checkout-material,943,0,~/YeeBois/projects/beep-effect11,owner-unverified,unverified,source retained; archive from owner checkout,fleet observation only; archive from the owning checkout,foreign-owner
~/YeeBois/projects/beep-effect11/.beep/complexity-resume-health-323.log,checkout-material,2631968,2633728,~/YeeBois/projects/beep-effect11,owner-unverified,unverified,source retained; archive from owner checkout,fleet observation only; archive from the owning checkout,foreign-owner
~/YeeBois/projects/beep-effect11/.beep/complexity-resume-suppressions-323.json,checkout-material,53320,57344,~/YeeBois/projects/beep-effect11,owner-unverified,unverified,source retained; archive from owner checkout,fleet observation only; archive from the owning checkout,foreign-owner
~/YeeBois/projects/beep-effect11/.beep/complexity-resume-suppressions-323.stderr,checkout-material,476,0,~/YeeBois/projects/beep-effect11,owner-unverified,unverified,source retained; archive from owner checkout,fleet observation only; archive from the owning checkout,foreign-owner
~/YeeBois/projects/beep-effect11/.beep/complexity-resume-scratchpad-docgen.log,checkout-material,350270,352256,~/YeeBois/projects/beep-effect11,owner-unverified,unverified,source retained; archive from owner checkout,fleet observation only; archive from the owning checkout,foreign-owner
~/YeeBois/projects/beep-effect11/.beep/complexity-resume-health-323-1.log,checkout-material,2631968,2633728,~/YeeBois/projects/beep-effect11,owner-unverified,unverified,source retained; archive from owner checkout,fleet observation only; archive from the owning checkout,foreign-owner
~/YeeBois/projects/beep-effect11/.beep/complexity-resume-health-323-2.log,checkout-material,2631968,2633728,~/YeeBois/projects/beep-effect11,owner-unverified,unverified,source retained; archive from owner checkout,fleet observation only; archive from the owning checkout,foreign-owner
~/YeeBois/projects/beep-effect11/.beep/complexity-resume-health-323-3.log,checkout-material,2631968,2633728,~/YeeBois/projects/beep-effect11,owner-unverified,unverified,source retained; archive from owner checkout,fleet observation only; archive from the owning checkout,foreign-owner
~/YeeBois/projects/beep-effect11/.beep/complexity-resume-health-323-receipt.json,checkout-material,2760,0,~/YeeBois/projects/beep-effect11,owner-unverified,unverified,source retained; archive from owner checkout,fleet observation only; archive from the owning checkout,foreign-owner
~/YeeBois/projects/beep-effect11/.beep/complexity-resume-health-323-raw.json,checkout-material,2984805,2985984,~/YeeBois/projects/beep-effect11,owner-unverified,unverified,source retained; archive from owner checkout,fleet observation only; archive from the owning checkout,foreign-owner
~/YeeBois/projects/beep-effect11/.beep/complexity-resume-health-323-raw.stderr,checkout-material,540,0,~/YeeBois/projects/beep-effect11,owner-unverified,unverified,source retained; archive from owner checkout,fleet observation only; archive from the owning checkout,foreign-owner
~/YeeBois/projects/beep-effect11/.beep/complexity-resume-scratchpad-exact-docgen.log,checkout-material,565,0,~/YeeBois/projects/beep-effect11,owner-unverified,unverified,source retained; archive from owner checkout,fleet observation only; archive from the owning checkout,foreign-owner
~/YeeBois/projects/beep-effect11/.beep/complexity-resume-cli-package-quick.log,checkout-material,238,0,~/YeeBois/projects/beep-effect11,owner-unverified,unverified,source retained; archive from owner checkout,fleet observation only; archive from the owning checkout,foreign-owner
~/YeeBois/projects/beep-effect11/.beep/complexity-resume-scheduler-before-verify.log,checkout-material,931,0,~/YeeBois/projects/beep-effect11,owner-unverified,unverified,source retained; archive from owner checkout,fleet observation only; archive from the owning checkout,foreign-owner
~/YeeBois/projects/beep-effect11/.beep/complexity-resume-scheduler-before-verify.json,checkout-material,185,0,~/YeeBois/projects/beep-effect11,owner-unverified,unverified,source retained; archive from owner checkout,fleet observation only; archive from the owning checkout,foreign-owner
~/YeeBois/projects/beep-effect11/.beep/complexity-resume-scheduler-before-verify.err,checkout-material,82,0,~/YeeBois/projects/beep-effect11,owner-unverified,unverified,source retained; archive from owner checkout,fleet observation only; archive from the owning checkout,foreign-owner
~/YeeBois/projects/beep-effect11/.beep/complexity-resume-verify-323.log,checkout-material,34713,36864,~/YeeBois/projects/beep-effect11,owner-unverified,unverified,source retained; archive from owner checkout,fleet observation only; archive from the owning checkout,foreign-owner
~/YeeBois/projects/beep-effect11/.beep/complexity-reflection-2026-09-08-draft.md,checkout-material,5148,8192,~/YeeBois/projects/beep-effect11,owner-unverified,unverified,source retained; archive from owner checkout,fleet observation only; archive from the owning checkout,foreign-owner
~/YeeBois/projects/beep-effect11/.beep/complexity-pr-body-draft.md,checkout-material,3622,0,~/YeeBois/projects/beep-effect11,owner-unverified,unverified,source retained; archive from owner checkout,fleet observation only; archive from the owning checkout,foreign-owner
~/YeeBois/projects/beep-effect11/.beep/complexity-resume-goals-index.log,checkout-material,256,0,~/YeeBois/projects/beep-effect11,owner-unverified,unverified,source retained; archive from owner checkout,fleet observation only; archive from the owning checkout,foreign-owner
~/YeeBois/projects/beep-effect11/.beep/complexity-resume-reflection-check.log,checkout-material,142,0,~/YeeBois/projects/beep-effect11,owner-unverified,unverified,source retained; archive from owner checkout,fleet observation only; archive from the owning checkout,foreign-owner
~/YeeBois/projects/beep-effect11/.beep/complexity-resume-verify-323b.log,checkout-material,1300356,1302528,~/YeeBois/projects/beep-effect11,owner-unverified,unverified,source retained; archive from owner checkout,fleet observation only; archive from the owning checkout,foreign-owner
~/YeeBois/projects/beep-effect11/.beep/complexity-resume-publish-help.log,checkout-material,2820,0,~/YeeBois/projects/beep-effect11,owner-unverified,unverified,source retained; archive from owner checkout,fleet observation only; archive from the owning checkout,foreign-owner
~/YeeBois/projects/beep-effect11/.beep/complexity-resume-handoff.md,checkout-material,51565,53248,~/YeeBois/projects/beep-effect11,owner-unverified,unverified,source retained; archive from owner checkout,fleet observation only; archive from the owning checkout,foreign-owner
~/YeeBois/projects/beep-effect11/.beep/complexity-inherited-security-blocker.md,checkout-material,2619,0,~/YeeBois/projects/beep-effect11,owner-unverified,unverified,source retained; archive from owner checkout,fleet observation only; archive from the owning checkout,foreign-owner
~/YeeBois/projects/beep-effect11/.beep/test-onnxruntime-installer-patch.mjs,checkout-material,5180,8192,~/YeeBois/projects/beep-effect11,owner-unverified,unverified,source retained; archive from owner checkout,fleet observation only; archive from the owning checkout,foreign-owner
~/YeeBois/projects/beep-effect11/.beep/complexity-onnx-unpatched-control.log,checkout-material,2619,0,~/YeeBois/projects/beep-effect11,owner-unverified,unverified,source retained; archive from owner checkout,fleet observation only; archive from the owning checkout,foreign-owner
~/YeeBois/projects/beep-effect11/.beep/onnx-original-install-utils.js,checkout-material,9726,12288,~/YeeBois/projects/beep-effect11,owner-unverified,unverified,source retained; archive from owner checkout,fleet observation only; archive from the owning checkout,foreign-owner
~/YeeBois/projects/beep-effect11/.beep/onnx-patched-install-utils.js,checkout-material,9743,12288,~/YeeBois/projects/beep-effect11,owner-unverified,unverified,source retained; archive from owner checkout,fleet observation only; archive from the owning checkout,foreign-owner
~/YeeBois/projects/beep-effect11/.beep/test-onnxruntime-installer-preview.mjs,checkout-material,5230,8192,~/YeeBois/projects/beep-effect11,owner-unverified,unverified,source retained; archive from owner checkout,fleet observation only; archive from the owning checkout,foreign-owner
~/YeeBois/projects/beep-effect11/.beep/complexity-onnx-patched-preview.log,checkout-material,314,0,~/YeeBois/projects/beep-effect11,owner-unverified,unverified,source retained; archive from owner checkout,fleet observation only; archive from the owning checkout,foreign-owner
~/YeeBois/projects/beep-effect11/.beep/complexity-onnx-patch-workdir.txt,checkout-material,61,0,~/YeeBois/projects/beep-effect11,owner-unverified,unverified,source retained; archive from owner checkout,fleet observation only; archive from the owning checkout,foreign-owner
~/YeeBois/projects/beep-effect11/.beep/complexity-onnx-isolated-install.log,checkout-material,505,0,~/YeeBois/projects/beep-effect11,owner-unverified,unverified,source retained; archive from owner checkout,fleet observation only; archive from the owning checkout,foreign-owner
~/YeeBois/projects/beep-effect11/.beep/complexity-onnx-patch-commit.log,checkout-material,165,0,~/YeeBois/projects/beep-effect11,owner-unverified,unverified,source retained; archive from owner checkout,fleet observation only; archive from the owning checkout,foreign-owner
~/YeeBois/projects/beep-effect11/.beep/complexity-onnx-actual-patch-test.log,checkout-material,313,0,~/YeeBois/projects/beep-effect11,owner-unverified,unverified,source retained; archive from owner checkout,fleet observation only; archive from the owning checkout,foreign-owner
~/YeeBois/projects/beep-effect11/.beep/complexity-onnx-isolated-frozen.log,checkout-material,469,0,~/YeeBois/projects/beep-effect11,owner-unverified,unverified,source retained; archive from owner checkout,fleet observation only; archive from the owning checkout,foreign-owner
~/YeeBois/projects/beep-effect11/.beep/complexity-onnx-root-install.log,checkout-material,157,0,~/YeeBois/projects/beep-effect11,owner-unverified,unverified,source retained; archive from owner checkout,fleet observation only; archive from the owning checkout,foreign-owner
~/YeeBois/projects/beep-effect11/.beep/complexity-onnx-root-test.log,checkout-material,314,0,~/YeeBois/projects/beep-effect11,owner-unverified,unverified,source retained; archive from owner checkout,fleet observation only; archive from the owning checkout,foreign-owner
~/YeeBois/projects/beep-effect11/.beep/complexity-onnx-format-check.log,checkout-material,5197,8192,~/YeeBois/projects/beep-effect11,owner-unverified,unverified,source retained; archive from owner checkout,fleet observation only; archive from the owning checkout,foreign-owner
~/YeeBois/projects/beep-effect11/.beep/complexity-onnx-format-write.log,checkout-material,39,0,~/YeeBois/projects/beep-effect11,owner-unverified,unverified,source retained; archive from owner checkout,fleet observation only; archive from the owning checkout,foreign-owner
~/YeeBois/projects/beep-effect11/.beep/complexity-onnx-root-frozen.log,checkout-material,763,0,~/YeeBois/projects/beep-effect11,owner-unverified,unverified,source retained; archive from owner checkout,fleet observation only; archive from the owning checkout,foreign-owner
~/YeeBois/projects/beep-effect11/.beep/complexity-onnx-security.log,checkout-material,2773,0,~/YeeBois/projects/beep-effect11,owner-unverified,unverified,source retained; archive from owner checkout,fleet observation only; archive from the owning checkout,foreign-owner
~/YeeBois/projects/beep-effect11/.beep/complexity-onnx-dispatch-test.log,checkout-material,260,0,~/YeeBois/projects/beep-effect11,owner-unverified,unverified,source retained; archive from owner checkout,fleet observation only; archive from the owning checkout,foreign-owner
~/YeeBois/projects/beep-effect11/.beep/complexity-onnx-cli-package-verify.log,checkout-material,227,0,~/YeeBois/projects/beep-effect11,owner-unverified,unverified,source retained; archive from owner checkout,fleet observation only; archive from the owning checkout,foreign-owner
~/YeeBois/projects/beep-effect11/.beep/complexity-security-health-1.log,checkout-material,2632239,2633728,~/YeeBois/projects/beep-effect11,owner-unverified,unverified,source retained; archive from owner checkout,fleet observation only; archive from the owning checkout,foreign-owner
~/YeeBois/projects/beep-effect11/.beep/complexity-security-health-2.log,checkout-material,2632239,2633728,~/YeeBois/projects/beep-effect11,owner-unverified,unverified,source retained; archive from owner checkout,fleet observation only; archive from the owning checkout,foreign-owner
~/YeeBois/projects/beep-effect11/.beep/complexity-security-health-3.log,checkout-material,2632239,2633728,~/YeeBois/projects/beep-effect11,owner-unverified,unverified,source retained; archive from owner checkout,fleet observation only; archive from the owning checkout,foreign-owner
~/YeeBois/projects/beep-effect11/.beep/complexity-security-health-receipt.json,checkout-material,285,0,~/YeeBois/projects/beep-effect11,owner-unverified,unverified,source retained; archive from owner checkout,fleet observation only; archive from the owning checkout,foreign-owner
~/YeeBois/projects/beep-effect11/.beep/complexity-security-health-raw.json,checkout-material,2985076,2985984,~/YeeBois/projects/beep-effect11,owner-unverified,unverified,source retained; archive from owner checkout,fleet observation only; archive from the owning checkout,foreign-owner
~/YeeBois/projects/beep-effect11/.beep/complexity-security-health-raw.stderr,checkout-material,540,0,~/YeeBois/projects/beep-effect11,owner-unverified,unverified,source retained; archive from owner checkout,fleet observation only; archive from the owning checkout,foreign-owner
~/YeeBois/projects/beep-effect11/.beep/complexity-onnx-scheduler.json,checkout-material,185,0,~/YeeBois/projects/beep-effect11,owner-unverified,unverified,source retained; archive from owner checkout,fleet observation only; archive from the owning checkout,foreign-owner
~/YeeBois/projects/beep-effect11/.beep/complexity-onnx-scheduler.stderr,checkout-material,82,0,~/YeeBois/projects/beep-effect11,owner-unverified,unverified,source retained; archive from owner checkout,fleet observation only; archive from the owning checkout,foreign-owner
~/YeeBois/projects/beep-effect11/.beep/complexity-security-suppressions.json,checkout-material,53320,57344,~/YeeBois/projects/beep-effect11,owner-unverified,unverified,source retained; archive from owner checkout,fleet observation only; archive from the owning checkout,foreign-owner
~/YeeBois/projects/beep-effect11/.beep/complexity-security-suppressions.stderr,checkout-material,476,0,~/YeeBois/projects/beep-effect11,owner-unverified,unverified,source retained; archive from owner checkout,fleet observation only; archive from the owning checkout,foreign-owner
~/YeeBois/projects/beep-effect11/.beep/complexity-security-goals-index.log,checkout-material,106,0,~/YeeBois/projects/beep-effect11,owner-unverified,unverified,source retained; archive from owner checkout,fleet observation only; archive from the owning checkout,foreign-owner
~/YeeBois/projects/beep-effect11/.beep/complexity-security-reflection-check.log,checkout-material,142,0,~/YeeBois/projects/beep-effect11,owner-unverified,unverified,source retained; archive from owner checkout,fleet observation only; archive from the owning checkout,foreign-owner
~/YeeBois/projects/beep-effect11/.beep/complexity-resume-verify-security.log,checkout-material,6030,8192,~/YeeBois/projects/beep-effect11,owner-unverified,unverified,source retained; archive from owner checkout,fleet observation only; archive from the owning checkout,foreign-owner
~/YeeBois/projects/beep-effect11/.beep/complexity-onnx-zero-context-install.log,checkout-material,150,0,~/YeeBois/projects/beep-effect11,owner-unverified,unverified,source retained; archive from owner checkout,fleet observation only; archive from the owning checkout,foreign-owner
~/YeeBois/projects/beep-effect11/.beep/complexity-onnx-zero-context-test.log,checkout-material,314,0,~/YeeBois/projects/beep-effect11,owner-unverified,unverified,source retained; archive from owner checkout,fleet observation only; archive from the owning checkout,foreign-owner
~/YeeBois/projects/beep-effect11/.beep/complexity-onnx-root-frozen-final.log,checkout-material,762,0,~/YeeBois/projects/beep-effect11,owner-unverified,unverified,source retained; archive from owner checkout,fleet observation only; archive from the owning checkout,foreign-owner
~/YeeBois/projects/beep-effect11/.beep/complexity-onnx-root-test-final.log,checkout-material,314,0,~/YeeBois/projects/beep-effect11,owner-unverified,unverified,source retained; archive from owner checkout,fleet observation only; archive from the owning checkout,foreign-owner
~/YeeBois/projects/beep-effect11/.beep/complexity-resume-verify-security-final.log,checkout-material,34891,36864,~/YeeBois/projects/beep-effect11,owner-unverified,unverified,source retained; archive from owner checkout,fleet observation only; archive from the owning checkout,foreign-owner
~/YeeBois/projects/beep-effect11/.beep/complexity-final-root-format.log,checkout-material,45,0,~/YeeBois/projects/beep-effect11,owner-unverified,unverified,source retained; archive from owner checkout,fleet observation only; archive from the owning checkout,foreign-owner
~/YeeBois/projects/beep-effect11/.beep/complexity-existing-pr-snapshot.json,checkout-material,3,0,~/YeeBois/projects/beep-effect11,owner-unverified,unverified,source retained; archive from owner checkout,fleet observation only; archive from the owning checkout,foreign-owner
~/YeeBois/projects/beep-effect11/.beep/complexity-onnx-declared-install.log,checkout-material,157,0,~/YeeBois/projects/beep-effect11,owner-unverified,unverified,source retained; archive from owner checkout,fleet observation only; archive from the owning checkout,foreign-owner
~/YeeBois/projects/beep-effect11/.beep/complexity-onnx-declared-frozen.log,checkout-material,762,0,~/YeeBois/projects/beep-effect11,owner-unverified,unverified,source retained; archive from owner checkout,fleet observation only; archive from the owning checkout,foreign-owner
~/YeeBois/projects/beep-effect11/.beep/complexity-onnx-declared-security.log,checkout-material,2776,0,~/YeeBois/projects/beep-effect11,owner-unverified,unverified,source retained; archive from owner checkout,fleet observation only; archive from the owning checkout,foreign-owner
~/YeeBois/projects/beep-effect11/.beep/complexity-onnx-declared-audit.log,checkout-material,16099,16384,~/YeeBois/projects/beep-effect11,owner-unverified,unverified,source retained; archive from owner checkout,fleet observation only; archive from the owning checkout,foreign-owner
~/YeeBois/projects/beep-effect11/.beep/complexity-onnx-declared-knip.log,checkout-material,144,0,~/YeeBois/projects/beep-effect11,owner-unverified,unverified,source retained; archive from owner checkout,fleet observation only; archive from the owning checkout,foreign-owner
~/YeeBois/projects/beep-effect11/.beep/complexity-onnx-declared-dead-code.log,checkout-material,718,0,~/YeeBois/projects/beep-effect11,owner-unverified,unverified,source retained; archive from owner checkout,fleet observation only; archive from the owning checkout,foreign-owner
~/YeeBois/projects/beep-effect11/.beep/complexity-onnx-declared-format.log,checkout-material,43,0,~/YeeBois/projects/beep-effect11,owner-unverified,unverified,source retained; archive from owner checkout,fleet observation only; archive from the owning checkout,foreign-owner
~/YeeBois/projects/beep-effect11/.beep/complexity-resume-verify-declared.log,checkout-material,1428081,1429504,~/YeeBois/projects/beep-effect11,owner-unverified,unverified,source retained; archive from owner checkout,fleet observation only; archive from the owning checkout,foreign-owner
~/YeeBois/projects/beep-effect11/.beep/complexity-completion-audit.md,checkout-material,3358,0,~/YeeBois/projects/beep-effect11,owner-unverified,unverified,source retained; archive from owner checkout,fleet observation only; archive from the owning checkout,foreign-owner
~/YeeBois/projects/beep-effect11/.beep/complexity-declared-candidate.json,checkout-material,1101,0,~/YeeBois/projects/beep-effect11,owner-unverified,unverified,source retained; archive from owner checkout,fleet observation only; archive from the owning checkout,foreign-owner
~/YeeBois/projects/beep-effect11/.beep/complexity-staged-sast.log,checkout-material,1583,0,~/YeeBois/projects/beep-effect11,owner-unverified,unverified,source retained; archive from owner checkout,fleet observation only; archive from the owning checkout,foreign-owner
~/YeeBois/projects/beep-effect11/.beep/complexity-local-verification-2026-09-09.json,checkout-material,8384,12288,~/YeeBois/projects/beep-effect11,owner-unverified,unverified,source retained; archive from owner checkout,fleet observation only; archive from the owning checkout,foreign-owner
~/YeeBois/projects/beep-effect11/.beep/complexity-p2-goals-index.log,checkout-material,106,0,~/YeeBois/projects/beep-effect11,owner-unverified,unverified,source retained; archive from owner checkout,fleet observation only; archive from the owning checkout,foreign-owner
~/YeeBois/projects/beep-effect11/.beep/complexity-p2-reflection-check.log,checkout-material,142,0,~/YeeBois/projects/beep-effect11,owner-unverified,unverified,source retained; archive from owner checkout,fleet observation only; archive from the owning checkout,foreign-owner
~/YeeBois/projects/beep-effect11/.beep/complexity-p2-goals-index-check.log,checkout-material,150,0,~/YeeBois/projects/beep-effect11,owner-unverified,unverified,source retained; archive from owner checkout,fleet observation only; archive from the owning checkout,foreign-owner
~/YeeBois/projects/beep-effect11/.beep/complexity-publish.log,checkout-material,823462,827392,~/YeeBois/projects/beep-effect11,owner-unverified,unverified,source retained; archive from owner checkout,fleet observation only; archive from the owning checkout,foreign-owner
~/YeeBois/projects/beep-effect11/.beep/complexity-publication-progress.json,checkout-material,1274,0,~/YeeBois/projects/beep-effect11,owner-unverified,unverified,source retained; archive from owner checkout,fleet observation only; archive from the owning checkout,foreign-owner
~/YeeBois/projects/beep-effect11/.beep/complexity-hosted-gates.json,checkout-material,630,0,~/YeeBois/projects/beep-effect11,owner-unverified,unverified,source retained; archive from owner checkout,fleet observation only; archive from the owning checkout,foreign-owner
~/YeeBois/projects/beep-effect11/.beep/complexity-security-ci-entrypoint.log,checkout-material,3005,0,~/YeeBois/projects/beep-effect11,owner-unverified,unverified,source retained; archive from owner checkout,fleet observation only; archive from the owning checkout,foreign-owner
~/YeeBois/projects/beep-effect11/.beep/complexity-semantic-repair-index.log,checkout-material,150,0,~/YeeBois/projects/beep-effect11,owner-unverified,unverified,source retained; archive from owner checkout,fleet observation only; archive from the owning checkout,foreign-owner
~/YeeBois/projects/beep-effect11/.beep/complexity-publication-semantic-failure.json,checkout-material,8941,12288,~/YeeBois/projects/beep-effect11,owner-unverified,unverified,source retained; archive from owner checkout,fleet observation only; archive from the owning checkout,foreign-owner
~/YeeBois/projects/beep-effect11/.beep/complexity-main-52fcc8d135-merge.log,checkout-material,1143,0,~/YeeBois/projects/beep-effect11,owner-unverified,unverified,source retained; archive from owner checkout,fleet observation only; archive from the owning checkout,foreign-owner
~/YeeBois/projects/beep-effect11/.beep/complexity-main-oxlint.log,checkout-material,268630,270336,~/YeeBois/projects/beep-effect11,owner-unverified,unverified,source retained; archive from owner checkout,fleet observation only; archive from the owning checkout,foreign-owner
~/YeeBois/projects/beep-effect11/.beep/complexity-main-epistemic-package-verify.log,checkout-material,241,0,~/YeeBois/projects/beep-effect11,owner-unverified,unverified,source retained; archive from owner checkout,fleet observation only; archive from the owning checkout,foreign-owner
~/YeeBois/projects/beep-effect11/.beep/complexity-semantic-docs-stash-restore.log,checkout-material,43824,45056,~/YeeBois/projects/beep-effect11,owner-unverified,unverified,source retained; archive from owner checkout,fleet observation only; archive from the owning checkout,foreign-owner
~/YeeBois/projects/beep-effect11/.beep/complexity-main-oxlint-fixed.log,checkout-material,267875,270336,~/YeeBois/projects/beep-effect11,owner-unverified,unverified,source retained; archive from owner checkout,fleet observation only; archive from the owning checkout,foreign-owner
~/YeeBois/projects/beep-effect11/.beep/complexity-main-health-check.log,checkout-material,2631827,2633728,~/YeeBois/projects/beep-effect11,owner-unverified,unverified,source retained; archive from owner checkout,fleet observation only; archive from the owning checkout,foreign-owner
~/YeeBois/projects/beep-effect11/.beep/complexity-main-health-raw.json,checkout-material,2984664,2985984,~/YeeBois/projects/beep-effect11,owner-unverified,unverified,source retained; archive from owner checkout,fleet observation only; archive from the owning checkout,foreign-owner
~/YeeBois/projects/beep-effect11/.beep/complexity-main-health-raw.stderr,checkout-material,662,0,~/YeeBois/projects/beep-effect11,owner-unverified,unverified,source retained; archive from owner checkout,fleet observation only; archive from the owning checkout,foreign-owner
~/YeeBois/projects/beep-effect11/.beep/complexity-main-suppressions.json,checkout-material,53320,57344,~/YeeBois/projects/beep-effect11,owner-unverified,unverified,source retained; archive from owner checkout,fleet observation only; archive from the owning checkout,foreign-owner
~/YeeBois/projects/beep-effect11/.beep/complexity-main-suppressions.stderr,checkout-material,476,0,~/YeeBois/projects/beep-effect11,owner-unverified,unverified,source retained; archive from owner checkout,fleet observation only; archive from the owning checkout,foreign-owner
~/YeeBois/projects/beep-effect11/.beep/complexity-main-health-1.log,checkout-material,2631827,2633728,~/YeeBois/projects/beep-effect11,owner-unverified,unverified,source retained; archive from owner checkout,fleet observation only; archive from the owning checkout,foreign-owner
~/YeeBois/projects/beep-effect11/.beep/complexity-main-health-2.log,checkout-material,2631827,2633728,~/YeeBois/projects/beep-effect11,owner-unverified,unverified,source retained; archive from owner checkout,fleet observation only; archive from the owning checkout,foreign-owner
~/YeeBois/projects/beep-effect11/.beep/complexity-main-health-3.log,checkout-material,2631827,2633728,~/YeeBois/projects/beep-effect11,owner-unverified,unverified,source retained; archive from owner checkout,fleet observation only; archive from the owning checkout,foreign-owner
~/YeeBois/projects/beep-effect11/.beep/complexity-main-health-receipt.json,checkout-material,3317,0,~/YeeBois/projects/beep-effect11,owner-unverified,unverified,source retained; archive from owner checkout,fleet observation only; archive from the owning checkout,foreign-owner
~/YeeBois/projects/beep-effect11/.beep/complexity-main-cli-focused.log,checkout-material,1059,0,~/YeeBois/projects/beep-effect11,owner-unverified,unverified,source retained; archive from owner checkout,fleet observation only; archive from the owning checkout,foreign-owner
~/YeeBois/projects/beep-effect11/.beep/complexity-main-goals-index.log,checkout-material,38795,40960,~/YeeBois/projects/beep-effect11,owner-unverified,unverified,source retained; archive from owner checkout,fleet observation only; archive from the owning checkout,foreign-owner
~/YeeBois/projects/beep-effect11/.beep/complexity-main-goals-index-check.log,checkout-material,150,0,~/YeeBois/projects/beep-effect11,owner-unverified,unverified,source retained; archive from owner checkout,fleet observation only; archive from the owning checkout,foreign-owner
~/YeeBois/projects/beep-effect11/.beep/complexity-main-reflection-check.log,checkout-material,142,0,~/YeeBois/projects/beep-effect11,owner-unverified,unverified,source retained; archive from owner checkout,fleet observation only; archive from the owning checkout,foreign-owner
~/YeeBois/projects/beep-effect11/.beep/complexity-main-goals-index-write.log,checkout-material,106,0,~/YeeBois/projects/beep-effect11,owner-unverified,unverified,source retained; archive from owner checkout,fleet observation only; archive from the owning checkout,foreign-owner
~/YeeBois/projects/beep-effect11/.beep/complexity-main-merge-commit.log,checkout-material,1973,0,~/YeeBois/projects/beep-effect11,owner-unverified,unverified,source retained; archive from owner checkout,fleet observation only; archive from the owning checkout,foreign-owner
~/YeeBois/projects/beep-effect11/.beep/complexity-main-semantic-delta.json,checkout-material,299712,303104,~/YeeBois/projects/beep-effect11,owner-unverified,unverified,source retained; archive from owner checkout,fleet observation only; archive from the owning checkout,foreign-owner
~/YeeBois/projects/beep-effect11/.beep/complexity-main-semantic-delta.stderr,checkout-material,82,0,~/YeeBois/projects/beep-effect11,owner-unverified,unverified,source retained; archive from owner checkout,fleet observation only; archive from the owning checkout,foreign-owner
~/YeeBois/projects/beep-effect11/.beep/complexity-main-fallow-audit.log,checkout-material,16100,16384,~/YeeBois/projects/beep-effect11,owner-unverified,unverified,source retained; archive from owner checkout,fleet observation only; archive from the owning checkout,foreign-owner
~/YeeBois/projects/beep-effect11/.beep/complexity-main-candidate.json,checkout-material,332,0,~/YeeBois/projects/beep-effect11,owner-unverified,unverified,source retained; archive from owner checkout,fleet observation only; archive from the owning checkout,foreign-owner
~/YeeBois/projects/beep-effect11/.beep/complexity-main-verify.log,checkout-material,189019,192512,~/YeeBois/projects/beep-effect11,owner-unverified,unverified,source retained; archive from owner checkout,fleet observation only; archive from the owning checkout,foreign-owner
~/YeeBois/projects/beep-effect11/.beep/complexity-main-verdict-audit.json,checkout-material,5128,8192,~/YeeBois/projects/beep-effect11,owner-unverified,unverified,source retained; archive from owner checkout,fleet observation only; archive from the owning checkout,foreign-owner
~/YeeBois/projects/beep-effect11/.beep/complexity-main-verify-progress.json,checkout-material,3065,0,~/YeeBois/projects/beep-effect11,owner-unverified,unverified,source retained; archive from owner checkout,fleet observation only; archive from the owning checkout,foreign-owner
~/YeeBois/projects/beep-effect11/.beep/complexity-main-663-frozen-install.log,checkout-material,396,0,~/YeeBois/projects/beep-effect11,owner-unverified,unverified,source retained; archive from owner checkout,fleet observation only; archive from the owning checkout,foreign-owner
~/YeeBois/projects/beep-effect11/.beep/complexity-main-663-security-regression.log,checkout-material,388,0,~/YeeBois/projects/beep-effect11,owner-unverified,unverified,source retained; archive from owner checkout,fleet observation only; archive from the owning checkout,foreign-owner
~/YeeBois/projects/beep-effect11/.beep/complexity-main-663-index.log,checkout-material,106,0,~/YeeBois/projects/beep-effect11,owner-unverified,unverified,source retained; archive from owner checkout,fleet observation only; archive from the owning checkout,foreign-owner
~/YeeBois/projects/beep-effect11/.beep/complexity-main-663-security.log,checkout-material,2458,0,~/YeeBois/projects/beep-effect11,owner-unverified,unverified,source retained; archive from owner checkout,fleet observation only; archive from the owning checkout,foreign-owner
~/YeeBois/projects/beep-effect11/.beep/complexity-main-663-reflection.log,checkout-material,142,0,~/YeeBois/projects/beep-effect11,owner-unverified,unverified,source retained; archive from owner checkout,fleet observation only; archive from the owning checkout,foreign-owner
~/YeeBois/projects/beep-effect11/.beep/complexity-onnx-nonprivate-control.mjs,checkout-material,5683,8192,~/YeeBois/projects/beep-effect11,owner-unverified,unverified,source retained; archive from owner checkout,fleet observation only; archive from the owning checkout,foreign-owner
~/YeeBois/projects/beep-effect11/.beep/complexity-onnx-nonprivate-control.log,checkout-material,2762,0,~/YeeBois/projects/beep-effect11,owner-unverified,unverified,source retained; archive from owner checkout,fleet observation only; archive from the owning checkout,foreign-owner
~/YeeBois/projects/beep-effect11/.beep/complexity-main-663-merge.log,checkout-material,1565,0,~/YeeBois/projects/beep-effect11,owner-unverified,unverified,source retained; archive from owner checkout,fleet observation only; archive from the owning checkout,foreign-owner
~/YeeBois/projects/beep-effect11/.beep/complexity-early-publish.log,checkout-material,11860,12288,~/YeeBois/projects/beep-effect11,owner-unverified,unverified,source retained; archive from owner checkout,fleet observation only; archive from the owning checkout,foreign-owner
~/YeeBois/projects/beep-effect11/.beep/complexity-pr-current-body.json,checkout-material,7438,8192,~/YeeBois/projects/beep-effect11,owner-unverified,unverified,source retained; archive from owner checkout,fleet observation only; archive from the owning checkout,foreign-owner
~/YeeBois/projects/beep-effect11/.beep/complexity-pr-body-final.md,checkout-material,5804,8192,~/YeeBois/projects/beep-effect11,owner-unverified,unverified,source retained; archive from owner checkout,fleet observation only; archive from the owning checkout,foreign-owner
~/YeeBois/projects/beep-effect11/.beep/complexity-pr-watch.log,checkout-material,4154,8192,~/YeeBois/projects/beep-effect11,owner-unverified,unverified,source retained; archive from owner checkout,fleet observation only; archive from the owning checkout,foreign-owner
~/YeeBois/projects/beep-effect11/.beep/complexity-pr-checks.json,checkout-material,5363,8192,~/YeeBois/projects/beep-effect11,owner-unverified,unverified,source retained; archive from owner checkout,fleet observation only; archive from the owning checkout,foreign-owner
~/YeeBois/projects/beep-effect11/.beep/complexity-early-publish-progress.json,checkout-material,352,0,~/YeeBois/projects/beep-effect11,owner-unverified,unverified,source retained; archive from owner checkout,fleet observation only; archive from the owning checkout,foreign-owner
~/YeeBois/projects/beep-effect11/.beep/complexity-review-storybook-biome.log,checkout-material,1627,0,~/YeeBois/projects/beep-effect11,owner-unverified,unverified,source retained; archive from owner checkout,fleet observation only; archive from the owning checkout,foreign-owner
~/YeeBois/projects/beep-effect11/.beep/complexity-storybook-config-probe.ts,checkout-material,1178,0,~/YeeBois/projects/beep-effect11,owner-unverified,unverified,source retained; archive from owner checkout,fleet observation only; archive from the owning checkout,foreign-owner
~/YeeBois/projects/beep-effect11/.beep/complexity-storybook-config-probe.json,checkout-material,850,0,~/YeeBois/projects/beep-effect11,owner-unverified,unverified,source retained; archive from owner checkout,fleet observation only; archive from the owning checkout,foreign-owner
~/YeeBois/projects/beep-effect11/.beep/complexity-review-storybook-verify.log,checkout-material,830,0,~/YeeBois/projects/beep-effect11,owner-unverified,unverified,source retained; archive from owner checkout,fleet observation only; archive from the owning checkout,foreign-owner
~/YeeBois/projects/beep-effect11/.beep/complexity-review-index.log,checkout-material,150,0,~/YeeBois/projects/beep-effect11,owner-unverified,unverified,source retained; archive from owner checkout,fleet observation only; archive from the owning checkout,foreign-owner
~/YeeBois/projects/beep-effect11/.beep/complexity-pr-issue-comments.jsonl,checkout-material,4090,0,~/YeeBois/projects/beep-effect11,owner-unverified,unverified,source retained; archive from owner checkout,fleet observation only; archive from the owning checkout,foreign-owner
~/YeeBois/projects/beep-effect11/.beep/complexity-review-reflection.log,checkout-material,142,0,~/YeeBois/projects/beep-effect11,owner-unverified,unverified,source retained; archive from owner checkout,fleet observation only; archive from the owning checkout,foreign-owner
~/YeeBois/projects/beep-effect11/.beep/complexity-storybook-turbo-plan.json,checkout-material,5533,8192,~/YeeBois/projects/beep-effect11,owner-unverified,unverified,source retained; archive from owner checkout,fleet observation only; archive from the owning checkout,foreign-owner
~/YeeBois/projects/beep-effect11/.beep/complexity-pr-review-comments.jsonl,checkout-material,20024,20480,~/YeeBois/projects/beep-effect11,owner-unverified,unverified,source retained; archive from owner checkout,fleet observation only; archive from the owning checkout,foreign-owner
~/YeeBois/projects/beep-effect11/.beep/complexity-review-storybook-verify2.log,checkout-material,1476,0,~/YeeBois/projects/beep-effect11,owner-unverified,unverified,source retained; archive from owner checkout,fleet observation only; archive from the owning checkout,foreign-owner
~/YeeBois/projects/beep-effect11/.beep/complexity-review-storybook-verify3.log,checkout-material,229,0,~/YeeBois/projects/beep-effect11,owner-unverified,unverified,source retained; archive from owner checkout,fleet observation only; archive from the owning checkout,foreign-owner
~/YeeBois/projects/beep-effect11/.beep/complexity-build-test-run.json,checkout-material,2334,0,~/YeeBois/projects/beep-effect11,owner-unverified,unverified,source retained; archive from owner checkout,fleet observation only; archive from the owning checkout,foreign-owner
~/YeeBois/projects/beep-effect11/.beep/complexity-build-test-failed.log,checkout-material,65546,69632,~/YeeBois/projects/beep-effect11,owner-unverified,unverified,source retained; archive from owner checkout,fleet observation only; archive from the owning checkout,foreign-owner
~/YeeBois/projects/beep-effect11/.beep/complexity-pr-reviews.jsonl,checkout-material,2099,0,~/YeeBois/projects/beep-effect11,owner-unverified,unverified,source retained; archive from owner checkout,fleet observation only; archive from the owning checkout,foreign-owner
~/YeeBois/projects/beep-effect11/.beep/complexity-review-publish1.log,checkout-material,7554,8192,~/YeeBois/projects/beep-effect11,owner-unverified,unverified,source retained; archive from owner checkout,fleet observation only; archive from the owning checkout,foreign-owner
~/YeeBois/projects/beep-effect11/.beep/complexity-review-replies1.log,checkout-material,446,0,~/YeeBois/projects/beep-effect11,owner-unverified,unverified,source retained; archive from owner checkout,fleet observation only; archive from the owning checkout,foreign-owner
~/YeeBois/projects/beep-effect11/.beep/complexity-tooltip-regression-red.log,checkout-material,3116,0,~/YeeBois/projects/beep-effect11,owner-unverified,unverified,source retained; archive from owner checkout,fleet observation only; archive from the owning checkout,foreign-owner
~/YeeBois/projects/beep-effect11/.beep/complexity-review-docgen-fixture.log,checkout-material,275,0,~/YeeBois/projects/beep-effect11,owner-unverified,unverified,source retained; archive from owner checkout,fleet observation only; archive from the owning checkout,foreign-owner
~/YeeBois/projects/beep-effect11/.beep/complexity-tooltip-regression-green.log,checkout-material,267,0,~/YeeBois/projects/beep-effect11,owner-unverified,unverified,source retained; archive from owner checkout,fleet observation only; archive from the owning checkout,foreign-owner
~/YeeBois/projects/beep-effect11/.beep/complexity-bounded-shacl-regression.log,checkout-material,260,0,~/YeeBois/projects/beep-effect11,owner-unverified,unverified,source retained; archive from owner checkout,fleet observation only; archive from the owning checkout,foreign-owner
~/YeeBois/projects/beep-effect11/.beep/complexity-review-publish2.log,checkout-material,13845,16384,~/YeeBois/projects/beep-effect11,owner-unverified,unverified,source retained; archive from owner checkout,fleet observation only; archive from the owning checkout,foreign-owner
~/YeeBois/projects/beep-effect11/.beep/complexity-review-replies2.log,checkout-material,730,0,~/YeeBois/projects/beep-effect11,owner-unverified,unverified,source retained; archive from owner checkout,fleet observation only; archive from the owning checkout,foreign-owner
~/YeeBois/projects/beep-effect11/.beep/complexity-pr-watch2.log,checkout-material,7165,8192,~/YeeBois/projects/beep-effect11,owner-unverified,unverified,source retained; archive from owner checkout,fleet observation only; archive from the owning checkout,foreign-owner
~/YeeBois/projects/beep-effect11/.beep/complexity-pr-thread-status.json,checkout-material,1589,0,~/YeeBois/projects/beep-effect11,owner-unverified,unverified,source retained; archive from owner checkout,fleet observation only; archive from the owning checkout,foreign-owner
~/YeeBois/projects/beep-effect11/.beep/complexity-pr-body-update2.md,checkout-material,6911,8192,~/YeeBois/projects/beep-effect11,owner-unverified,unverified,source retained; archive from owner checkout,fleet observation only; archive from the owning checkout,foreign-owner
~/YeeBois/projects/beep-effect11/.beep/complexity-review-progress.json,checkout-material,599,0,~/YeeBois/projects/beep-effect11,owner-unverified,unverified,source retained; archive from owner checkout,fleet observation only; archive from the owning checkout,foreign-owner
~/YeeBois/projects/beep-effect11/.beep/complexity-pr-watch3.log,checkout-material,1982,0,~/YeeBois/projects/beep-effect11,owner-unverified,unverified,source retained; archive from owner checkout,fleet observation only; archive from the owning checkout,foreign-owner
~/YeeBois/projects/beep-effect11/.beep/complexity-new-shacl-comment.json,checkout-material,6684,8192,~/YeeBois/projects/beep-effect11,owner-unverified,unverified,source retained; archive from owner checkout,fleet observation only; archive from the owning checkout,foreign-owner
~/YeeBois/projects/beep-effect11/.beep/complexity-zero-limit-red.log,checkout-material,2253,0,~/YeeBois/projects/beep-effect11,owner-unverified,unverified,source retained; archive from owner checkout,fleet observation only; archive from the owning checkout,foreign-owner
~/YeeBois/projects/beep-effect11/.beep/complexity-zero-limit-green.log,checkout-material,260,0,~/YeeBois/projects/beep-effect11,owner-unverified,unverified,source retained; archive from owner checkout,fleet observation only; archive from the owning checkout,foreign-owner
~/YeeBois/projects/beep-effect11/.beep/complexity-review-publish3.log,checkout-material,10606,12288,~/YeeBois/projects/beep-effect11,owner-unverified,unverified,source retained; archive from owner checkout,fleet observation only; archive from the owning checkout,foreign-owner
~/YeeBois/projects/beep-effect11/.beep/complexity-review-replies3.log,checkout-material,418,0,~/YeeBois/projects/beep-effect11,owner-unverified,unverified,source retained; archive from owner checkout,fleet observation only; archive from the owning checkout,foreign-owner
~/YeeBois/projects/beep-effect11/.beep/complexity-pr-watch4.log,checkout-material,6896,8192,~/YeeBois/projects/beep-effect11,owner-unverified,unverified,source retained; archive from owner checkout,fleet observation only; archive from the owning checkout,foreign-owner
~/YeeBois/projects/beep-effect11/.beep/complexity-fallow-check.json,checkout-material,204,0,~/YeeBois/projects/beep-effect11,owner-unverified,unverified,source retained; archive from owner checkout,fleet observation only; archive from the owning checkout,foreign-owner
~/YeeBois/projects/beep-effect11/.beep/complexity-review-fallow-failed.log,checkout-material,33586,36864,~/YeeBois/projects/beep-effect11,owner-unverified,unverified,source retained; archive from owner checkout,fleet observation only; archive from the owning checkout,foreign-owner
~/YeeBois/projects/beep-effect11/.beep/complexity-review-health-failure.log,checkout-material,2677250,2678784,~/YeeBois/projects/beep-effect11,owner-unverified,unverified,source retained; archive from owner checkout,fleet observation only; archive from the owning checkout,foreign-owner
~/YeeBois/projects/beep-effect11/.beep/complexity-fallow-hosted-artifacts,checkout-material,840105,843776,~/YeeBois/projects/beep-effect11,owner-unverified,unverified,source retained; archive from owner checkout,fleet observation only; archive from the owning checkout,foreign-owner
~/YeeBois/projects/beep-effect11/.beep/complexity-review-health-fixed.log,checkout-material,2677460,2678784,~/YeeBois/projects/beep-effect11,owner-unverified,unverified,source retained; archive from owner checkout,fleet observation only; archive from the owning checkout,foreign-owner
~/YeeBois/projects/beep-effect11/.beep/complexity-review-storybook-verify4.log,checkout-material,230,0,~/YeeBois/projects/beep-effect11,owner-unverified,unverified,source retained; archive from owner checkout,fleet observation only; archive from the owning checkout,foreign-owner
~/YeeBois/projects/beep-effect11/.beep/complexity-review-fallow-audit-fixed.log,checkout-material,155,0,~/YeeBois/projects/beep-effect11,owner-unverified,unverified,source retained; archive from owner checkout,fleet observation only; archive from the owning checkout,foreign-owner
~/YeeBois/projects/beep-effect11/.beep/complexity-pr-thread-refresh.json,checkout-material,36182,36864,~/YeeBois/projects/beep-effect11,owner-unverified,unverified,source retained; archive from owner checkout,fleet observation only; archive from the owning checkout,foreign-owner
~/YeeBois/projects/beep-effect11/.beep/complexity-storybook-probe.py,checkout-material,2030,0,~/YeeBois/projects/beep-effect11,owner-unverified,unverified,source retained; archive from owner checkout,fleet observation only; archive from the owning checkout,foreign-owner
~/YeeBois/projects/beep-effect11/.beep/complexity-review-storybook-verify5.log,checkout-material,4481,8192,~/YeeBois/projects/beep-effect11,owner-unverified,unverified,source retained; archive from owner checkout,fleet observation only; archive from the owning checkout,foreign-owner
~/YeeBois/projects/beep-effect11/.beep/complexity-review-health-merge.log,checkout-material,2676003,2678784,~/YeeBois/projects/beep-effect11,owner-unverified,unverified,source retained; archive from owner checkout,fleet observation only; archive from the owning checkout,foreign-owner
~/YeeBois/projects/beep-effect11/.beep/complexity-pr-checks-current.json,checkout-material,4990,8192,~/YeeBois/projects/beep-effect11,owner-unverified,unverified,source retained; archive from owner checkout,fleet observation only; archive from the owning checkout,foreign-owner
~/YeeBois/projects/beep-effect11/.beep/complexity-review-storybook-verify6.log,checkout-material,229,0,~/YeeBois/projects/beep-effect11,owner-unverified,unverified,source retained; archive from owner checkout,fleet observation only; archive from the owning checkout,foreign-owner
~/YeeBois/projects/beep-effect11/.beep/complexity-review-fallow-audit-merge.log,checkout-material,15682,16384,~/YeeBois/projects/beep-effect11,owner-unverified,unverified,source retained; archive from owner checkout,fleet observation only; archive from the owning checkout,foreign-owner
~/YeeBois/projects/beep-effect11/.beep/complexity-current-lint-policy-failed.log,checkout-material,161448,163840,~/YeeBois/projects/beep-effect11,owner-unverified,unverified,source retained; archive from owner checkout,fleet observation only; archive from the owning checkout,foreign-owner
~/YeeBois/projects/beep-effect11/.beep/complexity-review-fallow-audit-final.log,checkout-material,15682,16384,~/YeeBois/projects/beep-effect11,owner-unverified,unverified,source retained; archive from owner checkout,fleet observation only; archive from the owning checkout,foreign-owner
~/YeeBois/projects/beep-effect11/.beep/complexity-review-storybook-verify7.log,checkout-material,229,0,~/YeeBois/projects/beep-effect11,owner-unverified,unverified,source retained; archive from owner checkout,fleet observation only; archive from the owning checkout,foreign-owner
~/YeeBois/projects/beep-effect11/.beep/complexity-review-fallow-audit-option.log,checkout-material,15367,16384,~/YeeBois/projects/beep-effect11,owner-unverified,unverified,source retained; archive from owner checkout,fleet observation only; archive from the owning checkout,foreign-owner
~/YeeBois/projects/beep-effect11/.beep/complexity-review-storybook-verify8.log,checkout-material,685,0,~/YeeBois/projects/beep-effect11,owner-unverified,unverified,source retained; archive from owner checkout,fleet observation only; archive from the owning checkout,foreign-owner
~/YeeBois/projects/beep-effect11/.beep/complexity-review-schema-first.log,checkout-material,2946,0,~/YeeBois/projects/beep-effect11,owner-unverified,unverified,source retained; archive from owner checkout,fleet observation only; archive from the owning checkout,foreign-owner
~/YeeBois/projects/beep-effect11/.beep/complexity-review-storybook-verify9.log,checkout-material,229,0,~/YeeBois/projects/beep-effect11,owner-unverified,unverified,source retained; archive from owner checkout,fleet observation only; archive from the owning checkout,foreign-owner
~/YeeBois/projects/beep-effect11/.beep/complexity-review-fallow-audit-option-final.log,checkout-material,15367,16384,~/YeeBois/projects/beep-effect11,owner-unverified,unverified,source retained; archive from owner checkout,fleet observation only; archive from the owning checkout,foreign-owner
~/YeeBois/projects/beep-effect11/.beep/complexity-review-health-option-final.log,checkout-material,2676007,2678784,~/YeeBois/projects/beep-effect11,owner-unverified,unverified,source retained; archive from owner checkout,fleet observation only; archive from the owning checkout,foreign-owner
~/YeeBois/projects/beep-effect11/.beep/complexity-review-schema-first-write.log,checkout-material,3014,0,~/YeeBois/projects/beep-effect11,owner-unverified,unverified,source retained; archive from owner checkout,fleet observation only; archive from the owning checkout,foreign-owner
~/YeeBois/projects/beep-effect11/.beep/complexity-before-publish-status.json,checkout-material,3412,0,~/YeeBois/projects/beep-effect11,owner-unverified,unverified,source retained; archive from owner checkout,fleet observation only; archive from the owning checkout,foreign-owner
~/YeeBois/projects/beep-effect11/.beep/complexity-review-schema-first-final.log,checkout-material,889,0,~/YeeBois/projects/beep-effect11,owner-unverified,unverified,source retained; archive from owner checkout,fleet observation only; archive from the owning checkout,foreign-owner
~/YeeBois/projects/beep-effect11/.beep/complexity-storybook-round8-server.log,checkout-material,5129,8192,~/YeeBois/projects/beep-effect11,owner-unverified,unverified,source retained; archive from owner checkout,fleet observation only; archive from the owning checkout,foreign-owner
~/YeeBois/projects/beep-effect11/.beep/complexity-review-publish4.log,checkout-material,2161,0,~/YeeBois/projects/beep-effect11,owner-unverified,unverified,source retained; archive from owner checkout,fleet observation only; archive from the owning checkout,foreign-owner
~/YeeBois/projects/beep-effect11/.beep/complexity-ci-fixes-stash.txt,checkout-material,41,0,~/YeeBois/projects/beep-effect11,owner-unverified,unverified,source retained; archive from owner checkout,fleet observation only; archive from the owning checkout,foreign-owner
~/YeeBois/projects/beep-effect11/.beep/complexity-review-publish5.log,checkout-material,71476,73728,~/YeeBois/projects/beep-effect11,owner-unverified,unverified,source retained; archive from owner checkout,fleet observation only; archive from the owning checkout,foreign-owner
~/YeeBois/projects/beep-effect11/.beep/qa-tooltip-fixture.tsx,checkout-material,2076,0,~/YeeBois/projects/beep-effect11,owner-unverified,unverified,source retained; archive from owner checkout,fleet observation only; archive from the owning checkout,foreign-owner
~/YeeBois/projects/beep-effect11/.beep/qa-capture-round7-backup.mjs,checkout-material,7749,8192,~/YeeBois/projects/beep-effect11,owner-unverified,unverified,source retained; archive from owner checkout,fleet observation only; archive from the owning checkout,foreign-owner
~/YeeBois/projects/beep-effect11/.beep/complexity-qa-round8-record.log,checkout-material,541,0,~/YeeBois/projects/beep-effect11,owner-unverified,unverified,source retained; archive from owner checkout,fleet observation only; archive from the owning checkout,foreign-owner
~/YeeBois/projects/beep-effect11/.beep/complexity-pr-watch5.log,checkout-material,1638,0,~/YeeBois/projects/beep-effect11,owner-unverified,unverified,source retained; archive from owner checkout,fleet observation only; archive from the owning checkout,foreign-owner
~/YeeBois/projects/beep-effect11/.beep/complexity-pr-body-update3.md,checkout-material,7229,8192,~/YeeBois/projects/beep-effect11,owner-unverified,unverified,source retained; archive from owner checkout,fleet observation only; archive from the owning checkout,foreign-owner
~/YeeBois/projects/beep-effect11/.beep/complexity-qa-round8-extract.log,checkout-material,403,0,~/YeeBois/projects/beep-effect11,owner-unverified,unverified,source retained; archive from owner checkout,fleet observation only; archive from the owning checkout,foreign-owner
~/YeeBois/projects/beep-effect11/.beep/complexity-qa-round8-judge-pack.log,checkout-material,531,0,~/YeeBois/projects/beep-effect11,owner-unverified,unverified,source retained; archive from owner checkout,fleet observation only; archive from the owning checkout,foreign-owner
~/YeeBois/projects/beep-effect11/.beep/complexity-qa-round9-record.log,checkout-material,588,0,~/YeeBois/projects/beep-effect11,owner-unverified,unverified,source retained; archive from owner checkout,fleet observation only; archive from the owning checkout,foreign-owner
~/YeeBois/projects/beep-effect11/.beep/complexity-review-replies4.log,checkout-material,290,0,~/YeeBois/projects/beep-effect11,owner-unverified,unverified,source retained; archive from owner checkout,fleet observation only; archive from the owning checkout,foreign-owner
~/YeeBois/projects/beep-effect11/.beep/complexity-qa-round9-extract.log,checkout-material,403,0,~/YeeBois/projects/beep-effect11,owner-unverified,unverified,source retained; archive from owner checkout,fleet observation only; archive from the owning checkout,foreign-owner
~/YeeBois/projects/beep-effect11/.beep/complexity-qa-round9-judge-pack.log,checkout-material,531,0,~/YeeBois/projects/beep-effect11,owner-unverified,unverified,source retained; archive from owner checkout,fleet observation only; archive from the owning checkout,foreign-owner
~/YeeBois/projects/beep-effect11/.beep/complexity-pr-watch6.log,checkout-material,999,0,~/YeeBois/projects/beep-effect11,owner-unverified,unverified,source retained; archive from owner checkout,fleet observation only; archive from the owning checkout,foreign-owner
~/YeeBois/projects/beep-effect11/.beep/complexity-qa-round9-judge-ingest.log,checkout-material,275,0,~/YeeBois/projects/beep-effect11,owner-unverified,unverified,source retained; archive from owner checkout,fleet observation only; archive from the owning checkout,foreign-owner
~/YeeBois/projects/beep-effect11/.beep/complexity-qa-round9-judge-lint.log,checkout-material,238,0,~/YeeBois/projects/beep-effect11,owner-unverified,unverified,source retained; archive from owner checkout,fleet observation only; archive from the owning checkout,foreign-owner
~/YeeBois/projects/beep-effect11/.beep/complexity-pr-body-update4.md,checkout-material,7674,8192,~/YeeBois/projects/beep-effect11,owner-unverified,unverified,source retained; archive from owner checkout,fleet observation only; archive from the owning checkout,foreign-owner
~/YeeBois/projects/beep-effect11/.beep/complexity-pr-final-status.json,checkout-material,566,0,~/YeeBois/projects/beep-effect11,owner-unverified,unverified,source retained; archive from owner checkout,fleet observation only; archive from the owning checkout,foreign-owner
~/YeeBois/projects/beep-effect11/.beep/complexity-pr-watch7.log,checkout-material,4561,8192,~/YeeBois/projects/beep-effect11,owner-unverified,unverified,source retained; archive from owner checkout,fleet observation only; archive from the owning checkout,foreign-owner
~/YeeBois/projects/beep-effect11/.beep/complexity-29e461-health1.log,checkout-material,2676014,2678784,~/YeeBois/projects/beep-effect11,owner-unverified,unverified,source retained; archive from owner checkout,fleet observation only; archive from the owning checkout,foreign-owner
~/YeeBois/projects/beep-effect11/.beep/complexity-29e461-plan-contract.log,checkout-material,210,0,~/YeeBois/projects/beep-effect11,owner-unverified,unverified,source retained; archive from owner checkout,fleet observation only; archive from the owning checkout,foreign-owner
~/YeeBois/projects/beep-effect11/.beep/complexity-29e461-health2.log,checkout-material,2676014,2678784,~/YeeBois/projects/beep-effect11,owner-unverified,unverified,source retained; archive from owner checkout,fleet observation only; archive from the owning checkout,foreign-owner
~/YeeBois/projects/beep-effect11/.beep/complexity-29e461-ci-contract.log,checkout-material,352,0,~/YeeBois/projects/beep-effect11,owner-unverified,unverified,source retained; archive from owner checkout,fleet observation only; archive from the owning checkout,foreign-owner
~/YeeBois/projects/beep-effect11/.beep/complexity-29e461-installer.log,checkout-material,387,0,~/YeeBois/projects/beep-effect11,owner-unverified,unverified,source retained; archive from owner checkout,fleet observation only; archive from the owning checkout,foreign-owner
~/YeeBois/projects/beep-effect11/.beep/complexity-29e461-tail.log,checkout-material,3022810,3022848,~/YeeBois/projects/beep-effect11,owner-unverified,unverified,source retained; archive from owner checkout,fleet observation only; archive from the owning checkout,foreign-owner
~/YeeBois/projects/beep-effect11/.beep/complexity-29e461-suppressions.log,checkout-material,53796,57344,~/YeeBois/projects/beep-effect11,owner-unverified,unverified,source retained; archive from owner checkout,fleet observation only; archive from the owning checkout,foreign-owner
~/YeeBois/projects/beep-effect11/.beep/complexity-29e461-health3.log,checkout-material,2676014,2678784,~/YeeBois/projects/beep-effect11,owner-unverified,unverified,source retained; archive from owner checkout,fleet observation only; archive from the owning checkout,foreign-owner
~/YeeBois/projects/beep-effect11/.beep/complexity-29e461-reflection.log,checkout-material,142,0,~/YeeBois/projects/beep-effect11,owner-unverified,unverified,source retained; archive from owner checkout,fleet observation only; archive from the owning checkout,foreign-owner
~/YeeBois/projects/beep-effect11/.beep/complexity-29e461-security.log,checkout-material,2456,0,~/YeeBois/projects/beep-effect11,owner-unverified,unverified,source retained; archive from owner checkout,fleet observation only; archive from the owning checkout,foreign-owner
~/YeeBois/projects/beep-effect11/.beep/complexity-29e461-audit.log,checkout-material,15368,16384,~/YeeBois/projects/beep-effect11,owner-unverified,unverified,source retained; archive from owner checkout,fleet observation only; archive from the owning checkout,foreign-owner
~/YeeBois/projects/beep-effect11/.beep/complexity-29e461-clean-runs.json,checkout-material,2672,0,~/YeeBois/projects/beep-effect11,owner-unverified,unverified,source retained; archive from owner checkout,fleet observation only; archive from the owning checkout,foreign-owner
~/YeeBois/projects/beep-effect11/.beep/complexity-29e461-cli-handoff.log,checkout-material,238,0,~/YeeBois/projects/beep-effect11,owner-unverified,unverified,source retained; archive from owner checkout,fleet observation only; archive from the owning checkout,foreign-owner
~/YeeBois/projects/beep-effect11/.beep/complexity-29e461-triage-audit.json,checkout-material,12329,16384,~/YeeBois/projects/beep-effect11,owner-unverified,unverified,source retained; archive from owner checkout,fleet observation only; archive from the owning checkout,foreign-owner
~/YeeBois/projects/beep-effect11/.beep/complexity-29e461-storybook-hosted.log,checkout-material,188136,188416,~/YeeBois/projects/beep-effect11,owner-unverified,unverified,source retained; archive from owner checkout,fleet observation only; archive from the owning checkout,foreign-owner
~/YeeBois/projects/beep-effect11/.beep/complexity-29e461-closeout.log,checkout-material,3277,0,~/YeeBois/projects/beep-effect11,owner-unverified,unverified,source retained; archive from owner checkout,fleet observation only; archive from the owning checkout,foreign-owner
~/YeeBois/projects/beep-effect11/.beep/complexity-29e461-greptile-rereview.log,checkout-material,800,0,~/YeeBois/projects/beep-effect11,owner-unverified,unverified,source retained; archive from owner checkout,fleet observation only; archive from the owning checkout,foreign-owner
~/YeeBois/projects/beep-effect11/.beep/complexity-pr-watch8.log,checkout-material,2970,0,~/YeeBois/projects/beep-effect11,owner-unverified,unverified,source retained; archive from owner checkout,fleet observation only; archive from the owning checkout,foreign-owner
~/YeeBois/projects/beep-effect11/.beep/complexity-29e461-closeout-refresh.log,checkout-material,2612,0,~/YeeBois/projects/beep-effect11,owner-unverified,unverified,source retained; archive from owner checkout,fleet observation only; archive from the owning checkout,foreign-owner
~/YeeBois/projects/beep-effect11/.beep/complexity-finalization-plan.md,checkout-material,6107,8192,~/YeeBois/projects/beep-effect11,owner-unverified,unverified,source retained; archive from owner checkout,fleet observation only; archive from the owning checkout,foreign-owner
~/YeeBois/projects/beep-effect11/.beep/complexity-graphical-id-ui-handoff.log,checkout-material,220,0,~/YeeBois/projects/beep-effect11,owner-unverified,unverified,source retained; archive from owner checkout,fleet observation only; archive from the owning checkout,foreign-owner
~/YeeBois/projects/beep-effect11/.beep/complexity-graphical-id-test-types.log,checkout-material,37,0,~/YeeBois/projects/beep-effect11,owner-unverified,unverified,source retained; archive from owner checkout,fleet observation only; archive from the owning checkout,foreign-owner
~/YeeBois/projects/beep-effect11/.beep/complexity-graphical-id-stash.txt,checkout-material,41,0,~/YeeBois/projects/beep-effect11,owner-unverified,unverified,source retained; archive from owner checkout,fleet observation only; archive from the owning checkout,foreign-owner
~/YeeBois/projects/beep-effect11/.beep/complexity-review-publish6.log,checkout-material,237389,237568,~/YeeBois/projects/beep-effect11,owner-unverified,unverified,source retained; archive from owner checkout,fleet observation only; archive from the owning checkout,foreign-owner
~/YeeBois/projects/beep-effect11/.beep/complexity-final-epistemic-handoff.log,checkout-material,241,0,~/YeeBois/projects/beep-effect11,owner-unverified,unverified,source retained; archive from owner checkout,fleet observation only; archive from the owning checkout,foreign-owner
~/YeeBois/projects/beep-effect11/.beep/complexity-final-baseline-write.log,checkout-material,2795468,2797568,~/YeeBois/projects/beep-effect11,owner-unverified,unverified,source retained; archive from owner checkout,fleet observation only; archive from the owning checkout,foreign-owner
~/YeeBois/projects/beep-effect11/.beep/complexity-pr-threads-current.json,checkout-material,34866,36864,~/YeeBois/projects/beep-effect11,owner-unverified,unverified,source retained; archive from owner checkout,fleet observation only; archive from the owning checkout,foreign-owner
~/YeeBois/projects/beep-effect11/.beep/complexity-final-health-1.log,checkout-material,2676139,2678784,~/YeeBois/projects/beep-effect11,owner-unverified,unverified,source retained; archive from owner checkout,fleet observation only; archive from the owning checkout,foreign-owner
~/YeeBois/projects/beep-effect11/.beep/complexity-final-clean-runs.json,checkout-material,2735,0,~/YeeBois/projects/beep-effect11,owner-unverified,unverified,source retained; archive from owner checkout,fleet observation only; archive from the owning checkout,foreign-owner
~/YeeBois/projects/beep-effect11/.beep/complexity-final-health-2.log,checkout-material,2676139,2678784,~/YeeBois/projects/beep-effect11,owner-unverified,unverified,source retained; archive from owner checkout,fleet observation only; archive from the owning checkout,foreign-owner
~/YeeBois/projects/beep-effect11/.beep/complexity-final-health-3.log,checkout-material,2676139,2678784,~/YeeBois/projects/beep-effect11,owner-unverified,unverified,source retained; archive from owner checkout,fleet observation only; archive from the owning checkout,foreign-owner
~/YeeBois/projects/beep-effect11/.beep/complexity-final-tail.log,checkout-material,3022935,3026944,~/YeeBois/projects/beep-effect11,owner-unverified,unverified,source retained; archive from owner checkout,fleet observation only; archive from the owning checkout,foreign-owner
~/YeeBois/projects/beep-effect11/.beep/complexity-final-audit.log,checkout-material,15367,16384,~/YeeBois/projects/beep-effect11,owner-unverified,unverified,source retained; archive from owner checkout,fleet observation only; archive from the owning checkout,foreign-owner
~/YeeBois/projects/beep-effect11/.beep/complexity-final-suppressions.log,checkout-material,53796,57344,~/YeeBois/projects/beep-effect11,owner-unverified,unverified,source retained; archive from owner checkout,fleet observation only; archive from the owning checkout,foreign-owner
~/YeeBois/projects/beep-effect11/.beep/complexity-final-plan-contract.log,checkout-material,210,0,~/YeeBois/projects/beep-effect11,owner-unverified,unverified,source retained; archive from owner checkout,fleet observation only; archive from the owning checkout,foreign-owner
~/YeeBois/projects/beep-effect11/.beep/complexity-final-ci-contract.log,checkout-material,352,0,~/YeeBois/projects/beep-effect11,owner-unverified,unverified,source retained; archive from owner checkout,fleet observation only; archive from the owning checkout,foreign-owner
~/YeeBois/projects/beep-effect11/.beep/complexity-final-reflection.log,checkout-material,142,0,~/YeeBois/projects/beep-effect11,owner-unverified,unverified,source retained; archive from owner checkout,fleet observation only; archive from the owning checkout,foreign-owner
~/YeeBois/projects/beep-effect11/.beep/complexity-final-triage-audit.json,checkout-material,160,0,~/YeeBois/projects/beep-effect11,owner-unverified,unverified,source retained; archive from owner checkout,fleet observation only; archive from the owning checkout,foreign-owner
~/YeeBois/projects/beep-effect11/.beep/complexity-review-publish7.log,checkout-material,4156,8192,~/YeeBois/projects/beep-effect11,owner-unverified,unverified,source retained; archive from owner checkout,fleet observation only; archive from the owning checkout,foreign-owner
~/YeeBois/projects/beep-effect11/.beep/complexity-pr-watch9.log,checkout-material,16320,16384,~/YeeBois/projects/beep-effect11,owner-unverified,unverified,source retained; archive from owner checkout,fleet observation only; archive from the owning checkout,foreign-owner
~/YeeBois/projects/beep-effect11/.beep/complexity-final-committed-health-1.log,checkout-material,2676140,2678784,~/YeeBois/projects/beep-effect11,owner-unverified,unverified,source retained; archive from owner checkout,fleet observation only; archive from the owning checkout,foreign-owner
~/YeeBois/projects/beep-effect11/.beep/complexity-pr-body-current.md,checkout-material,7675,8192,~/YeeBois/projects/beep-effect11,owner-unverified,unverified,source retained; archive from owner checkout,fleet observation only; archive from the owning checkout,foreign-owner
~/YeeBois/projects/beep-effect11/.beep/complexity-final-committed-clean-runs.json,checkout-material,2735,0,~/YeeBois/projects/beep-effect11,owner-unverified,unverified,source retained; archive from owner checkout,fleet observation only; archive from the owning checkout,foreign-owner
~/YeeBois/projects/beep-effect11/.beep/complexity-final-committed-health-2.log,checkout-material,2676140,2678784,~/YeeBois/projects/beep-effect11,owner-unverified,unverified,source retained; archive from owner checkout,fleet observation only; archive from the owning checkout,foreign-owner
~/YeeBois/projects/beep-effect11/.beep/complexity-final-committed-health-3.log,checkout-material,2676140,2678784,~/YeeBois/projects/beep-effect11,owner-unverified,unverified,source retained; archive from owner checkout,fleet observation only; archive from the owning checkout,foreign-owner
~/YeeBois/projects/beep-effect11/.beep/complexity-pr-body-next.md,checkout-material,5771,8192,~/YeeBois/projects/beep-effect11,owner-unverified,unverified,source retained; archive from owner checkout,fleet observation only; archive from the owning checkout,foreign-owner
~/YeeBois/projects/beep-effect11/.beep/complexity-final-closeout-current.log,checkout-material,2704,0,~/YeeBois/projects/beep-effect11,owner-unverified,unverified,source retained; archive from owner checkout,fleet observation only; archive from the owning checkout,foreign-owner
~/YeeBois/projects/beep-effect11/.beep/complexity-final-review-current.json,checkout-material,129,0,~/YeeBois/projects/beep-effect11,owner-unverified,unverified,source retained; archive from owner checkout,fleet observation only; archive from the owning checkout,foreign-owner
~/YeeBois/projects/beep-effect11/.beep/complexity-final-hosted-jobs.json,checkout-material,2365,0,~/YeeBois/projects/beep-effect11,owner-unverified,unverified,source retained; archive from owner checkout,fleet observation only; archive from the owning checkout,foreign-owner
~/YeeBois/projects/beep-effect11/.beep/complexity-final-status-preview.log,checkout-material,411,0,~/YeeBois/projects/beep-effect11,owner-unverified,unverified,source retained; archive from owner checkout,fleet observation only; archive from the owning checkout,foreign-owner
~/YeeBois/projects/beep-effect11/.beep/complexity-graphql-probe.json,checkout-material,129,0,~/YeeBois/projects/beep-effect11,owner-unverified,unverified,source retained; archive from owner checkout,fleet observation only; archive from the owning checkout,foreign-owner
~/YeeBois/projects/beep-effect11/.beep/complexity-graphql-probe.err,checkout-material,59,0,~/YeeBois/projects/beep-effect11,owner-unverified,unverified,source retained; archive from owner checkout,fleet observation only; archive from the owning checkout,foreign-owner
~/YeeBois/projects/beep-effect11/.beep/complexity-rest-watch.py,checkout-material,2230,0,~/YeeBois/projects/beep-effect11,owner-unverified,unverified,source retained; archive from owner checkout,fleet observation only; archive from the owning checkout,foreign-owner
~/YeeBois/projects/beep-effect11/.beep/complexity-rest-watch.log,checkout-material,8003,8192,~/YeeBois/projects/beep-effect11,owner-unverified,unverified,source retained; archive from owner checkout,fleet observation only; archive from the owning checkout,foreign-owner
~/YeeBois/projects/beep-effect11/.beep/complexity-rest-reviews.json,checkout-material,20677,24576,~/YeeBois/projects/beep-effect11,owner-unverified,unverified,source retained; archive from owner checkout,fleet observation only; archive from the owning checkout,foreign-owner
~/YeeBois/projects/beep-effect11/.beep/complexity-rest-comments.json,checkout-material,108986,110592,~/YeeBois/projects/beep-effect11,owner-unverified,unverified,source retained; archive from owner checkout,fleet observation only; archive from the owning checkout,foreign-owner
~/YeeBois/projects/beep-effect11/.beep/complexity-rest-watch-current.json,checkout-material,7035,8192,~/YeeBois/projects/beep-effect11,owner-unverified,unverified,source retained; archive from owner checkout,fleet observation only; archive from the owning checkout,foreign-owner
~/YeeBois/projects/beep-effect11/.beep/complexity-rest-issue-comments.json,checkout-material,18701,20480,~/YeeBois/projects/beep-effect11,owner-unverified,unverified,source retained; archive from owner checkout,fleet observation only; archive from the owning checkout,foreign-owner
~/YeeBois/projects/beep-effect11/.beep/complexity-final-goals-doctor.log,checkout-material,728,0,~/YeeBois/projects/beep-effect11,owner-unverified,unverified,source retained; archive from owner checkout,fleet observation only; archive from the owning checkout,foreign-owner
~/YeeBois/projects/beep-effect11/.beep/complexity-final-packet-references.log,checkout-material,4660,8192,~/YeeBois/projects/beep-effect11,owner-unverified,unverified,source retained; archive from owner checkout,fleet observation only; archive from the owning checkout,foreign-owner
~/YeeBois/projects/beep-effect11/.beep/complexity-graphql-response.txt,checkout-material,1263,0,~/YeeBois/projects/beep-effect11,owner-unverified,unverified,source retained; archive from owner checkout,fleet observation only; archive from the owning checkout,foreign-owner
~/YeeBois/projects/beep-effect11/.beep/complexity-graphql-response.err,checkout-material,0,0,~/YeeBois/projects/beep-effect11,owner-unverified,unverified,source retained; archive from owner checkout,fleet observation only; archive from the owning checkout,foreign-owner
~/YeeBois/projects/beep-effect11/.beep/complexity-pr-watch10.log,checkout-material,2532,0,~/YeeBois/projects/beep-effect11,owner-unverified,unverified,source retained; archive from owner checkout,fleet observation only; archive from the owning checkout,foreign-owner
~/YeeBois/projects/beep-effect11/.beep/complexity-3a5f52d669-closeout.log,checkout-material,2627,0,~/YeeBois/projects/beep-effect11,owner-unverified,unverified,source retained; archive from owner checkout,fleet observation only; archive from the owning checkout,foreign-owner
~/YeeBois/projects/beep-effect11/.beep/complexity-3a5f52d669-hosted-fallow.log,checkout-material,153519,155648,~/YeeBois/projects/beep-effect11,owner-unverified,unverified,source retained; archive from owner checkout,fleet observation only; archive from the owning checkout,foreign-owner
~/YeeBois/projects/beep-effect11/.beep/complexity-closeout-ledger-stash.txt,checkout-material,41,0,~/YeeBois/projects/beep-effect11,owner-unverified,unverified,source retained; archive from owner checkout,fleet observation only; archive from the owning checkout,foreign-owner
~/YeeBois/projects/beep-effect11/.beep/complexity-final-status-write.log,checkout-material,236,0,~/YeeBois/projects/beep-effect11,owner-unverified,unverified,source retained; archive from owner checkout,fleet observation only; archive from the owning checkout,foreign-owner
~/YeeBois/projects/beep-effect11/.beep/complexity-closeout-goals-doctor.log,checkout-material,888,0,~/YeeBois/projects/beep-effect11,owner-unverified,unverified,source retained; archive from owner checkout,fleet observation only; archive from the owning checkout,foreign-owner
~/YeeBois/projects/beep-effect11/.beep/complexity-closeout-reflection.log,checkout-material,142,0,~/YeeBois/projects/beep-effect11,owner-unverified,unverified,source retained; archive from owner checkout,fleet observation only; archive from the owning checkout,foreign-owner
~/YeeBois/projects/beep-effect11/.beep/complexity-closeout-health.log,checkout-material,2676847,2678784,~/YeeBois/projects/beep-effect11,owner-unverified,unverified,source retained; archive from owner checkout,fleet observation only; archive from the owning checkout,foreign-owner
~/YeeBois/projects/beep-effect11/.beep/complexity-closeout-pr-body.md,checkout-material,2159,0,~/YeeBois/projects/beep-effect11,owner-unverified,unverified,source retained; archive from owner checkout,fleet observation only; archive from the owning checkout,foreign-owner
~/YeeBois/projects/beep-effect11/.beep/complexity-pr1030-watch1.log,checkout-material,925,0,~/YeeBois/projects/beep-effect11,owner-unverified,unverified,source retained; archive from owner checkout,fleet observation only; archive from the owning checkout,foreign-owner
~/YeeBois/projects/beep-effect11/.beep/complexity-pr1030-closeout1.log,checkout-material,1533,0,~/YeeBois/projects/beep-effect11,owner-unverified,unverified,source retained; archive from owner checkout,fleet observation only; archive from the owning checkout,foreign-owner
~/YeeBois/projects/beep-effect11/.beep/complexity-pr1030-watch2.log,checkout-material,1826,0,~/YeeBois/projects/beep-effect11,owner-unverified,unverified,source retained; archive from owner checkout,fleet observation only; archive from the owning checkout,foreign-owner
~/YeeBois/projects/beep-effect11/.beep/complexity-pr1030-watch3.log,checkout-material,21237,24576,~/YeeBois/projects/beep-effect11,owner-unverified,unverified,source retained; archive from owner checkout,fleet observation only; archive from the owning checkout,foreign-owner
~/YeeBois/projects/beep-effect11/.beep/complexity-pr1030-threads-current.json,checkout-material,126,0,~/YeeBois/projects/beep-effect11,owner-unverified,unverified,source retained; archive from owner checkout,fleet observation only; archive from the owning checkout,foreign-owner
~/YeeBois/projects/beep-effect11/.beep/complexity-immutable-2026-09-08-reflection.md,checkout-material,8318,12288,~/YeeBois/projects/beep-effect11,owner-unverified,unverified,source retained; archive from owner checkout,fleet observation only; archive from the owning checkout,foreign-owner
~/YeeBois/projects/beep-effect11/.beep/complexity-pr1030-reflection-fix.log,checkout-material,142,0,~/YeeBois/projects/beep-effect11,owner-unverified,unverified,source retained; archive from owner checkout,fleet observation only; archive from the owning checkout,foreign-owner
~/YeeBois/projects/beep-effect11/.beep/complexity-pr1030-doctor-fix.log,checkout-material,888,0,~/YeeBois/projects/beep-effect11,owner-unverified,unverified,source retained; archive from owner checkout,fleet observation only; archive from the owning checkout,foreign-owner
~/YeeBois/projects/beep-effect11/.beep/complexity-pr1030-prior-reply-drafts.json,checkout-material,674,0,~/YeeBois/projects/beep-effect11,owner-unverified,unverified,source retained; archive from owner checkout,fleet observation only; archive from the owning checkout,foreign-owner
~/YeeBois/projects/beep-effect11/.beep/complexity-pr1030-reply1.log,checkout-material,290,0,~/YeeBois/projects/beep-effect11,owner-unverified,unverified,source retained; archive from owner checkout,fleet observation only; archive from the owning checkout,foreign-owner
~/YeeBois/projects/beep-effect11/.beep/complexity-pr1030-closeout2.log,checkout-material,1537,0,~/YeeBois/projects/beep-effect11,owner-unverified,unverified,source retained; archive from owner checkout,fleet observation only; archive from the owning checkout,foreign-owner
~/YeeBois/projects/beep-effect11/.beep/complexity-pr1030-live-body.md,checkout-material,1890,0,~/YeeBois/projects/beep-effect11,owner-unverified,unverified,source retained; archive from owner checkout,fleet observation only; archive from the owning checkout,foreign-owner
~/YeeBois/projects/beep-effect11/.beep/complexity-pr1030-hosted-fallow.log,checkout-material,139191,139264,~/YeeBois/projects/beep-effect11,owner-unverified,unverified,source retained; archive from owner checkout,fleet observation only; archive from the owning checkout,foreign-owner
~/YeeBois/projects/beep-effect11/.beep/complexity-pr1030-hosted-fallow-summary.json,checkout-material,645,0,~/YeeBois/projects/beep-effect11,owner-unverified,unverified,source retained; archive from owner checkout,fleet observation only; archive from the owning checkout,foreign-owner
~/YeeBois/projects/beep-effect11/.beep/complexity-completion-audit-before-final-reconciliation.md,checkout-material,6657,8192,~/YeeBois/projects/beep-effect11,owner-unverified,unverified,source retained; archive from owner checkout,fleet observation only; archive from the owning checkout,foreign-owner
~/YeeBois/projects/beep-effect11/.beep/complexity-pr1030-final-closeout.log,checkout-material,284,0,~/YeeBois/projects/beep-effect11,owner-unverified,unverified,source retained; archive from owner checkout,fleet observation only; archive from the owning checkout,foreign-owner
~/YeeBois/projects/beep-effect11/.beep/complexity-pr1030-final-github.json,checkout-material,10316,12288,~/YeeBois/projects/beep-effect11,owner-unverified,unverified,source retained; archive from owner checkout,fleet observation only; archive from the owning checkout,foreign-owner
~/YeeBois/projects/beep-effect11/.beep/complexity-merged-manifest.json,checkout-material,4977,8192,~/YeeBois/projects/beep-effect11,owner-unverified,unverified,source retained; archive from owner checkout,fleet observation only; archive from the owning checkout,foreign-owner
~/YeeBois/projects/beep-effect11/.beep/complexity-pr1030-final-threads.json,checkout-material,257,0,~/YeeBois/projects/beep-effect11,owner-unverified,unverified,source retained; archive from owner checkout,fleet observation only; archive from the owning checkout,foreign-owner
~/YeeBois/projects/beep-effect11/.beep/complexity-pr1030-final-comments.json,checkout-material,9091,12288,~/YeeBois/projects/beep-effect11,owner-unverified,unverified,source retained; archive from owner checkout,fleet observation only; archive from the owning checkout,foreign-owner
~/YeeBois/projects/beep-effect11/.beep/scratch,checkout-material,9606,8192,~/YeeBois/projects/beep-effect11,owner-unverified,unverified,source retained; archive from owner checkout,fleet observation only; archive from the owning checkout,foreign-owner
~/YeeBois/projects/beep-effect11-worktrees/box-conflict-detail/.beep/fallow,checkout-material,468391,466944,~/YeeBois/projects/beep-effect11-worktrees/box-conflict-detail,owner-unverified,unverified,source retained; archive from owner checkout,fleet observation only; archive from the owning checkout,foreign-owner
~/YeeBois/projects/beep-effect11-worktrees/box-conflict-detail/.beep/yeet/jobs/<run-id>.log,checkout-jobs,1264518,1265664,~/YeeBois/projects/beep-effect11-worktrees/box-conflict-detail,owner-unverified,unverified,source retained; archive from owner checkout,fleet observation only; archive from the owning checkout,foreign-owner
~/YeeBois/projects/beep-effect11-worktrees/box-conflict-detail/.beep/yeet/jobs/<run-id>.json,checkout-jobs,2455,0,~/YeeBois/projects/beep-effect11-worktrees/box-conflict-detail,owner-unverified,unverified,source retained; archive from owner checkout,fleet observation only; archive from the owning checkout,foreign-owner
~/YeeBois/projects/beep-effect11-worktrees/box-conflict-detail/.beep/box-onboarding,checkout-material,27640,0,~/YeeBois/projects/beep-effect11-worktrees/box-conflict-detail,owner-unverified,unverified,source retained; archive from owner checkout,fleet observation only; archive from the owning checkout,foreign-owner
~/YeeBois/projects/beep-effect11-worktrees/contradiction-detect/.beep/generate-detection-golden.ts,checkout-material,1213,0,~/YeeBois/projects/beep-effect11-worktrees/contradiction-detect,owner-unverified,unverified,source retained; archive from owner checkout,fleet observation only; archive from the owning checkout,foreign-owner
~/YeeBois/projects/beep-effect11-worktrees/contradiction-detect/.beep/detection-domain-proof.sh,checkout-material,470,0,~/YeeBois/projects/beep-effect11-worktrees/contradiction-detect,owner-unverified,unverified,source retained; archive from owner checkout,fleet observation only; archive from the owning checkout,foreign-owner
~/YeeBois/projects/beep-effect11-worktrees/contradiction-detect/.beep/ci/jsdoc-documentation.inventory.jsonc,checkout-generated,19437516,19439616,~/YeeBois/projects/beep-effect11-worktrees/contradiction-detect,owner-unverified,unverified,source retained; archive from owner checkout,fleet observation only; archive from the owning checkout,foreign-owner
~/YeeBois/projects/beep-effect11-worktrees/contradiction-detect/.beep/ci/jsdoc-documentation.inventory.md,checkout-generated,175256,176128,~/YeeBois/projects/beep-effect11-worktrees/contradiction-detect,owner-unverified,unverified,source retained; archive from owner checkout,fleet observation only; archive from the owning checkout,foreign-owner
~/YeeBois/projects/beep-effect11-worktrees/contradiction-detect/.beep/detection-proof,checkout-material,4269267,4358144,~/YeeBois/projects/beep-effect11-worktrees/contradiction-detect,owner-unverified,unverified,source retained; archive from owner checkout,fleet observation only; archive from the owning checkout,foreign-owner
~/YeeBois/projects/beep-effect11-worktrees/contradiction-detect/.beep/detection-doctest-use-cases.json,checkout-material,461,0,~/YeeBois/projects/beep-effect11-worktrees/contradiction-detect,owner-unverified,unverified,source retained; archive from owner checkout,fleet observation only; archive from the owning checkout,foreign-owner
~/YeeBois/projects/beep-effect11-worktrees/contradiction-detect/.beep/detection-doctest-domain.json,checkout-material,465,0,~/YeeBois/projects/beep-effect11-worktrees/contradiction-detect,owner-unverified,unverified,source retained; archive from owner checkout,fleet observation only; archive from the owning checkout,foreign-owner
~/YeeBois/projects/beep-effect11-worktrees/contradiction-detect/.beep/detection-doctest-domain-mark.json,checkout-material,10820,12288,~/YeeBois/projects/beep-effect11-worktrees/contradiction-detect,owner-unverified,unverified,source retained; archive from owner checkout,fleet observation only; archive from the owning checkout,foreign-owner
~/YeeBois/projects/beep-effect11-worktrees/contradiction-detect/.beep/detection-doctest-use-cases-mark.json,checkout-material,4134,8192,~/YeeBois/projects/beep-effect11-worktrees/contradiction-detect,owner-unverified,unverified,source retained; archive from owner checkout,fleet observation only; archive from the owning checkout,foreign-owner
~/YeeBois/projects/beep-effect11-worktrees/contradiction-detect/.beep/detection-use-cases-proof.sh,checkout-material,873,0,~/YeeBois/projects/beep-effect11-worktrees/contradiction-detect,owner-unverified,unverified,source retained; archive from owner checkout,fleet observation only; archive from the owning checkout,foreign-owner
~/YeeBois/projects/beep-effect11-worktrees/contradiction-detect/.beep/yeet/jobs/<run-id>.log,checkout-jobs,32009,32768,~/YeeBois/projects/beep-effect11-worktrees/contradiction-detect,owner-unverified,unverified,source retained; archive from owner checkout,fleet observation only; archive from the owning checkout,foreign-owner
~/YeeBois/projects/beep-effect11-worktrees/contradiction-detect/.beep/yeet/jobs/<run-id>.json,checkout-jobs,2372,0,~/YeeBois/projects/beep-effect11-worktrees/contradiction-detect,owner-unverified,unverified,source retained; archive from owner checkout,fleet observation only; archive from the owning checkout,foreign-owner
~/YeeBois/projects/beep-effect11-worktrees/contradiction-detect/.beep/detection-units.json,checkout-material,28769,32768,~/YeeBois/projects/beep-effect11-worktrees/contradiction-detect,owner-unverified,unverified,source retained; archive from owner checkout,fleet observation only; archive from the owning checkout,foreign-owner
~/YeeBois/projects/beep-effect11-worktrees/contradiction-detect/.beep/fallow,checkout-material,478658,479232,~/YeeBois/projects/beep-effect11-worktrees/contradiction-detect,owner-unverified,unverified,source retained; archive from owner checkout,fleet observation only; archive from the owning checkout,foreign-owner
~/YeeBois/projects/beep-effect11-worktrees/domain-kernel/.beep/domain-kernel-adopt-before.json,checkout-material,4825,8192,~/YeeBois/projects/beep-effect11-worktrees/domain-kernel,owner-unverified,unverified,source retained; archive from owner checkout,fleet observation only; archive from the owning checkout,foreign-owner
~/YeeBois/projects/beep-effect11-worktrees/domain-kernel/.beep/domain-kernel-blast-generated.log,checkout-material,70755,73728,~/YeeBois/projects/beep-effect11-worktrees/domain-kernel,owner-unverified,unverified,source retained; archive from owner checkout,fleet observation only; archive from the owning checkout,foreign-owner
~/YeeBois/projects/beep-effect11-worktrees/domain-kernel/.beep/domain-kernel-adopt-after.json,checkout-material,5646,8192,~/YeeBois/projects/beep-effect11-worktrees/domain-kernel,owner-unverified,unverified,source retained; archive from owner checkout,fleet observation only; archive from the owning checkout,foreign-owner
~/YeeBois/projects/beep-effect11-worktrees/domain-kernel/.beep/domain-kernel-runtime-probe.ts,checkout-material,709,0,~/YeeBois/projects/beep-effect11-worktrees/domain-kernel,owner-unverified,unverified,source retained; archive from owner checkout,fleet observation only; archive from the owning checkout,foreign-owner
~/YeeBois/projects/beep-effect11-worktrees/domain-kernel/.beep/domain-kernel-runtime-probe.log,checkout-material,290,0,~/YeeBois/projects/beep-effect11-worktrees/domain-kernel,owner-unverified,unverified,source retained; archive from owner checkout,fleet observation only; archive from the owning checkout,foreign-owner
~/YeeBois/projects/beep-effect11-worktrees/domain-kernel/.beep/domain-kernel-reflections-p0.log,checkout-material,142,0,~/YeeBois/projects/beep-effect11-worktrees/domain-kernel,owner-unverified,unverified,source retained; archive from owner checkout,fleet observation only; archive from the owning checkout,foreign-owner
~/YeeBois/projects/beep-effect11-worktrees/domain-kernel/.beep/domain-kernel-doctor-p0.log,checkout-material,715,0,~/YeeBois/projects/beep-effect11-worktrees/domain-kernel,owner-unverified,unverified,source retained; archive from owner checkout,fleet observation only; archive from the owning checkout,foreign-owner
~/YeeBois/projects/beep-effect11-worktrees/domain-kernel/.beep/domain-kernel-count-diagnostics.py,checkout-material,724,0,~/YeeBois/projects/beep-effect11-worktrees/domain-kernel,owner-unverified,unverified,source retained; archive from owner checkout,fleet observation only; archive from the owning checkout,foreign-owner
~/YeeBois/projects/beep-effect11-worktrees/domain-kernel/.beep/domain-kernel-blast-field-option.log,checkout-material,548484,548864,~/YeeBois/projects/beep-effect11-worktrees/domain-kernel,owner-unverified,unverified,source retained; archive from owner checkout,fleet observation only; archive from the owning checkout,foreign-owner
~/YeeBois/projects/beep-effect11-worktrees/domain-kernel/.beep/domain-kernel-converter-paths.txt,checkout-material,2046,0,~/YeeBois/projects/beep-effect11-worktrees/domain-kernel,owner-unverified,unverified,source retained; archive from owner checkout,fleet observation only; archive from the owning checkout,foreign-owner
~/YeeBois/projects/beep-effect11-worktrees/domain-kernel/.beep/domain-kernel-prototype.py,checkout-material,1091,0,~/YeeBois/projects/beep-effect11-worktrees/domain-kernel,owner-unverified,unverified,source retained; archive from owner checkout,fleet observation only; archive from the owning checkout,foreign-owner
~/YeeBois/projects/beep-effect11-worktrees/domain-kernel/.beep/domain-kernel-measure.sh,checkout-material,534,0,~/YeeBois/projects/beep-effect11-worktrees/domain-kernel,owner-unverified,unverified,source retained; archive from owner checkout,fleet observation only; archive from the owning checkout,foreign-owner
~/YeeBois/projects/beep-effect11-worktrees/domain-kernel/.beep/domain-kernel-measure.log,checkout-material,38,0,~/YeeBois/projects/beep-effect11-worktrees/domain-kernel,owner-unverified,unverified,source retained; archive from owner checkout,fleet observation only; archive from the owning checkout,foreign-owner
~/YeeBois/projects/beep-effect11-worktrees/domain-kernel/.beep/domain-kernel-blast-field-option-corrected.log,checkout-material,221899,225280,~/YeeBois/projects/beep-effect11-worktrees/domain-kernel,owner-unverified,unverified,source retained; archive from owner checkout,fleet observation only; archive from the owning checkout,foreign-owner
~/YeeBois/projects/beep-effect11-worktrees/domain-kernel/.beep/domain-kernel-blast-field-option-corrected.exit,checkout-material,2,0,~/YeeBois/projects/beep-effect11-worktrees/domain-kernel,owner-unverified,unverified,source retained; archive from owner checkout,fleet observation only; archive from the owning checkout,foreign-owner
~/YeeBois/projects/beep-effect11-worktrees/domain-kernel/.beep/domain-kernel-blast-generated-defaults.log,checkout-material,215532,217088,~/YeeBois/projects/beep-effect11-worktrees/domain-kernel,owner-unverified,unverified,source retained; archive from owner checkout,fleet observation only; archive from the owning checkout,foreign-owner
~/YeeBois/projects/beep-effect11-worktrees/domain-kernel/.beep/domain-kernel-blast-generated-defaults.exit,checkout-material,2,0,~/YeeBois/projects/beep-effect11-worktrees/domain-kernel,owner-unverified,unverified,source retained; archive from owner checkout,fleet observation only; archive from the owning checkout,foreign-owner
~/YeeBois/projects/beep-effect11-worktrees/domain-kernel/.beep/domain-kernel-manifest-p0.json,checkout-material,2824,0,~/YeeBois/projects/beep-effect11-worktrees/domain-kernel,owner-unverified,unverified,source retained; archive from owner checkout,fleet observation only; archive from the owning checkout,foreign-owner
~/YeeBois/projects/beep-effect11-worktrees/domain-kernel/.beep/domain-kernel-anchor-p0.log,checkout-material,4903,8192,~/YeeBois/projects/beep-effect11-worktrees/domain-kernel,owner-unverified,unverified,source retained; archive from owner checkout,fleet observation only; archive from the owning checkout,foreign-owner
~/YeeBois/projects/beep-effect11-worktrees/domain-kernel/.beep/domain-kernel-reflections-p0-final.log,checkout-material,142,0,~/YeeBois/projects/beep-effect11-worktrees/domain-kernel,owner-unverified,unverified,source retained; archive from owner checkout,fleet observation only; archive from the owning checkout,foreign-owner
~/YeeBois/projects/beep-effect11-worktrees/domain-kernel/.beep/domain-kernel-doctor-p0-final.log,checkout-material,715,0,~/YeeBois/projects/beep-effect11-worktrees/domain-kernel,owner-unverified,unverified,source retained; archive from owner checkout,fleet observation only; archive from the owning checkout,foreign-owner
~/YeeBois/projects/beep-effect11-worktrees/domain-kernel/.beep/domain-kernel-publish-p0.log,checkout-material,38,0,~/YeeBois/projects/beep-effect11-worktrees/domain-kernel,owner-unverified,unverified,source retained; archive from owner checkout,fleet observation only; archive from the owning checkout,foreign-owner
~/YeeBois/projects/beep-effect11-worktrees/m365-contacts/.beep/m365-contacts,checkout-material,841966,851968,~/YeeBois/projects/beep-effect11-worktrees/m365-contacts,owner-unverified,unverified,source retained; archive from owner checkout,fleet observation only; archive from the owning checkout,foreign-owner
~/YeeBois/projects/beep-effect11-worktrees/m365-outbox-slice3/.beep/yeet/jobs/<run-id>.log,checkout-jobs,15617,16384,~/YeeBois/projects/beep-effect11-worktrees/m365-outbox-slice3,owner-unverified,unverified,source retained; archive from owner checkout,fleet observation only; archive from the owning checkout,foreign-owner
~/YeeBois/projects/beep-effect11-worktrees/m365-outbox-slice3/.beep/yeet/jobs/<run-id>.json,checkout-jobs,2208,0,~/YeeBois/projects/beep-effect11-worktrees/m365-outbox-slice3,owner-unverified,unverified,source retained; archive from owner checkout,fleet observation only; archive from the owning checkout,foreign-owner
~/YeeBois/projects/beep-effect11-worktrees/m365-outbox-slice3/.beep/fallow,checkout-material,464312,462848,~/YeeBois/projects/beep-effect11-worktrees/m365-outbox-slice3,owner-unverified,unverified,source retained; archive from owner checkout,fleet observation only; archive from the owning checkout,foreign-owner
~/YeeBois/projects/beep-effect11-worktrees/main-inherited-reds/.beep/ci/jsdoc-documentation.inventory.jsonc,checkout-generated,18457551,18460672,~/YeeBois/projects/beep-effect11-worktrees/main-inherited-reds,owner-unverified,unverified,source retained; archive from owner checkout,fleet observation only; archive from the owning checkout,foreign-owner
~/YeeBois/projects/beep-effect11-worktrees/main-inherited-reds/.beep/ci/jsdoc-documentation.inventory.md,checkout-generated,307756,311296,~/YeeBois/projects/beep-effect11-worktrees/main-inherited-reds,owner-unverified,unverified,source retained; archive from owner checkout,fleet observation only; archive from the owning checkout,foreign-owner
~/YeeBois/projects/beep-effect11-worktrees/oa-slice/.beep/oa-slice-private,checkout-material,20383860,20525056,~/YeeBois/projects/beep-effect11-worktrees/oa-slice,owner-unverified,unverified,source retained; archive from owner checkout,fleet observation only; archive from the owning checkout,foreign-owner
~/YeeBois/projects/beep-effect11-worktrees/oa-slice/.beep/yeet/jobs/<run-id>.log,checkout-jobs,131769,131072,~/YeeBois/projects/beep-effect11-worktrees/oa-slice,owner-unverified,unverified,source retained; archive from owner checkout,fleet observation only; archive from the owning checkout,foreign-owner
~/YeeBois/projects/beep-effect11-worktrees/oa-slice/.beep/yeet/jobs/<run-id>.json,checkout-jobs,1865,0,~/YeeBois/projects/beep-effect11-worktrees/oa-slice,owner-unverified,unverified,source retained; archive from owner checkout,fleet observation only; archive from the owning checkout,foreign-owner
~/YeeBois/projects/beep-effect11-worktrees/oa-slice/.beep/fallow,checkout-material,478461,475136,~/YeeBois/projects/beep-effect11-worktrees/oa-slice,owner-unverified,unverified,source retained; archive from owner checkout,fleet observation only; archive from the owning checkout,foreign-owner
~/YeeBois/projects/beep-effect11-worktrees/osv-postcss-selector-parser/.beep/fallow,checkout-material,432407,430080,~/YeeBois/projects/beep-effect11-worktrees/osv-postcss-selector-parser,owner-unverified,unverified,source retained; archive from owner checkout,fleet observation only; archive from the owning checkout,foreign-owner
~/YeeBois/projects/beep-effect11-worktrees/secret-scrub/.beep/secret-scrub,checkout-material,11028371,11231232,~/YeeBois/projects/beep-effect11-worktrees/secret-scrub,owner-unverified,unverified,source retained; archive from owner checkout,fleet observation only; archive from the owning checkout,foreign-owner
~/YeeBois/projects/beep-effect11-worktrees/secret-scrub/.beep/yeet/jobs/<run-id>.log,checkout-jobs,313946,311296,~/YeeBois/projects/beep-effect11-worktrees/secret-scrub,owner-unverified,unverified,source retained; archive from owner checkout,fleet observation only; archive from the owning checkout,foreign-owner
~/YeeBois/projects/beep-effect11-worktrees/secret-scrub/.beep/yeet/jobs/<run-id>.json,checkout-jobs,1850,0,~/YeeBois/projects/beep-effect11-worktrees/secret-scrub,owner-unverified,unverified,source retained; archive from owner checkout,fleet observation only; archive from the owning checkout,foreign-owner
~/YeeBois/projects/beep-effect11-worktrees/secret-scrub/.beep/fallow,checkout-material,478565,479232,~/YeeBois/projects/beep-effect11-worktrees/secret-scrub,owner-unverified,unverified,source retained; archive from owner checkout,fleet observation only; archive from the owning checkout,foreign-owner
~/YeeBois/projects/beep-effect11-worktrees/semantic-m2m3/.beep/semantic-m2m3-scratch,checkout-material,1028083,974848,~/YeeBois/projects/beep-effect11-worktrees/semantic-m2m3,owner-unverified,unverified,source retained; archive from owner checkout,fleet observation only; archive from the owning checkout,foreign-owner
~/YeeBois/projects/beep-effect11-worktrees/shell-quote-fix/.beep/yeet/jobs/<run-id>.log,checkout-jobs,442640,446464,~/YeeBois/projects/beep-effect11-worktrees/shell-quote-fix,owner-unverified,unverified,source retained; archive from owner checkout,fleet observation only; archive from the owning checkout,foreign-owner
~/YeeBois/projects/beep-effect11-worktrees/shell-quote-fix/.beep/yeet/jobs/<run-id>.json,checkout-jobs,2184,0,~/YeeBois/projects/beep-effect11-worktrees/shell-quote-fix,owner-unverified,unverified,source retained; archive from owner checkout,fleet observation only; archive from the owning checkout,foreign-owner
~/YeeBois/projects/beep-effect11-worktrees/shell-quote-fix/.beep/fallow,checkout-material,453513,454656,~/YeeBois/projects/beep-effect11-worktrees/shell-quote-fix,owner-unverified,unverified,source retained; archive from owner checkout,fleet observation only; archive from the owning checkout,foreign-owner
~/YeeBois/projects/beep-effect11-worktrees/spar-wire/.beep/spar-upstream,checkout-material,532893,552960,~/YeeBois/projects/beep-effect11-worktrees/spar-wire,owner-unverified,unverified,source retained; archive from owner checkout,fleet observation only; archive from the owning checkout,foreign-owner
~/YeeBois/projects/beep-effect11-worktrees/spar-wire/.beep/spar-author.py,checkout-material,6963,8192,~/YeeBois/projects/beep-effect11-worktrees/spar-wire,owner-unverified,unverified,source retained; archive from owner checkout,fleet observation only; archive from the owning checkout,foreign-owner
~/YeeBois/projects/beep-effect11-worktrees/spar-wire/.beep/spar-pins.json,checkout-material,2324,0,~/YeeBois/projects/beep-effect11-worktrees/spar-wire,owner-unverified,unverified,source retained; archive from owner checkout,fleet observation only; archive from the owning checkout,foreign-owner
~/YeeBois/projects/beep-effect11-worktrees/spar-wire/.beep/spar-target-author.py,checkout-material,7335,8192,~/YeeBois/projects/beep-effect11-worktrees/spar-wire,owner-unverified,unverified,source retained; archive from owner checkout,fleet observation only; archive from the owning checkout,foreign-owner
~/YeeBois/projects/beep-effect11-worktrees/spar-wire/.beep/spar-surface-author.py,checkout-material,4196,8192,~/YeeBois/projects/beep-effect11-worktrees/spar-wire,owner-unverified,unverified,source retained; archive from owner checkout,fleet observation only; archive from the owning checkout,foreign-owner
~/YeeBois/projects/beep-effect11-worktrees/spar-wire/.beep/spar-logs,checkout-material,2047088,2039808,~/YeeBois/projects/beep-effect11-worktrees/spar-wire,owner-unverified,unverified,source retained; archive from owner checkout,fleet observation only; archive from the owning checkout,foreign-owner
~/YeeBois/projects/beep-effect11-worktrees/spar-wire/.beep/spar-static-gates.sh,checkout-material,376,0,~/YeeBois/projects/beep-effect11-worktrees/spar-wire,owner-unverified,unverified,source retained; archive from owner checkout,fleet observation only; archive from the owning checkout,foreign-owner
~/YeeBois/projects/beep-effect11-worktrees/spar-wire/.beep/spar-codec-smoke.ts,checkout-material,1046,0,~/YeeBois/projects/beep-effect11-worktrees/spar-wire,owner-unverified,unverified,source retained; archive from owner checkout,fleet observation only; archive from the owning checkout,foreign-owner
~/YeeBois/projects/beep-effect11-worktrees/spar-wire/.beep/spar-proof.sh,checkout-material,2196,0,~/YeeBois/projects/beep-effect11-worktrees/spar-wire,owner-unverified,unverified,source retained; archive from owner checkout,fleet observation only; archive from the owning checkout,foreign-owner
~/YeeBois/projects/beep-effect11-worktrees/spar-wire/.beep/spar-parity.sh,checkout-material,489,0,~/YeeBois/projects/beep-effect11-worktrees/spar-wire,owner-unverified,unverified,source retained; archive from owner checkout,fleet observation only; archive from the owning checkout,foreign-owner
~/YeeBois/projects/beep-effect11-worktrees/spar-wire/.beep/spar-commit-message.txt,checkout-material,384,0,~/YeeBois/projects/beep-effect11-worktrees/spar-wire,owner-unverified,unverified,source retained; archive from owner checkout,fleet observation only; archive from the owning checkout,foreign-owner
~/YeeBois/projects/beep-effect11-worktrees/spar-wire/.beep/spar-rerun.sh,checkout-material,1810,0,~/YeeBois/projects/beep-effect11-worktrees/spar-wire,owner-unverified,unverified,source retained; archive from owner checkout,fleet observation only; archive from the owning checkout,foreign-owner
~/YeeBois/projects/beep-effect11-worktrees/spar-wire/.beep/spar-coverage,checkout-material,1677,0,~/YeeBois/projects/beep-effect11-worktrees/spar-wire,owner-unverified,unverified,source retained; archive from owner checkout,fleet observation only; archive from the owning checkout,foreign-owner
~/YeeBois/projects/beep-effect11-worktrees/spar-wire/.beep/ci/jsdoc-documentation.inventory.jsonc,checkout-generated,19451033,19451904,~/YeeBois/projects/beep-effect11-worktrees/spar-wire,owner-unverified,unverified,source retained; archive from owner checkout,fleet observation only; archive from the owning checkout,foreign-owner
~/YeeBois/projects/beep-effect11-worktrees/spar-wire/.beep/ci/jsdoc-documentation.inventory.md,checkout-generated,175329,176128,~/YeeBois/projects/beep-effect11-worktrees/spar-wire,owner-unverified,unverified,source retained; archive from owner checkout,fleet observation only; archive from the owning checkout,foreign-owner
~/YeeBois/projects/beep-effect11-worktrees/spar-wire/.beep/fallow,checkout-material,489514,487424,~/YeeBois/projects/beep-effect11-worktrees/spar-wire,owner-unverified,unverified,source retained; archive from owner checkout,fleet observation only; archive from the owning checkout,foreign-owner
~/YeeBois/projects/beep-effect11-worktrees/spar-wire/.beep/spar-parity-rerun.sh,checkout-material,436,0,~/YeeBois/projects/beep-effect11-worktrees/spar-wire,owner-unverified,unverified,source retained; archive from owner checkout,fleet observation only; archive from the owning checkout,foreign-owner
~/YeeBois/projects/beep-effect11-worktrees/spar-wire/.beep/spar-final-gates.sh,checkout-material,726,0,~/YeeBois/projects/beep-effect11-worktrees/spar-wire,owner-unverified,unverified,source retained; archive from owner checkout,fleet observation only; archive from the owning checkout,foreign-owner
~/YeeBois/projects/beep-effect11-worktrees/spar-wire/.beep/spar-reflection.md,checkout-material,4512,8192,~/YeeBois/projects/beep-effect11-worktrees/spar-wire,owner-unverified,unverified,source retained; archive from owner checkout,fleet observation only; archive from the owning checkout,foreign-owner
~/YeeBois/projects/beep-effect11-worktrees/spar-wire/.beep/spar-publish.sh,checkout-material,243,0,~/YeeBois/projects/beep-effect11-worktrees/spar-wire,owner-unverified,unverified,source retained; archive from owner checkout,fleet observation only; archive from the owning checkout,foreign-owner
~/YeeBois/projects/beep-effect11/.claude/worktrees/agent-a8afbd43f8c2b3a4b/.beep/yeet/jobs/<run-id>.log,checkout-jobs,748121,749568,~/YeeBois/projects/beep-effect11/.claude/worktrees/agent-a8afbd43f8c2b3a4b,owner-unverified,unverified,source retained; archive from owner checkout,fleet observation only; archive from the owning checkout,foreign-owner
~/YeeBois/projects/beep-effect11/.claude/worktrees/agent-a8afbd43f8c2b3a4b/.beep/yeet/jobs/<run-id>.json,checkout-jobs,2257,0,~/YeeBois/projects/beep-effect11/.claude/worktrees/agent-a8afbd43f8c2b3a4b,owner-unverified,unverified,source retained; archive from owner checkout,fleet observation only; archive from the owning checkout,foreign-owner
~/YeeBois/projects/beep-effect11/.claude/worktrees/agent-a8afbd43f8c2b3a4b/.beep/fallow,checkout-material,448254,446464,~/YeeBois/projects/beep-effect11/.claude/worktrees/agent-a8afbd43f8c2b3a4b,owner-unverified,unverified,source retained; archive from owner checkout,fleet observation only; archive from the owning checkout,foreign-owner
~/YeeBois/projects/beep-effect11/.claude/worktrees/eloquent-neumann-517058/.beep/yeet/jobs/<run-id>.log,checkout-jobs,32720,32768,~/YeeBois/projects/beep-effect11/.claude/worktrees/eloquent-neumann-517058,owner-unverified,unverified,source retained; archive from owner checkout,fleet observation only; archive from the owning checkout,foreign-owner
~/YeeBois/projects/beep-effect11/.claude/worktrees/eloquent-neumann-517058/.beep/yeet/jobs/<run-id>.json,checkout-jobs,2275,0,~/YeeBois/projects/beep-effect11/.claude/worktrees/eloquent-neumann-517058,owner-unverified,unverified,source retained; archive from owner checkout,fleet observation only; archive from the owning checkout,foreign-owner
~/YeeBois/projects/beep-effect11/.claude/worktrees/eloquent-neumann-517058/.beep/fallow,checkout-material,442758,442368,~/YeeBois/projects/beep-effect11/.claude/worktrees/eloquent-neumann-517058,owner-unverified,unverified,source retained; archive from owner checkout,fleet observation only; archive from the owning checkout,foreign-owner
~/YeeBois/projects/beep-effect11/.claude/worktrees/quirky-villani-a37f12/.beep/yeet/jobs/<run-id>.log,checkout-jobs,253968,258048,~/YeeBois/projects/beep-effect11/.claude/worktrees/quirky-villani-a37f12,owner-unverified,unverified,source retained; archive from owner checkout,fleet observation only; archive from the owning checkout,foreign-owner
~/YeeBois/projects/beep-effect11/.claude/worktrees/quirky-villani-a37f12/.beep/yeet/jobs/<run-id>.json,checkout-jobs,2269,0,~/YeeBois/projects/beep-effect11/.claude/worktrees/quirky-villani-a37f12,owner-unverified,unverified,source retained; archive from owner checkout,fleet observation only; archive from the owning checkout,foreign-owner
~/YeeBois/projects/beep-effect11/.claude/worktrees/quirky-villani-a37f12/.beep/fallow,checkout-material,444844,442368,~/YeeBois/projects/beep-effect11/.claude/worktrees/quirky-villani-a37f12,owner-unverified,unverified,source retained; archive from owner checkout,fleet observation only; archive from the owning checkout,foreign-owner
~/YeeBois/projects/beep-effect12/.beep/fallow,checkout-material,361082,360448,~/YeeBois/projects/beep-effect12,owner-unverified,unverified,source retained; archive from owner checkout,fleet observation only; archive from the owning checkout,foreign-owner
~/YeeBois/projects/beep-effect12/.beep/ci/jsdoc-documentation.inventory.jsonc,checkout-generated,21795592,21798912,~/YeeBois/projects/beep-effect12,owner-unverified,unverified,source retained; archive from owner checkout,fleet observation only; archive from the owning checkout,foreign-owner
~/YeeBois/projects/beep-effect12/.beep/ci/jsdoc-documentation.inventory.md,checkout-generated,401505,405504,~/YeeBois/projects/beep-effect12,owner-unverified,unverified,source retained; archive from owner checkout,fleet observation only; archive from the owning checkout,foreign-owner
~/YeeBois/projects/beep-effect12/.beep/handoff-candor-gate-session-closeout.md,checkout-material,8027,8192,~/YeeBois/projects/beep-effect12,owner-unverified,unverified,source retained; archive from owner checkout,fleet observation only; archive from the owning checkout,foreign-owner
~/YeeBois/projects/beep-effect12/.beep/security-package-verify.log,checkout-material,227,0,~/YeeBois/projects/beep-effect12,owner-unverified,unverified,source retained; archive from owner checkout,fleet observation only; archive from the owning checkout,foreign-owner
~/YeeBois/projects/beep-effect12/.beep/security-pr-body.md,checkout-material,1908,0,~/YeeBois/projects/beep-effect12,owner-unverified,unverified,source retained; archive from owner checkout,fleet observation only; archive from the owning checkout,foreign-owner
~/YeeBois/projects/beep-effect12/.beep/security-ai-sync-verify.log,checkout-material,229,0,~/YeeBois/projects/beep-effect12,owner-unverified,unverified,source retained; archive from owner checkout,fleet observation only; archive from the owning checkout,foreign-owner
~/YeeBois/projects/beep-effect12/.beep/security-install.log,checkout-material,939,0,~/YeeBois/projects/beep-effect12,owner-unverified,unverified,source retained; archive from owner checkout,fleet observation only; archive from the owning checkout,foreign-owner
~/YeeBois/projects/beep-effect12/.beep/security-yeet-repair.log,checkout-material,186860,188416,~/YeeBois/projects/beep-effect12,owner-unverified,unverified,source retained; archive from owner checkout,fleet observation only; archive from the owning checkout,foreign-owner
~/YeeBois/projects/beep-effect12/.beep/security-handoff.json,checkout-material,4537,8192,~/YeeBois/projects/beep-effect12,owner-unverified,unverified,source retained; archive from owner checkout,fleet observation only; archive from the owning checkout,foreign-owner
~/YeeBois/projects/beep-effect12/.beep/security-yeet-repair-final.log,checkout-material,5720,8192,~/YeeBois/projects/beep-effect12,owner-unverified,unverified,source retained; archive from owner checkout,fleet observation only; archive from the owning checkout,foreign-owner
~/YeeBois/projects/beep-effect12/.beep/security-lane-proof-tests.log,checkout-material,277,0,~/YeeBois/projects/beep-effect12,owner-unverified,unverified,source retained; archive from owner checkout,fleet observation only; archive from the owning checkout,foreign-owner
~/YeeBois/projects/beep-effect12/.beep/security-refresh-tests.log,checkout-material,263,0,~/YeeBois/projects/beep-effect12,owner-unverified,unverified,source retained; archive from owner checkout,fleet observation only; archive from the owning checkout,foreign-owner
~/YeeBois/projects/beep-effect12/.beep/security-goals-index.log,checkout-material,106,0,~/YeeBois/projects/beep-effect12,owner-unverified,unverified,source retained; archive from owner checkout,fleet observation only; archive from the owning checkout,foreign-owner
~/YeeBois/projects/beep-effect12/.beep/security-package-verify-updated.log,checkout-material,227,0,~/YeeBois/projects/beep-effect12,owner-unverified,unverified,source retained; archive from owner checkout,fleet observation only; archive from the owning checkout,foreign-owner
~/YeeBois/projects/beep-effect12/.beep/security-yeet-publish.log,checkout-material,2286,0,~/YeeBois/projects/beep-effect12,owner-unverified,unverified,source retained; archive from owner checkout,fleet observation only; archive from the owning checkout,foreign-owner
~/YeeBois/projects/beep-effect12/.beep/security-ai-sync-merge-proof.log,checkout-material,229,0,~/YeeBois/projects/beep-effect12,owner-unverified,unverified,source retained; archive from owner checkout,fleet observation only; archive from the owning checkout,foreign-owner
~/YeeBois/projects/beep-effect12/.beep/security-yeet-publish-final.log,checkout-material,172422,176128,~/YeeBois/projects/beep-effect12,owner-unverified,unverified,source retained; archive from owner checkout,fleet observation only; archive from the owning checkout,foreign-owner
~/YeeBois/projects/beep-effect12/.beep/security-pr-live.json,checkout-material,3209,0,~/YeeBois/projects/beep-effect12,owner-unverified,unverified,source retained; archive from owner checkout,fleet observation only; archive from the owning checkout,foreign-owner
~/YeeBois/projects/beep-effect12/.beep/security-pr-monitor.log,checkout-material,937,0,~/YeeBois/projects/beep-effect12,owner-unverified,unverified,source retained; archive from owner checkout,fleet observation only; archive from the owning checkout,foreign-owner
~/YeeBois/projects/beep-effect12/.beep/security-pr-final-body.md,checkout-material,4084,0,~/YeeBois/projects/beep-effect12,owner-unverified,unverified,source retained; archive from owner checkout,fleet observation only; archive from the owning checkout,foreign-owner
~/YeeBois/projects/beep-effect12/.beep/security-docgen-ci.log,checkout-material,76912,77824,~/YeeBois/projects/beep-effect12,owner-unverified,unverified,source retained; archive from owner checkout,fleet observation only; archive from the owning checkout,foreign-owner
~/YeeBois/projects/beep-effect12/.beep/security-freshbooks-docgen-proof.log,checkout-material,231,0,~/YeeBois/projects/beep-effect12,owner-unverified,unverified,source retained; archive from owner checkout,fleet observation only; archive from the owning checkout,foreign-owner
~/YeeBois/projects/beep-effect12/.beep/security-pr-monitor-2.log,checkout-material,496,0,~/YeeBois/projects/beep-effect12,owner-unverified,unverified,source retained; archive from owner checkout,fleet observation only; archive from the owning checkout,foreign-owner
~/YeeBois/projects/beep-effect12/.beep/security-docgen-local-proof.log,checkout-material,1653,0,~/YeeBois/projects/beep-effect12,owner-unverified,unverified,source retained; archive from owner checkout,fleet observation only; archive from the owning checkout,foreign-owner
~/YeeBois/projects/beep-effect12/.beep/security-closeout.log,checkout-material,3822,0,~/YeeBois/projects/beep-effect12,owner-unverified,unverified,source retained; archive from owner checkout,fleet observation only; archive from the owning checkout,foreign-owner
~/YeeBois/projects/beep-effect12/.beep/security-economics-review-proof.log,checkout-material,115,0,~/YeeBois/projects/beep-effect12,owner-unverified,unverified,source retained; archive from owner checkout,fleet observation only; archive from the owning checkout,foreign-owner
~/YeeBois/projects/beep-effect12/.beep/security-worktree-review-proof.log,checkout-ledgers,1369,0,~/YeeBois/projects/beep-effect12,owner-unverified,unverified,source retained; archive from owner checkout,fleet observation only; archive from the owning checkout,foreign-owner
~/YeeBois/projects/beep-effect12/.beep/security-fleet-review-proof.log,checkout-material,264,0,~/YeeBois/projects/beep-effect12,owner-unverified,unverified,source retained; archive from owner checkout,fleet observation only; archive from the owning checkout,foreign-owner
~/YeeBois/projects/beep-effect12/.beep/security-cli-review-package-proof.log,checkout-material,227,0,~/YeeBois/projects/beep-effect12,owner-unverified,unverified,source retained; archive from owner checkout,fleet observation only; archive from the owning checkout,foreign-owner
~/YeeBois/projects/beep-effect12/.beep/security-pr-current-checks.json,checkout-material,6187,8192,~/YeeBois/projects/beep-effect12,owner-unverified,unverified,source retained; archive from owner checkout,fleet observation only; archive from the owning checkout,foreign-owner
~/YeeBois/projects/beep-effect12/.beep/security-main-merge-commit.log,checkout-material,1518,0,~/YeeBois/projects/beep-effect12,owner-unverified,unverified,source retained; archive from owner checkout,fleet observation only; archive from the owning checkout,foreign-owner
~/YeeBois/projects/beep-effect12/.beep/security-packet-format.log,checkout-material,746,0,~/YeeBois/projects/beep-effect12,owner-unverified,unverified,source retained; archive from owner checkout,fleet observation only; archive from the owning checkout,foreign-owner
~/YeeBois/projects/beep-effect12/.beep/security-yeet-publish-reviews.log,checkout-material,7539,8192,~/YeeBois/projects/beep-effect12,owner-unverified,unverified,source retained; archive from owner checkout,fleet observation only; archive from the owning checkout,foreign-owner
~/YeeBois/projects/beep-effect12/.beep/security-review-replies.log,checkout-material,368,0,~/YeeBois/projects/beep-effect12,owner-unverified,unverified,source retained; archive from owner checkout,fleet observation only; archive from the owning checkout,foreign-owner
~/YeeBois/projects/beep-effect12/.beep/security-pr-monitor-3.log,checkout-material,5077,8192,~/YeeBois/projects/beep-effect12,owner-unverified,unverified,source retained; archive from owner checkout,fleet observation only; archive from the owning checkout,foreign-owner
~/YeeBois/projects/beep-effect12/.beep/security-status-review-wave.log,checkout-material,2453,0,~/YeeBois/projects/beep-effect12,owner-unverified,unverified,source retained; archive from owner checkout,fleet observation only; archive from the owning checkout,foreign-owner
~/YeeBois/projects/beep-effect12/.beep/security-file-url-red.log,checkout-material,4527,8192,~/YeeBois/projects/beep-effect12,owner-unverified,unverified,source retained; archive from owner checkout,fleet observation only; archive from the owning checkout,foreign-owner
~/YeeBois/projects/beep-effect12/.beep/security-economics-url-proof.log,checkout-material,116,0,~/YeeBois/projects/beep-effect12,owner-unverified,unverified,source retained; archive from owner checkout,fleet observation only; archive from the owning checkout,foreign-owner
~/YeeBois/projects/beep-effect12/.beep/security-yeet-publish-coverage.log,checkout-material,9025,12288,~/YeeBois/projects/beep-effect12,owner-unverified,unverified,source retained; archive from owner checkout,fleet observation only; archive from the owning checkout,foreign-owner
~/YeeBois/projects/beep-effect12/.beep/security-pr-monitor-4.log,checkout-material,1438,0,~/YeeBois/projects/beep-effect12,owner-unverified,unverified,source retained; archive from owner checkout,fleet observation only; archive from the owning checkout,foreign-owner
~/YeeBois/projects/beep-effect12/.beep/security-review-replies-2.log,checkout-material,482,0,~/YeeBois/projects/beep-effect12,owner-unverified,unverified,source retained; archive from owner checkout,fleet observation only; archive from the owning checkout,foreign-owner
~/YeeBois/projects/beep-effect12/.beep/security-refresh-eleven.log,checkout-material,924,0,~/YeeBois/projects/beep-effect12,owner-unverified,unverified,source retained; archive from owner checkout,fleet observation only; archive from the owning checkout,foreign-owner
~/YeeBois/projects/beep-effect12/.beep/security-status-before-eleven.log,checkout-material,2399,0,~/YeeBois/projects/beep-effect12,owner-unverified,unverified,source retained; archive from owner checkout,fleet observation only; archive from the owning checkout,foreign-owner
~/YeeBois/projects/beep-effect12/.beep/security-yeet-publish-eleven.log,checkout-material,9408,12288,~/YeeBois/projects/beep-effect12,owner-unverified,unverified,source retained; archive from owner checkout,fleet observation only; archive from the owning checkout,foreign-owner
~/YeeBois/projects/beep-effect12/.beep/security-pr-monitor-5.log,checkout-material,1441,0,~/YeeBois/projects/beep-effect12,owner-unverified,unverified,source retained; archive from owner checkout,fleet observation only; archive from the owning checkout,foreign-owner
~/YeeBois/projects/beep-effect12/.beep/security-economics-delimiter-proof.log,checkout-material,116,0,~/YeeBois/projects/beep-effect12,owner-unverified,unverified,source retained; archive from owner checkout,fleet observation only; archive from the owning checkout,foreign-owner
~/YeeBois/projects/beep-effect12/.beep/security-yeet-publish-delimiters.log,checkout-material,5872,8192,~/YeeBois/projects/beep-effect12,owner-unverified,unverified,source retained; archive from owner checkout,fleet observation only; archive from the owning checkout,foreign-owner
~/YeeBois/projects/beep-effect12/.beep/security-pr-body-live.json,checkout-material,0,0,~/YeeBois/projects/beep-effect12,owner-unverified,unverified,source retained; archive from owner checkout,fleet observation only; archive from the owning checkout,foreign-owner
~/YeeBois/projects/beep-effect12/.beep/security-pr-rest.json,checkout-material,21311,24576,~/YeeBois/projects/beep-effect12,owner-unverified,unverified,source retained; archive from owner checkout,fleet observation only; archive from the owning checkout,foreign-owner
~/YeeBois/projects/beep-effect12/.beep/security-cli-eleven-package-proof.log,checkout-material,227,0,~/YeeBois/projects/beep-effect12,owner-unverified,unverified,source retained; archive from owner checkout,fleet observation only; archive from the owning checkout,foreign-owner
~/YeeBois/projects/beep-effect12/.beep/security-graphql-quota.json,checkout-material,80,0,~/YeeBois/projects/beep-effect12,owner-unverified,unverified,source retained; archive from owner checkout,fleet observation only; archive from the owning checkout,foreign-owner
~/YeeBois/projects/beep-effect12/.beep/security-graphql-quota-error.log,checkout-material,0,0,~/YeeBois/projects/beep-effect12,owner-unverified,unverified,source retained; archive from owner checkout,fleet observation only; archive from the owning checkout,foreign-owner
~/YeeBois/projects/beep-effect12/.beep/security-pr-update.json,checkout-material,3278,0,~/YeeBois/projects/beep-effect12,owner-unverified,unverified,source retained; archive from owner checkout,fleet observation only; archive from the owning checkout,foreign-owner
~/YeeBois/projects/beep-effect12/.beep/security-review-comments-rest.json,checkout-material,42092,45056,~/YeeBois/projects/beep-effect12,owner-unverified,unverified,source retained; archive from owner checkout,fleet observation only; archive from the owning checkout,foreign-owner
~/YeeBois/projects/beep-effect12/.beep/security-delimiter-reply.json,checkout-material,262,0,~/YeeBois/projects/beep-effect12,owner-unverified,unverified,source retained; archive from owner checkout,fleet observation only; archive from the owning checkout,foreign-owner
~/YeeBois/projects/beep-effect12/.beep/security-head-checks-rest.json,checkout-material,1910,0,~/YeeBois/projects/beep-effect12,owner-unverified,unverified,source retained; archive from owner checkout,fleet observation only; archive from the owning checkout,foreign-owner
~/YeeBois/projects/beep-effect12/.beep/security-reflection-current-proof.log,checkout-material,142,0,~/YeeBois/projects/beep-effect12,owner-unverified,unverified,source retained; archive from owner checkout,fleet observation only; archive from the owning checkout,foreign-owner
~/YeeBois/projects/beep-effect12/.beep/security-scheduler-current.log,checkout-material,931,0,~/YeeBois/projects/beep-effect12,owner-unverified,unverified,source retained; archive from owner checkout,fleet observation only; archive from the owning checkout,foreign-owner
~/YeeBois/projects/beep-effect12/.beep/security-scheduler-current.json,checkout-material,2084,0,~/YeeBois/projects/beep-effect12,owner-unverified,unverified,source retained; archive from owner checkout,fleet observation only; archive from the owning checkout,foreign-owner
~/YeeBois/projects/beep-effect12/.beep/security-eleven-noop-proof.log,checkout-material,756,0,~/YeeBois/projects/beep-effect12,owner-unverified,unverified,source retained; archive from owner checkout,fleet observation only; archive from the owning checkout,foreign-owner
~/YeeBois/projects/beep-effect12/.beep/security-closeout-after-reset.log,checkout-material,3249,0,~/YeeBois/projects/beep-effect12,owner-unverified,unverified,source retained; archive from owner checkout,fleet observation only; archive from the owning checkout,foreign-owner
~/YeeBois/projects/beep-effect12/.beep/security-pr-monitor-6.log,checkout-material,2476,0,~/YeeBois/projects/beep-effect12,owner-unverified,unverified,source retained; archive from owner checkout,fleet observation only; archive from the owning checkout,foreign-owner
~/YeeBois/projects/beep-effect12/.beep/security-yeet-publish-windows.log,checkout-material,26169,28672,~/YeeBois/projects/beep-effect12,owner-unverified,unverified,source retained; archive from owner checkout,fleet observation only; archive from the owning checkout,foreign-owner
~/YeeBois/projects/beep-effect12/.beep/security-cli-review-quick-proof.log,checkout-material,238,0,~/YeeBois/projects/beep-effect12,owner-unverified,unverified,source retained; archive from owner checkout,fleet observation only; archive from the owning checkout,foreign-owner
~/YeeBois/projects/beep-effect12/.beep/security-pr-monitor-7.log,checkout-material,779,0,~/YeeBois/projects/beep-effect12,owner-unverified,unverified,source retained; archive from owner checkout,fleet observation only; archive from the owning checkout,foreign-owner
~/YeeBois/projects/beep-effect12/.beep/security-review-replies-windows.log,checkout-material,567,0,~/YeeBois/projects/beep-effect12,owner-unverified,unverified,source retained; archive from owner checkout,fleet observation only; archive from the owning checkout,foreign-owner
~/YeeBois/projects/beep-effect12/.beep/security-closeout-reflection.md,checkout-material,5278,8192,~/YeeBois/projects/beep-effect12,owner-unverified,unverified,source retained; archive from owner checkout,fleet observation only; archive from the owning checkout,foreign-owner
~/YeeBois/projects/beep-effect12/.beep/security-closeout-windows.log,checkout-material,2655,0,~/YeeBois/projects/beep-effect12,owner-unverified,unverified,source retained; archive from owner checkout,fleet observation only; archive from the owning checkout,foreign-owner
~/YeeBois/projects/beep-effect12/.beep/security-latest-checks-rest.json,checkout-material,2087,0,~/YeeBois/projects/beep-effect12,owner-unverified,unverified,source retained; archive from owner checkout,fleet observation only; archive from the owning checkout,foreign-owner
~/YeeBois/projects/beep-effect12/.beep/security-graft-layer-package.log,checkout-material,238,0,~/YeeBois/projects/beep-effect12,owner-unverified,unverified,source retained; archive from owner checkout,fleet observation only; archive from the owning checkout,foreign-owner
~/YeeBois/projects/beep-effect12/.beep/security-coverage-949b-failure.log,checkout-material,1627880,1630208,~/YeeBois/projects/beep-effect12,owner-unverified,unverified,source retained; archive from owner checkout,fleet observation only; archive from the owning checkout,foreign-owner
~/YeeBois/projects/beep-effect12/.beep/security-unit-949b-failure.log,checkout-material,265747,266240,~/YeeBois/projects/beep-effect12,owner-unverified,unverified,source retained; archive from owner checkout,fleet observation only; archive from the owning checkout,foreign-owner
~/YeeBois/projects/beep-effect12/.beep/security-yeet-publish-layer.log,checkout-material,2255,0,~/YeeBois/projects/beep-effect12,owner-unverified,unverified,source retained; archive from owner checkout,fleet observation only; archive from the owning checkout,foreign-owner
~/YeeBois/projects/beep-effect12/.beep/security-settings-pre-merge.sha256,checkout-material,65,0,~/YeeBois/projects/beep-effect12,owner-unverified,unverified,source retained; archive from owner checkout,fleet observation only; archive from the owning checkout,foreign-owner
~/YeeBois/projects/beep-effect12/.beep/security-layer-commit.log,checkout-material,1587,0,~/YeeBois/projects/beep-effect12,owner-unverified,unverified,source retained; archive from owner checkout,fleet observation only; archive from the owning checkout,foreign-owner
~/YeeBois/projects/beep-effect12/.beep/security-main-20ad-merge.log,checkout-material,554213,557056,~/YeeBois/projects/beep-effect12,owner-unverified,unverified,source retained; archive from owner checkout,fleet observation only; archive from the owning checkout,foreign-owner
~/YeeBois/projects/beep-effect12/.beep/security-main-20ad-install.log,checkout-material,763,0,~/YeeBois/projects/beep-effect12,owner-unverified,unverified,source retained; archive from owner checkout,fleet observation only; archive from the owning checkout,foreign-owner
~/YeeBois/projects/beep-effect12/.beep/security-scheduler-package.log,checkout-material,238,0,~/YeeBois/projects/beep-effect12,owner-unverified,unverified,source retained; archive from owner checkout,fleet observation only; archive from the owning checkout,foreign-owner
~/YeeBois/projects/beep-effect12/.beep/security-monitor-new-failures.log,checkout-material,12811,16384,~/YeeBois/projects/beep-effect12,owner-unverified,unverified,source retained; archive from owner checkout,fleet observation only; archive from the owning checkout,foreign-owner
~/YeeBois/projects/beep-effect12/.beep/security-yeet-publish-scheduler.log,checkout-material,12343,16384,~/YeeBois/projects/beep-effect12,owner-unverified,unverified,source retained; archive from owner checkout,fleet observation only; archive from the owning checkout,foreign-owner
~/YeeBois/projects/beep-effect12/.beep/security-unit-aggregate-949b-failure.log,checkout-material,2313,0,~/YeeBois/projects/beep-effect12,owner-unverified,unverified,source retained; archive from owner checkout,fleet observation only; archive from the owning checkout,foreign-owner
~/YeeBois/projects/beep-effect12/.beep/security-closeout-scheduler.log,checkout-material,2873,0,~/YeeBois/projects/beep-effect12,owner-unverified,unverified,source retained; archive from owner checkout,fleet observation only; archive from the owning checkout,foreign-owner
~/YeeBois/projects/beep-effect12/.beep/security-inbox-scheduler.log,checkout-material,4715,8192,~/YeeBois/projects/beep-effect12,owner-unverified,unverified,source retained; archive from owner checkout,fleet observation only; archive from the owning checkout,foreign-owner
~/YeeBois/projects/beep-effect12/.beep/security-goals-index-main-20ad.log,checkout-material,106,0,~/YeeBois/projects/beep-effect12,owner-unverified,unverified,source retained; archive from owner checkout,fleet observation only; archive from the owning checkout,foreign-owner
~/YeeBois/projects/beep-effect12/.beep/security-pr-current.json,checkout-material,20944,24576,~/YeeBois/projects/beep-effect12,owner-unverified,unverified,source retained; archive from owner checkout,fleet observation only; archive from the owning checkout,foreign-owner
~/YeeBois/projects/beep-effect12/.beep/security-pr-update-scheduler.json,checkout-material,3877,0,~/YeeBois/projects/beep-effect12,owner-unverified,unverified,source retained; archive from owner checkout,fleet observation only; archive from the owning checkout,foreign-owner
~/YeeBois/projects/beep-effect12/.beep/security-final-packet-format.log,checkout-material,41,0,~/YeeBois/projects/beep-effect12,owner-unverified,unverified,source retained; archive from owner checkout,fleet observation only; archive from the owning checkout,foreign-owner
~/YeeBois/projects/beep-effect12/.beep/security-final-reflection-lint.log,checkout-material,142,0,~/YeeBois/projects/beep-effect12,owner-unverified,unverified,source retained; archive from owner checkout,fleet observation only; archive from the owning checkout,foreign-owner
~/YeeBois/projects/beep-effect12/.beep/security-final-goals-doctor.log,checkout-material,894,0,~/YeeBois/projects/beep-effect12,owner-unverified,unverified,source retained; archive from owner checkout,fleet observation only; archive from the owning checkout,foreign-owner
~/YeeBois/projects/beep-effect12/.beep/security-final-goals-index.log,checkout-material,106,0,~/YeeBois/projects/beep-effect12,owner-unverified,unverified,source retained; archive from owner checkout,fleet observation only; archive from the owning checkout,foreign-owner
~/YeeBois/projects/beep-effect12/.beep/security-yeet-publish-closeout.log,checkout-material,9155,12288,~/YeeBois/projects/beep-effect12,owner-unverified,unverified,source retained; archive from owner checkout,fleet observation only; archive from the owning checkout,foreign-owner
~/YeeBois/projects/beep-effect12/.beep/security-atlas-check.log,checkout-material,112,0,~/YeeBois/projects/beep-effect12,owner-unverified,unverified,source retained; archive from owner checkout,fleet observation only; archive from the owning checkout,foreign-owner
~/YeeBois/projects/beep-effect12/.beep/security-atlas-refresh.log,checkout-material,147,0,~/YeeBois/projects/beep-effect12,owner-unverified,unverified,source retained; archive from owner checkout,fleet observation only; archive from the owning checkout,foreign-owner
~/YeeBois/projects/beep-effect12/.beep/security-atlas-restored-check.log,checkout-material,137,0,~/YeeBois/projects/beep-effect12,owner-unverified,unverified,source retained; archive from owner checkout,fleet observation only; archive from the owning checkout,foreign-owner
~/YeeBois/projects/beep-effect12/.beep/security-closeout-final-packet.log,checkout-material,2957,0,~/YeeBois/projects/beep-effect12,owner-unverified,unverified,source retained; archive from owner checkout,fleet observation only; archive from the owning checkout,foreign-owner
~/YeeBois/projects/beep-effect12/.beep/security-active-packet-format.log,checkout-material,39,0,~/YeeBois/projects/beep-effect12,owner-unverified,unverified,source retained; archive from owner checkout,fleet observation only; archive from the owning checkout,foreign-owner
~/YeeBois/projects/beep-effect12/.beep/security-active-goals-index.log,checkout-material,106,0,~/YeeBois/projects/beep-effect12,owner-unverified,unverified,source retained; archive from owner checkout,fleet observation only; archive from the owning checkout,foreign-owner
~/YeeBois/projects/beep-effect12/.beep/security-active-goals-doctor.log,checkout-material,728,0,~/YeeBois/projects/beep-effect12,owner-unverified,unverified,source retained; archive from owner checkout,fleet observation only; archive from the owning checkout,foreign-owner
~/YeeBois/projects/beep-effect12/.beep/security-yeet-publish-active.log,checkout-material,28263,28672,~/YeeBois/projects/beep-effect12,owner-unverified,unverified,source retained; archive from owner checkout,fleet observation only; archive from the owning checkout,foreign-owner
~/YeeBois/projects/beep-effect12/.beep/security-reply-drafts-before-lifecycle.json,checkout-material,1025,0,~/YeeBois/projects/beep-effect12,owner-unverified,unverified,source retained; archive from owner checkout,fleet observation only; archive from the owning checkout,foreign-owner
~/YeeBois/projects/beep-effect12/.beep/security-reply-lifecycle.log,checkout-material,400,0,~/YeeBois/projects/beep-effect12,owner-unverified,unverified,source retained; archive from owner checkout,fleet observation only; archive from the owning checkout,foreign-owner
~/YeeBois/projects/beep-effect12/.beep/security-closeout-active.log,checkout-material,2821,0,~/YeeBois/projects/beep-effect12,owner-unverified,unverified,source retained; archive from owner checkout,fleet observation only; archive from the owning checkout,foreign-owner
~/YeeBois/projects/beep-effect12/.beep/security-codex-closeout-allowlist.json,checkout-material,2498,0,~/YeeBois/projects/beep-effect12,owner-unverified,unverified,source retained; archive from owner checkout,fleet observation only; archive from the owning checkout,foreign-owner
~/YeeBois/projects/beep-effect12/.beep/security-closeout-active-green.log,checkout-material,2521,0,~/YeeBois/projects/beep-effect12,owner-unverified,unverified,source retained; archive from owner checkout,fleet observation only; archive from the owning checkout,foreign-owner
~/YeeBois/projects/beep-effect12/.beep/security-scheduler-live.json,checkout-material,6207,8192,~/YeeBois/projects/beep-effect12,owner-unverified,unverified,source retained; archive from owner checkout,fleet observation only; archive from the owning checkout,foreign-owner
~/YeeBois/projects/beep-effect12/.beep/security-scheduler-live-stderr.log,checkout-material,82,0,~/YeeBois/projects/beep-effect12,owner-unverified,unverified,source retained; archive from owner checkout,fleet observation only; archive from the owning checkout,foreign-owner
~/YeeBois/projects/beep-effect12/.beep/security-inbox-active.log,checkout-material,4715,8192,~/YeeBois/projects/beep-effect12,owner-unverified,unverified,source retained; archive from owner checkout,fleet observation only; archive from the owning checkout,foreign-owner
~/YeeBois/projects/beep-effect12/.beep/security-coverage-3055-failure.log,checkout-material,1661772,1662976,~/YeeBois/projects/beep-effect12,owner-unverified,unverified,source retained; archive from owner checkout,fleet observation only; archive from the owning checkout,foreign-owner
~/YeeBois/projects/beep-effect12/.beep/security-fleet-package.log,checkout-material,239,0,~/YeeBois/projects/beep-effect12,owner-unverified,unverified,source retained; archive from owner checkout,fleet observation only; archive from the owning checkout,foreign-owner
~/YeeBois/projects/beep-effect12/.beep/security-yeet-publish-fleet.log,checkout-material,11387,12288,~/YeeBois/projects/beep-effect12,owner-unverified,unverified,source retained; archive from owner checkout,fleet observation only; archive from the owning checkout,foreign-owner
~/YeeBois/projects/beep-effect12/.beep/security-pr-update-fleet.json,checkout-material,4063,0,~/YeeBois/projects/beep-effect12,owner-unverified,unverified,source retained; archive from owner checkout,fleet observation only; archive from the owning checkout,foreign-owner
~/YeeBois/projects/beep-effect12/.beep/security-scheduler-fleet.json,checkout-material,7661,8192,~/YeeBois/projects/beep-effect12,owner-unverified,unverified,source retained; archive from owner checkout,fleet observation only; archive from the owning checkout,foreign-owner
~/YeeBois/projects/beep-effect12/.beep/security-monitor-fleet.log,checkout-material,11435,12288,~/YeeBois/projects/beep-effect12,owner-unverified,unverified,source retained; archive from owner checkout,fleet observation only; archive from the owning checkout,foreign-owner
~/YeeBois/projects/beep-effect12/.beep/security-inbox-fleet.log,checkout-material,129,0,~/YeeBois/projects/beep-effect12,owner-unverified,unverified,source retained; archive from owner checkout,fleet observation only; archive from the owning checkout,foreign-owner
~/YeeBois/projects/beep-effect12/.beep/security-greptile-fleet.json,checkout-material,2820,0,~/YeeBois/projects/beep-effect12,owner-unverified,unverified,source retained; archive from owner checkout,fleet observation only; archive from the owning checkout,foreign-owner
~/YeeBois/projects/beep-effect12/.beep/security-hosted-fleet-watch.log,checkout-material,136860,139264,~/YeeBois/projects/beep-effect12,owner-unverified,unverified,source retained; archive from owner checkout,fleet observation only; archive from the owning checkout,foreign-owner
~/YeeBois/projects/beep-effect12/.beep/security-capture-twelve.log,checkout-material,817,0,~/YeeBois/projects/beep-effect12,owner-unverified,unverified,source retained; archive from owner checkout,fleet observation only; archive from the owning checkout,foreign-owner
~/YeeBois/projects/beep-effect12/.beep/security-corpus-red.log,checkout-material,44447,45056,~/YeeBois/projects/beep-effect12,owner-unverified,unverified,source retained; archive from owner checkout,fleet observation only; archive from the owning checkout,foreign-owner
~/YeeBois/projects/beep-effect12/.beep/security-corpus-green.log,checkout-material,116,0,~/YeeBois/projects/beep-effect12,owner-unverified,unverified,source retained; archive from owner checkout,fleet observation only; archive from the owning checkout,foreign-owner
~/YeeBois/projects/beep-effect12/.beep/security-corpus-repair.log,checkout-material,239,0,~/YeeBois/projects/beep-effect12,owner-unverified,unverified,source retained; archive from owner checkout,fleet observation only; archive from the owning checkout,foreign-owner
~/YeeBois/projects/beep-effect12/.beep/security-corpus-idempotence.log,checkout-material,105,0,~/YeeBois/projects/beep-effect12,owner-unverified,unverified,source retained; archive from owner checkout,fleet observation only; archive from the owning checkout,foreign-owner
~/YeeBois/projects/beep-effect12/.beep/security-capture-twelve-proof.log,checkout-material,780,0,~/YeeBois/projects/beep-effect12,owner-unverified,unverified,source retained; archive from owner checkout,fleet observation only; archive from the owning checkout,foreign-owner
~/YeeBois/projects/beep-effect12/.beep/security-twelve-goals-index.log,checkout-material,106,0,~/YeeBois/projects/beep-effect12,owner-unverified,unverified,source retained; archive from owner checkout,fleet observation only; archive from the owning checkout,foreign-owner
~/YeeBois/projects/beep-effect12/.beep/security-twelve-goals-doctor.log,checkout-material,728,0,~/YeeBois/projects/beep-effect12,owner-unverified,unverified,source retained; archive from owner checkout,fleet observation only; archive from the owning checkout,foreign-owner
~/YeeBois/projects/beep-effect12/.beep/security-twelve-atlas.log,checkout-material,147,0,~/YeeBois/projects/beep-effect12,owner-unverified,unverified,source retained; archive from owner checkout,fleet observation only; archive from the owning checkout,foreign-owner
~/YeeBois/projects/beep-effect12/.beep/security-merged-checks.json,checkout-material,538,0,~/YeeBois/projects/beep-effect12,owner-unverified,unverified,source retained; archive from owner checkout,fleet observation only; archive from the owning checkout,foreign-owner
~/YeeBois/projects/beep-effect12/.beep/security-corpus-pre-transfer-commit.log,checkout-material,1767,0,~/YeeBois/projects/beep-effect12,owner-unverified,unverified,source retained; archive from owner checkout,fleet observation only; archive from the owning checkout,foreign-owner
~/YeeBois/projects/beep-effect12/.beep/security-corpus-settings-sha256,checkout-material,65,0,~/YeeBois/projects/beep-effect12,owner-unverified,unverified,source retained; archive from owner checkout,fleet observation only; archive from the owning checkout,foreign-owner
~/YeeBois/projects/beep-effect12/.beep/security-corpus-settings-stash,checkout-material,41,0,~/YeeBois/projects/beep-effect12,owner-unverified,unverified,source retained; archive from owner checkout,fleet observation only; archive from the owning checkout,foreign-owner
~/YeeBois/projects/beep-effect12/.beep/security-yeet-publish-corpus.log,checkout-material,16825,20480,~/YeeBois/projects/beep-effect12,owner-unverified,unverified,source retained; archive from owner checkout,fleet observation only; archive from the owning checkout,foreign-owner
~/YeeBois/projects/beep-effect12/.beep/security-corpus-pr-current.json,checkout-material,21468,24576,~/YeeBois/projects/beep-effect12,owner-unverified,unverified,source retained; archive from owner checkout,fleet observation only; archive from the owning checkout,foreign-owner
~/YeeBois/projects/beep-effect12/.beep/security-corpus-pr-update.json,checkout-material,21558,24576,~/YeeBois/projects/beep-effect12,owner-unverified,unverified,source retained; archive from owner checkout,fleet observation only; archive from the owning checkout,foreign-owner
~/YeeBois/projects/beep-effect12/.beep/security-1026-external-closeout.json,checkout-material,967,0,~/YeeBois/projects/beep-effect12,owner-unverified,unverified,source retained; archive from owner checkout,fleet observation only; archive from the owning checkout,foreign-owner
~/YeeBois/projects/beep-effect12/.beep/security-1026-closeout-comment.json,checkout-material,935,0,~/YeeBois/projects/beep-effect12,owner-unverified,unverified,source retained; archive from owner checkout,fleet observation only; archive from the owning checkout,foreign-owner
~/YeeBois/projects/beep-effect12/.beep/security-corpus-monitor-events.log,checkout-material,1001,0,~/YeeBois/projects/beep-effect12,owner-unverified,unverified,source retained; archive from owner checkout,fleet observation only; archive from the owning checkout,foreign-owner
~/YeeBois/projects/beep-effect12/.beep/security-corpus-review-comments.json,checkout-material,24527,24576,~/YeeBois/projects/beep-effect12,owner-unverified,unverified,source retained; archive from owner checkout,fleet observation only; archive from the owning checkout,foreign-owner
~/YeeBois/projects/beep-effect12/.beep/security-corpus-quotes-red.log,checkout-material,29863,32768,~/YeeBois/projects/beep-effect12,owner-unverified,unverified,source retained; archive from owner checkout,fleet observation only; archive from the owning checkout,foreign-owner
~/YeeBois/projects/beep-effect12/.beep/security-corpus-review-repair.log,checkout-material,237,0,~/YeeBois/projects/beep-effect12,owner-unverified,unverified,source retained; archive from owner checkout,fleet observation only; archive from the owning checkout,foreign-owner
~/YeeBois/projects/beep-effect12/.beep/security-corpus-review-green.log,checkout-material,118,0,~/YeeBois/projects/beep-effect12,owner-unverified,unverified,source retained; archive from owner checkout,fleet observation only; archive from the owning checkout,foreign-owner
~/YeeBois/projects/beep-effect12/.beep/security-corpus-inbox-review.log,checkout-material,453,0,~/YeeBois/projects/beep-effect12,owner-unverified,unverified,source retained; archive from owner checkout,fleet observation only; archive from the owning checkout,foreign-owner
~/YeeBois/projects/beep-effect12/.beep/security-yeet-publish-corpus-review.log,checkout-material,17640,20480,~/YeeBois/projects/beep-effect12,owner-unverified,unverified,source retained; archive from owner checkout,fleet observation only; archive from the owning checkout,foreign-owner
~/YeeBois/projects/beep-effect12/.beep/security-corpus-review-replies.log,checkout-material,921,0,~/YeeBois/projects/beep-effect12,owner-unverified,unverified,source retained; archive from owner checkout,fleet observation only; archive from the owning checkout,foreign-owner
~/YeeBois/projects/beep-effect12/.beep/security-corpus-closeout-latest.log,checkout-material,2986,0,~/YeeBois/projects/beep-effect12,owner-unverified,unverified,source retained; archive from owner checkout,fleet observation only; archive from the owning checkout,foreign-owner
~/YeeBois/projects/beep-effect12/.beep/security-corpus-inbox-latest.log,checkout-material,129,0,~/YeeBois/projects/beep-effect12,owner-unverified,unverified,source retained; archive from owner checkout,fleet observation only; archive from the owning checkout,foreign-owner
~/YeeBois/projects/beep-effect12/.beep/security-corpus-current-threads.json,checkout-material,42995,45056,~/YeeBois/projects/beep-effect12,owner-unverified,unverified,source retained; archive from owner checkout,fleet observation only; archive from the owning checkout,foreign-owner
~/YeeBois/projects/beep-effect12/.beep/security-corpus-json-red.log,checkout-material,1458,0,~/YeeBois/projects/beep-effect12,owner-unverified,unverified,source retained; archive from owner checkout,fleet observation only; archive from the owning checkout,foreign-owner
~/YeeBois/projects/beep-effect12/.beep/security-corpus-history-repair.log,checkout-material,239,0,~/YeeBois/projects/beep-effect12,owner-unverified,unverified,source retained; archive from owner checkout,fleet observation only; archive from the owning checkout,foreign-owner
~/YeeBois/projects/beep-effect12/.beep/security-corpus-all-comments-green.log,checkout-material,120,0,~/YeeBois/projects/beep-effect12,owner-unverified,unverified,source retained; archive from owner checkout,fleet observation only; archive from the owning checkout,foreign-owner
~/YeeBois/projects/beep-effect12/.beep/security-corpus-all-comments-idempotence.log,checkout-material,105,0,~/YeeBois/projects/beep-effect12,owner-unverified,unverified,source retained; archive from owner checkout,fleet observation only; archive from the owning checkout,foreign-owner
~/YeeBois/projects/beep-effect12/.beep/security-corpus-current-proof.json,checkout-material,2062,0,~/YeeBois/projects/beep-effect12,owner-unverified,unverified,source retained; archive from owner checkout,fleet observation only; archive from the owning checkout,foreign-owner
~/YeeBois/projects/beep-effect12/.beep/security-conflict-atlas.log,checkout-material,147,0,~/YeeBois/projects/beep-effect12,owner-unverified,unverified,source retained; archive from owner checkout,fleet observation only; archive from the owning checkout,foreign-owner
~/YeeBois/projects/beep-effect12/.beep/security-conflict-goals-index.log,checkout-material,106,0,~/YeeBois/projects/beep-effect12,owner-unverified,unverified,source retained; archive from owner checkout,fleet observation only; archive from the owning checkout,foreign-owner
~/YeeBois/projects/beep-effect12/.beep/security-corpus-merge-commit.log,checkout-material,1731,0,~/YeeBois/projects/beep-effect12,owner-unverified,unverified,source retained; archive from owner checkout,fleet observation only; archive from the owning checkout,foreign-owner
~/YeeBois/projects/beep-effect12/.beep/security-yeet-publish-corpus-merge.log,checkout-material,14907,16384,~/YeeBois/projects/beep-effect12,owner-unverified,unverified,source retained; archive from owner checkout,fleet observation only; archive from the owning checkout,foreign-owner
~/YeeBois/projects/beep-effect12/.beep/security-corpus-merge-replies.log,checkout-material,889,0,~/YeeBois/projects/beep-effect12,owner-unverified,unverified,source retained; archive from owner checkout,fleet observation only; archive from the owning checkout,foreign-owner
~/YeeBois/projects/beep-effect12/.beep/security-corpus-merge-inbox.json,checkout-material,21206,24576,~/YeeBois/projects/beep-effect12,owner-unverified,unverified,source retained; archive from owner checkout,fleet observation only; archive from the owning checkout,foreign-owner
~/YeeBois/projects/beep-effect12/.beep/security-corpus-merge-checks.json,checkout-material,5724,8192,~/YeeBois/projects/beep-effect12,owner-unverified,unverified,source retained; archive from owner checkout,fleet observation only; archive from the owning checkout,foreign-owner
~/YeeBois/projects/beep-effect12/.beep/security-corpus-pr-patch.json,checkout-material,4426,8192,~/YeeBois/projects/beep-effect12,owner-unverified,unverified,source retained; archive from owner checkout,fleet observation only; archive from the owning checkout,foreign-owner
~/YeeBois/projects/beep-effect12/.beep/security-corpus-merge-watch.log,checkout-material,855,0,~/YeeBois/projects/beep-effect12,owner-unverified,unverified,source retained; archive from owner checkout,fleet observation only; archive from the owning checkout,foreign-owner
~/YeeBois/projects/beep-effect12/.beep/security-corpus-latest-checks.json,checkout-material,6413,8192,~/YeeBois/projects/beep-effect12,owner-unverified,unverified,source retained; archive from owner checkout,fleet observation only; archive from the owning checkout,foreign-owner
~/YeeBois/projects/beep-effect12/.beep/security-corpus-merge-closeout.log,checkout-material,1852,0,~/YeeBois/projects/beep-effect12,owner-unverified,unverified,source retained; archive from owner checkout,fleet observation only; archive from the owning checkout,foreign-owner
~/YeeBois/projects/beep-effect12/.beep/security-corpus-current-comments.json,checkout-material,22979,24576,~/YeeBois/projects/beep-effect12,owner-unverified,unverified,source retained; archive from owner checkout,fleet observation only; archive from the owning checkout,foreign-owner
~/YeeBois/projects/beep-effect12/.beep/security-corpus-scheduler-current.json,checkout-material,9156,12288,~/YeeBois/projects/beep-effect12,owner-unverified,unverified,source retained; archive from owner checkout,fleet observation only; archive from the owning checkout,foreign-owner
~/YeeBois/projects/beep-effect12/.beep/security-stage-b-merge-format.log,checkout-material,39,0,~/YeeBois/projects/beep-effect12,owner-unverified,unverified,source retained; archive from owner checkout,fleet observation only; archive from the owning checkout,foreign-owner
~/YeeBois/projects/beep-effect12/.beep/security-stage-b-merge-atlas.log,checkout-material,147,0,~/YeeBois/projects/beep-effect12,owner-unverified,unverified,source retained; archive from owner checkout,fleet observation only; archive from the owning checkout,foreign-owner
~/YeeBois/projects/beep-effect12/.beep/security-stage-b-merge-goals.log,checkout-material,106,0,~/YeeBois/projects/beep-effect12,owner-unverified,unverified,source retained; archive from owner checkout,fleet observation only; archive from the owning checkout,foreign-owner
~/YeeBois/projects/beep-effect12/.beep/security-stage-b-merge-commit.log,checkout-material,1531,0,~/YeeBois/projects/beep-effect12,owner-unverified,unverified,source retained; archive from owner checkout,fleet observation only; archive from the owning checkout,foreign-owner
~/YeeBois/projects/beep-effect12/.beep/security-yeet-publish-stage-b-merge.log,checkout-material,4491,8192,~/YeeBois/projects/beep-effect12,owner-unverified,unverified,source retained; archive from owner checkout,fleet observation only; archive from the owning checkout,foreign-owner
~/YeeBois/projects/beep-effect12/.beep/security-stage-b-pid-red.log,checkout-material,23339,24576,~/YeeBois/projects/beep-effect12,owner-unverified,unverified,source retained; archive from owner checkout,fleet observation only; archive from the owning checkout,foreign-owner
~/YeeBois/projects/beep-effect12/.beep/security-stage-b-pid-repair.log,checkout-material,262,0,~/YeeBois/projects/beep-effect12,owner-unverified,unverified,source retained; archive from owner checkout,fleet observation only; archive from the owning checkout,foreign-owner
~/YeeBois/projects/beep-effect12/.beep/security-stage-b-pid-green.log,checkout-material,134,0,~/YeeBois/projects/beep-effect12,owner-unverified,unverified,source retained; archive from owner checkout,fleet observation only; archive from the owning checkout,foreign-owner
~/YeeBois/projects/beep-effect12/.beep/security-stage-b-pid-idempotence.log,checkout-material,173,0,~/YeeBois/projects/beep-effect12,owner-unverified,unverified,source retained; archive from owner checkout,fleet observation only; archive from the owning checkout,foreign-owner
~/YeeBois/projects/beep-effect12/.beep/security-five-pins-residue-proof.txt,checkout-material,31,0,~/YeeBois/projects/beep-effect12,owner-unverified,unverified,source retained; archive from owner checkout,fleet observation only; archive from the owning checkout,foreign-owner
~/YeeBois/projects/beep-effect12/.beep/security-stage-b-format.log,checkout-material,41,0,~/YeeBois/projects/beep-effect12,owner-unverified,unverified,source retained; archive from owner checkout,fleet observation only; archive from the owning checkout,foreign-owner
~/YeeBois/projects/beep-effect12/.beep/security-stage-b-capture-proof.log,checkout-material,780,0,~/YeeBois/projects/beep-effect12,owner-unverified,unverified,source retained; archive from owner checkout,fleet observation only; archive from the owning checkout,foreign-owner
~/YeeBois/projects/beep-effect12/.beep/security-stage-b-atlas.log,checkout-material,147,0,~/YeeBois/projects/beep-effect12,owner-unverified,unverified,source retained; archive from owner checkout,fleet observation only; archive from the owning checkout,foreign-owner
~/YeeBois/projects/beep-effect12/.beep/security-stage-b-goals.log,checkout-material,106,0,~/YeeBois/projects/beep-effect12,owner-unverified,unverified,source retained; archive from owner checkout,fleet observation only; archive from the owning checkout,foreign-owner
~/YeeBois/projects/beep-effect12/.beep/security-yeet-publish-stage-b-security.log,checkout-material,10291,12288,~/YeeBois/projects/beep-effect12,owner-unverified,unverified,source retained; archive from owner checkout,fleet observation only; archive from the owning checkout,foreign-owner
~/YeeBois/projects/beep-effect12/.beep/security-ingest-diagnostic.ts,checkout-material,1340,0,~/YeeBois/projects/beep-effect12,owner-unverified,unverified,source retained; archive from owner checkout,fleet observation only; archive from the owning checkout,foreign-owner
~/YeeBois/projects/beep-effect12/.beep/security-replay-no-bytecode.log,checkout-material,98,0,~/YeeBois/projects/beep-effect12,owner-unverified,unverified,source retained; archive from owner checkout,fleet observation only; archive from the owning checkout,foreign-owner
~/YeeBois/projects/beep-effect12/.beep/security-bytecode-goals.log,checkout-material,106,0,~/YeeBois/projects/beep-effect12,owner-unverified,unverified,source retained; archive from owner checkout,fleet observation only; archive from the owning checkout,foreign-owner
~/YeeBois/projects/beep-effect12/.beep/security-yeet-publish-final-replay.log,checkout-material,8226,12288,~/YeeBois/projects/beep-effect12,owner-unverified,unverified,source retained; archive from owner checkout,fleet observation only; archive from the owning checkout,foreign-owner
~/YeeBois/projects/beep-effect12/.beep/security-final-replay-watch.log,checkout-material,855,0,~/YeeBois/projects/beep-effect12,owner-unverified,unverified,source retained; archive from owner checkout,fleet observation only; archive from the owning checkout,foreign-owner
~/YeeBois/projects/beep-effect12/.beep/security-stage-b-history-focused.log,checkout-material,98,0,~/YeeBois/projects/beep-effect12,owner-unverified,unverified,source retained; archive from owner checkout,fleet observation only; archive from the owning checkout,foreign-owner
~/YeeBois/projects/beep-effect12/.beep/security-stage-b-history-repair.log,checkout-material,261,0,~/YeeBois/projects/beep-effect12,owner-unverified,unverified,source retained; archive from owner checkout,fleet observation only; archive from the owning checkout,foreign-owner
~/YeeBois/projects/beep-effect12/.beep/security-stage-b-history-green.log,checkout-material,135,0,~/YeeBois/projects/beep-effect12,owner-unverified,unverified,source retained; archive from owner checkout,fleet observation only; archive from the owning checkout,foreign-owner
~/YeeBois/projects/beep-effect12/.beep/security-history-atlas.log,checkout-material,147,0,~/YeeBois/projects/beep-effect12,owner-unverified,unverified,source retained; archive from owner checkout,fleet observation only; archive from the owning checkout,foreign-owner
~/YeeBois/projects/beep-effect12/.beep/security-history-goals.log,checkout-material,106,0,~/YeeBois/projects/beep-effect12,owner-unverified,unverified,source retained; archive from owner checkout,fleet observation only; archive from the owning checkout,foreign-owner
~/YeeBois/projects/beep-effect12/.beep/security-yeet-publish-stage-b-history.log,checkout-material,15916,16384,~/YeeBois/projects/beep-effect12,owner-unverified,unverified,source retained; archive from owner checkout,fleet observation only; archive from the owning checkout,foreign-owner
~/YeeBois/projects/beep-effect12/.beep/security-stage-b-history-reply.log,checkout-material,290,0,~/YeeBois/projects/beep-effect12,owner-unverified,unverified,source retained; archive from owner checkout,fleet observation only; archive from the owning checkout,foreign-owner
~/YeeBois/projects/beep-effect12/.beep/security-stage-b-history-ack.log,checkout-material,334,0,~/YeeBois/projects/beep-effect12,owner-unverified,unverified,source retained; archive from owner checkout,fleet observation only; archive from the owning checkout,foreign-owner
~/YeeBois/projects/beep-effect12/.beep/security-stage-b-history-watch.log,checkout-material,725,0,~/YeeBois/projects/beep-effect12,owner-unverified,unverified,source retained; archive from owner checkout,fleet observation only; archive from the owning checkout,foreign-owner
~/YeeBois/projects/beep-effect12/.beep/security-stage-b-history-vercel-ack.log,checkout-material,497,0,~/YeeBois/projects/beep-effect12,owner-unverified,unverified,source retained; archive from owner checkout,fleet observation only; archive from the owning checkout,foreign-owner
~/YeeBois/projects/beep-effect12/.beep/security-current-handoff.md,checkout-material,15258,16384,~/YeeBois/projects/beep-effect12,owner-unverified,unverified,source retained; archive from owner checkout,fleet observation only; archive from the owning checkout,foreign-owner
~/YeeBois/projects/beep-effect12/.beep/security-current-closeout.log,checkout-material,2025,0,~/YeeBois/projects/beep-effect12,owner-unverified,unverified,source retained; archive from owner checkout,fleet observation only; archive from the owning checkout,foreign-owner
~/YeeBois/projects/beep-effect12/.beep/security-report-table-goals.log,checkout-material,106,0,~/YeeBois/projects/beep-effect12,owner-unverified,unverified,source retained; archive from owner checkout,fleet observation only; archive from the owning checkout,foreign-owner
~/YeeBois/projects/beep-effect12/.beep/security-yeet-publish-report-table.log,checkout-material,11723,12288,~/YeeBois/projects/beep-effect12,owner-unverified,unverified,source retained; archive from owner checkout,fleet observation only; archive from the owning checkout,foreign-owner
~/YeeBois/projects/beep-effect12/.beep/security-current-inbox.json,checkout-material,25838,28672,~/YeeBois/projects/beep-effect12,owner-unverified,unverified,source retained; archive from owner checkout,fleet observation only; archive from the owning checkout,foreign-owner
~/YeeBois/projects/beep-effect12/.beep/security-report-table-reply.log,checkout-material,421,0,~/YeeBois/projects/beep-effect12,owner-unverified,unverified,source retained; archive from owner checkout,fleet observation only; archive from the owning checkout,foreign-owner
~/YeeBois/projects/beep-effect12/.beep/codex-security-findings-cumulative-13.csv,checkout-material,24744,28672,~/YeeBois/projects/beep-effect12,owner-unverified,unverified,source retained; archive from owner checkout,fleet observation only; archive from the owning checkout,foreign-owner
~/YeeBois/projects/beep-effect12/.beep/security-thirteen-capture-provenance.json,checkout-material,640,0,~/YeeBois/projects/beep-effect12,owner-unverified,unverified,source retained; archive from owner checkout,fleet observation only; archive from the owning checkout,foreign-owner
~/YeeBois/projects/beep-effect12/.beep/security-thirteen-capture-dry.log,checkout-material,806,0,~/YeeBois/projects/beep-effect12,owner-unverified,unverified,source retained; archive from owner checkout,fleet observation only; archive from the owning checkout,foreign-owner
~/YeeBois/projects/beep-effect12/.beep/security-thirteen-capture.log,checkout-material,784,0,~/YeeBois/projects/beep-effect12,owner-unverified,unverified,source retained; archive from owner checkout,fleet observation only; archive from the owning checkout,foreign-owner
~/YeeBois/projects/beep-effect12/.beep/security-thirteen-red.log,checkout-material,1513,0,~/YeeBois/projects/beep-effect12,owner-unverified,unverified,source retained; archive from owner checkout,fleet observation only; archive from the owning checkout,foreign-owner
~/YeeBois/projects/beep-effect12/.beep/security-thirteen-focused.log,checkout-material,98,0,~/YeeBois/projects/beep-effect12,owner-unverified,unverified,source retained; archive from owner checkout,fleet observation only; archive from the owning checkout,foreign-owner
~/YeeBois/projects/beep-effect12/.beep/security-thirteen-repair.log,checkout-material,395,0,~/YeeBois/projects/beep-effect12,owner-unverified,unverified,source retained; archive from owner checkout,fleet observation only; archive from the owning checkout,foreign-owner
~/YeeBois/projects/beep-effect12/.beep/security-thirteen-green.log,checkout-material,136,0,~/YeeBois/projects/beep-effect12,owner-unverified,unverified,source retained; archive from owner checkout,fleet observation only; archive from the owning checkout,foreign-owner
~/YeeBois/projects/beep-effect12/.beep/security-thirteen-idempotence.log,checkout-material,173,0,~/YeeBois/projects/beep-effect12,owner-unverified,unverified,source retained; archive from owner checkout,fleet observation only; archive from the owning checkout,foreign-owner
~/YeeBois/projects/beep-effect12/.beep/update-security-thirteen-docs.py,checkout-material,14182,16384,~/YeeBois/projects/beep-effect12,owner-unverified,unverified,source retained; archive from owner checkout,fleet observation only; archive from the owning checkout,foreign-owner
~/YeeBois/projects/beep-effect12/.beep/security-thirteen-final-capture.log,checkout-material,747,0,~/YeeBois/projects/beep-effect12,owner-unverified,unverified,source retained; archive from owner checkout,fleet observation only; archive from the owning checkout,foreign-owner
~/YeeBois/projects/beep-effect12/.beep/security-thirteen-residue-proof.json,checkout-material,806,0,~/YeeBois/projects/beep-effect12,owner-unverified,unverified,source retained; archive from owner checkout,fleet observation only; archive from the owning checkout,foreign-owner
~/YeeBois/projects/beep-effect12/.beep/security-thirteen-goals-doctor.log,checkout-material,728,0,~/YeeBois/projects/beep-effect12,owner-unverified,unverified,source retained; archive from owner checkout,fleet observation only; archive from the owning checkout,foreign-owner
~/YeeBois/projects/beep-effect12/.beep/security-thirteen-index.log,checkout-material,39039,40960,~/YeeBois/projects/beep-effect12,owner-unverified,unverified,source retained; archive from owner checkout,fleet observation only; archive from the owning checkout,foreign-owner
~/YeeBois/projects/beep-effect12/.beep/security-thirteen-reflection.log,checkout-material,142,0,~/YeeBois/projects/beep-effect12,owner-unverified,unverified,source retained; archive from owner checkout,fleet observation only; archive from the owning checkout,foreign-owner
~/YeeBois/projects/beep-effect12/.beep/security-1032-final-review.json,checkout-material,48229,49152,~/YeeBois/projects/beep-effect12,owner-unverified,unverified,source retained; archive from owner checkout,fleet observation only; archive from the owning checkout,foreign-owner
~/YeeBois/projects/beep-effect12/.beep/security-thirteen-index-write.log,checkout-material,106,0,~/YeeBois/projects/beep-effect12,owner-unverified,unverified,source retained; archive from owner checkout,fleet observation only; archive from the owning checkout,foreign-owner
~/YeeBois/projects/beep-effect12/.beep/security-thirteen-publish.log,checkout-material,17068,20480,~/YeeBois/projects/beep-effect12,owner-unverified,unverified,source retained; archive from owner checkout,fleet observation only; archive from the owning checkout,foreign-owner
~/YeeBois/projects/beep-effect12/.beep/security-1032-closure-receipt.md,checkout-material,1216,0,~/YeeBois/projects/beep-effect12,owner-unverified,unverified,source retained; archive from owner checkout,fleet observation only; archive from the owning checkout,foreign-owner
~/YeeBois/projects/beep-effect12/.beep/security-thirteen-inbox.json,checkout-material,27540,28672,~/YeeBois/projects/beep-effect12,owner-unverified,unverified,source retained; archive from owner checkout,fleet observation only; archive from the owning checkout,foreign-owner
~/YeeBois/projects/beep-effect12/.beep/security-thirteen-pr.json,checkout-material,2837,0,~/YeeBois/projects/beep-effect12,owner-unverified,unverified,source retained; archive from owner checkout,fleet observation only; archive from the owning checkout,foreign-owner
~/YeeBois/projects/beep-effect12/.beep/security-thirteen-body-current.json,checkout-material,2622,0,~/YeeBois/projects/beep-effect12,owner-unverified,unverified,source retained; archive from owner checkout,fleet observation only; archive from the owning checkout,foreign-owner
~/YeeBois/projects/beep-effect12/.beep/security-thirteen-pr-body.md,checkout-material,4202,8192,~/YeeBois/projects/beep-effect12,owner-unverified,unverified,source retained; archive from owner checkout,fleet observation only; archive from the owning checkout,foreign-owner
~/YeeBois/projects/beep-effect12/.beep/security-thirteen-watch.log,checkout-material,875,0,~/YeeBois/projects/beep-effect12,owner-unverified,unverified,source retained; archive from owner checkout,fleet observation only; archive from the owning checkout,foreign-owner
~/YeeBois/projects/beep-effect12/.beep/security-thirteen-checks.json,checkout-material,2363,0,~/YeeBois/projects/beep-effect12,owner-unverified,unverified,source retained; archive from owner checkout,fleet observation only; archive from the owning checkout,foreign-owner
~/YeeBois/projects/beep-effect12/.beep/security-thirteen-closeout.log,checkout-material,2298,0,~/YeeBois/projects/beep-effect12,owner-unverified,unverified,source retained; archive from owner checkout,fleet observation only; archive from the owning checkout,foreign-owner
~/YeeBois/projects/beep-effect12/.beep/security-thirteen-status.json,checkout-material,3534,0,~/YeeBois/projects/beep-effect12,owner-unverified,unverified,source retained; archive from owner checkout,fleet observation only; archive from the owning checkout,foreign-owner
~/YeeBois/projects/beep-effect12/.beep/security-thirteen-reviews.json,checkout-material,9529,12288,~/YeeBois/projects/beep-effect12,owner-unverified,unverified,source retained; archive from owner checkout,fleet observation only; archive from the owning checkout,foreign-owner
~/YeeBois/projects/beep-effect12/.beep/security-thirteen-review-red.log,checkout-material,29850,32768,~/YeeBois/projects/beep-effect12,owner-unverified,unverified,source retained; archive from owner checkout,fleet observation only; archive from the owning checkout,foreign-owner
~/YeeBois/projects/beep-effect12/.beep/security-thirteen-review-green.log,checkout-material,138,0,~/YeeBois/projects/beep-effect12,owner-unverified,unverified,source retained; archive from owner checkout,fleet observation only; archive from the owning checkout,foreign-owner
~/YeeBois/projects/beep-effect12/.beep/security-thirteen-review-repair.log,checkout-material,217,0,~/YeeBois/projects/beep-effect12,owner-unverified,unverified,source retained; archive from owner checkout,fleet observation only; archive from the owning checkout,foreign-owner
~/YeeBois/projects/beep-effect12/.beep/refresh-security-proof-tables.py,checkout-material,1291,0,~/YeeBois/projects/beep-effect12,owner-unverified,unverified,source retained; archive from owner checkout,fleet observation only; archive from the owning checkout,foreign-owner
~/YeeBois/projects/beep-effect12/.beep/security-thirteen-review-capture.log,checkout-material,747,0,~/YeeBois/projects/beep-effect12,owner-unverified,unverified,source retained; archive from owner checkout,fleet observation only; archive from the owning checkout,foreign-owner
~/YeeBois/projects/beep-effect12/.beep/security-thirteen-review-reflection.log,checkout-material,142,0,~/YeeBois/projects/beep-effect12,owner-unverified,unverified,source retained; archive from owner checkout,fleet observation only; archive from the owning checkout,foreign-owner
~/YeeBois/projects/beep-effect12/.beep/security-thirteen-review-publish.log,checkout-material,1302848,1306624,~/YeeBois/projects/beep-effect12,owner-unverified,unverified,source retained; archive from owner checkout,fleet observation only; archive from the owning checkout,foreign-owner
~/YeeBois/projects/beep-effect12/.beep/security-thirteen-pr-update.json,checkout-material,4159,8192,~/YeeBois/projects/beep-effect12,owner-unverified,unverified,source retained; archive from owner checkout,fleet observation only; archive from the owning checkout,foreign-owner
~/YeeBois/projects/beep-effect12/.beep/security-thirteen-review-reply.log,checkout-material,499,0,~/YeeBois/projects/beep-effect12,owner-unverified,unverified,source retained; archive from owner checkout,fleet observation only; archive from the owning checkout,foreign-owner
~/YeeBois/projects/beep-effect12/.beep/security-thirteen-closeout-current.log,checkout-material,1448,0,~/YeeBois/projects/beep-effect12,owner-unverified,unverified,source retained; archive from owner checkout,fleet observation only; archive from the owning checkout,foreign-owner
~/YeeBois/projects/beep-effect12/.beep/security-ci-queue-friction.json,checkout-material,438,0,~/YeeBois/projects/beep-effect12,owner-unverified,unverified,source retained; archive from owner checkout,fleet observation only; archive from the owning checkout,foreign-owner
~/YeeBois/projects/beep-effect12/.beep/security-thirteen-final-watch.log,checkout-material,725,0,~/YeeBois/projects/beep-effect12,owner-unverified,unverified,source retained; archive from owner checkout,fleet observation only; archive from the owning checkout,foreign-owner
~/YeeBois/projects/beep-effect12/.beep/security-merge-help.txt,checkout-material,950,0,~/YeeBois/projects/beep-effect12,owner-unverified,unverified,source retained; archive from owner checkout,fleet observation only; archive from the owning checkout,foreign-owner
~/YeeBois/projects/beep-effect12/.beep/security-thirteen-required-watch.log,checkout-material,30696,32768,~/YeeBois/projects/beep-effect12,owner-unverified,unverified,source retained; archive from owner checkout,fleet observation only; archive from the owning checkout,foreign-owner
~/YeeBois/projects/beep-effect12/.beep/security-thirteen-monitor-summary.log,checkout-material,192,0,~/YeeBois/projects/beep-effect12,owner-unverified,unverified,source retained; archive from owner checkout,fleet observation only; archive from the owning checkout,foreign-owner
~/YeeBois/projects/beep-effect12/.beep/security-1037-closure-receipt.md,checkout-material,1289,0,~/YeeBois/projects/beep-effect12,owner-unverified,unverified,source retained; archive from owner checkout,fleet observation only; archive from the owning checkout,foreign-owner
~/YeeBois/projects/beep-effect12/.beep/security-completion-pr-audit.json,checkout-material,1935,0,~/YeeBois/projects/beep-effect12,owner-unverified,unverified,source retained; archive from owner checkout,fleet observation only; archive from the owning checkout,foreign-owner
~/YeeBois/projects/beep-effect12/.beep/security-completion-packet-audit.json,checkout-material,6828,8192,~/YeeBois/projects/beep-effect12,owner-unverified,unverified,source retained; archive from owner checkout,fleet observation only; archive from the owning checkout,foreign-owner
~/YeeBois/projects/beep-effect12/.beep/security-full-proof-process.json,checkout-material,2423,0,~/YeeBois/projects/beep-effect12,owner-unverified,unverified,source retained; archive from owner checkout,fleet observation only; archive from the owning checkout,foreign-owner
~/YeeBois/projects/beep-effect12/.beep/security-final-verify-plan.json,checkout-material,13162,16384,~/YeeBois/projects/beep-effect12,owner-unverified,unverified,source retained; archive from owner checkout,fleet observation only; archive from the owning checkout,foreign-owner
~/YeeBois/projects/beep-effect12/.beep/security-final-sweep-plan.json,checkout-material,2531,0,~/YeeBois/projects/beep-effect12,owner-unverified,unverified,source retained; archive from owner checkout,fleet observation only; archive from the owning checkout,foreign-owner
~/YeeBois/projects/beep-effect12/.beep/security-full-proof-repetition.json,checkout-material,467,0,~/YeeBois/projects/beep-effect12,owner-unverified,unverified,source retained; archive from owner checkout,fleet observation only; archive from the owning checkout,foreign-owner
~/YeeBois/projects/beep-effect12/.beep/security-completion-capture-audit.log,checkout-material,747,0,~/YeeBois/projects/beep-effect12,owner-unverified,unverified,source retained; archive from owner checkout,fleet observation only; archive from the owning checkout,foreign-owner
~/YeeBois/projects/beep-effect12/.beep/security-final-completion-receipt-draft.md,checkout-material,2181,0,~/YeeBois/projects/beep-effect12,owner-unverified,unverified,source retained; archive from owner checkout,fleet observation only; archive from the owning checkout,foreign-owner
~/YeeBois/projects/beep-effect12/.beep/security-final-inbox.json,checkout-material,88,0,~/YeeBois/projects/beep-effect12,owner-unverified,unverified,source retained; archive from owner checkout,fleet observation only; archive from the owning checkout,foreign-owner
~/YeeBois/projects/beep-effect12/.beep/security-final-hosted-audit.json,checkout-material,361,0,~/YeeBois/projects/beep-effect12,owner-unverified,unverified,source retained; archive from owner checkout,fleet observation only; archive from the owning checkout,foreign-owner
~/YeeBois/projects/beep-effect12/.beep/security-final-local-proof.json,checkout-material,10248,12288,~/YeeBois/projects/beep-effect12,owner-unverified,unverified,source retained; archive from owner checkout,fleet observation only; archive from the owning checkout,foreign-owner
~/YeeBois/projects/beep-effect12/.beep/security-final-sweep.log,checkout-material,613,0,~/YeeBois/projects/beep-effect12,owner-unverified,unverified,source retained; archive from owner checkout,fleet observation only; archive from the owning checkout,foreign-owner
~/YeeBois/projects/beep-effect12/.beep/security-final-sweep-second.log,checkout-material,760,0,~/YeeBois/projects/beep-effect12,owner-unverified,unverified,source retained; archive from owner checkout,fleet observation only; archive from the owning checkout,foreign-owner
~/YeeBois/projects/beep-effect12/.beep/security-main-index-test.log,checkout-material,321,0,~/YeeBois/projects/beep-effect12,owner-unverified,unverified,source retained; archive from owner checkout,fleet observation only; archive from the owning checkout,foreign-owner
~/YeeBois/projects/beep-effect12/.beep/security-final-cleanup.json,checkout-material,383,0,~/YeeBois/projects/beep-effect12,owner-unverified,unverified,source retained; archive from owner checkout,fleet observation only; archive from the owning checkout,foreign-owner
~/YeeBois/projects/beep-effect12/.beep/security-final-completion-receipt.md,checkout-material,2462,0,~/YeeBois/projects/beep-effect12,owner-unverified,unverified,source retained; archive from owner checkout,fleet observation only; archive from the owning checkout,foreign-owner
~/YeeBois/projects/beep-effect12/.beep/security-final-review-audit.json,checkout-material,409,0,~/YeeBois/projects/beep-effect12,owner-unverified,unverified,source retained; archive from owner checkout,fleet observation only; archive from the owning checkout,foreign-owner
~/YeeBois/projects/beep-effect12-pr874/.beep/fallow,checkout-material,82297,77824,~/YeeBois/projects/beep-effect12-pr874,owner-unverified,unverified,source retained; archive from owner checkout,fleet observation only; archive from the owning checkout,foreign-owner
~/YeeBois/projects/beep-effect12-pr874/.beep/ci/jsdoc-documentation.inventory.jsonc,checkout-generated,16839521,16842752,~/YeeBois/projects/beep-effect12-pr874,owner-unverified,unverified,source retained; archive from owner checkout,fleet observation only; archive from the owning checkout,foreign-owner
~/YeeBois/projects/beep-effect12-pr874/.beep/ci/jsdoc-documentation.inventory.md,checkout-generated,73456,73728,~/YeeBois/projects/beep-effect12-pr874,owner-unverified,unverified,source retained; archive from owner checkout,fleet observation only; archive from the owning checkout,foreign-owner
~/YeeBois/projects/beep-effect13/.beep/ci/jsdoc-documentation.inventory.jsonc,checkout-generated,21799971,21803008,~/YeeBois/projects/beep-effect13,owner-unverified,unverified,source retained; archive from owner checkout,fleet observation only; archive from the owning checkout,foreign-owner
~/YeeBois/projects/beep-effect13/.beep/ci/jsdoc-documentation.inventory.md,checkout-generated,401505,405504,~/YeeBois/projects/beep-effect13,owner-unverified,unverified,source retained; archive from owner checkout,fleet observation only; archive from the owning checkout,foreign-owner
~/YeeBois/projects/beep-effect13/.beep/fallow,checkout-material,399554,401408,~/YeeBois/projects/beep-effect13,owner-unverified,unverified,source retained; archive from owner checkout,fleet observation only; archive from the owning checkout,foreign-owner
~/YeeBois/projects/beep-effect13/.beep/quality-review-fix-loop,checkout-material,999875,1003520,~/YeeBois/projects/beep-effect13,owner-unverified,unverified,source retained; archive from owner checkout,fleet observation only; archive from the owning checkout,foreign-owner
~/YeeBois/projects/beep-effect13/.beep/current-inline-schema-census.json,checkout-material,651,0,~/YeeBois/projects/beep-effect13,owner-unverified,unverified,source retained; archive from owner checkout,fleet observation only; archive from the owning checkout,foreign-owner
~/YeeBois/projects/beep-effect13/.beep/post-main-2026-09-08-inline-census.json,checkout-material,25017,28672,~/YeeBois/projects/beep-effect13,owner-unverified,unverified,source retained; archive from owner checkout,fleet observation only; archive from the owning checkout,foreign-owner
~/YeeBois/projects/beep-effect13/.beep/post-main-codemod-analysis.json,checkout-material,10446,12288,~/YeeBois/projects/beep-effect13,owner-unverified,unverified,source retained; archive from owner checkout,fleet observation only; archive from the owning checkout,foreign-owner
~/YeeBois/projects/beep-effect13/.beep/post-main-codemod-write.json,checkout-material,10445,12288,~/YeeBois/projects/beep-effect13,owner-unverified,unverified,source retained; archive from owner checkout,fleet observation only; archive from the owning checkout,foreign-owner
~/YeeBois/projects/beep-effect13/.beep/post-main-2026-09-08-inline-census-zero.json,checkout-material,651,0,~/YeeBois/projects/beep-effect13,owner-unverified,unverified,source retained; archive from owner checkout,fleet observation only; archive from the owning checkout,foreign-owner
~/YeeBois/projects/beep-effect13-handoff/.beep/fallow,checkout-material,13264,12288,~/YeeBois/projects/beep-effect13-handoff,owner-unverified,unverified,source retained; archive from owner checkout,fleet observation only; archive from the owning checkout,foreign-owner
~/YeeBois/projects/beep-effect13-handoff/.beep/ci/jsdoc-documentation.inventory.jsonc,checkout-generated,16322389,16322560,~/YeeBois/projects/beep-effect13-handoff,owner-unverified,unverified,source retained; archive from owner checkout,fleet observation only; archive from the owning checkout,foreign-owner
~/YeeBois/projects/beep-effect13-handoff/.beep/ci/jsdoc-documentation.inventory.md,checkout-generated,73101,73728,~/YeeBois/projects/beep-effect13-handoff,owner-unverified,unverified,source retained; archive from owner checkout,fleet observation only; archive from the owning checkout,foreign-owner
~/YeeBois/projects/beep-effect14/.beep/fallow,checkout-material,15660,12288,~/YeeBois/projects/beep-effect14,owner-unverified,unverified,source retained; archive from owner checkout,fleet observation only; archive from the owning checkout,foreign-owner
~/YeeBois/projects/beep-effect14/.beep/ci/jsdoc-documentation.inventory.jsonc,checkout-generated,16703473,16703488,~/YeeBois/projects/beep-effect14,owner-unverified,unverified,source retained; archive from owner checkout,fleet observation only; archive from the owning checkout,foreign-owner
~/YeeBois/projects/beep-effect14/.beep/ci/jsdoc-documentation.inventory.md,checkout-generated,73265,73728,~/YeeBois/projects/beep-effect14,owner-unverified,unverified,source retained; archive from owner checkout,fleet observation only; archive from the owning checkout,foreign-owner
~/YeeBois/projects/beep-effect14/.beep/codex,checkout-material,11401794,11395072,~/YeeBois/projects/beep-effect14,owner-unverified,unverified,source retained; archive from owner checkout,fleet observation only; archive from the owning checkout,foreign-owner
~/YeeBois/projects/beep-effect15/.beep/ci/jsdoc-documentation.inventory.jsonc,checkout-generated,16705220,16707584,~/YeeBois/projects/beep-effect15,owner-unverified,unverified,source retained; archive from owner checkout,fleet observation only; archive from the owning checkout,foreign-owner
~/YeeBois/projects/beep-effect15/.beep/ci/jsdoc-documentation.inventory.md,checkout-generated,73265,73728,~/YeeBois/projects/beep-effect15,owner-unverified,unverified,source retained; archive from owner checkout,fleet observation only; archive from the owning checkout,foreign-owner
~/YeeBois/projects/beep-effect15/.beep/fallow,checkout-material,23103,20480,~/YeeBois/projects/beep-effect15,owner-unverified,unverified,source retained; archive from owner checkout,fleet observation only; archive from the owning checkout,foreign-owner
~/YeeBois/projects/beep-effect15/.beep/professional-desktop,checkout-material,42912721,42909696,~/YeeBois/projects/beep-effect15,owner-unverified,unverified,source retained; archive from owner checkout,fleet observation only; archive from the owning checkout,foreign-owner
~/YeeBois/projects/beep-effect15/.beep/qa/round-1,checkout-qa,4720561,4755456,~/YeeBois/projects/beep-effect15,owner-unverified,unverified,source retained; archive from owner checkout,fleet observation only; archive from the owning checkout,foreign-owner
~/YeeBois/projects/beep-effect15/.beep/qa/round-2,checkout-qa,5194377,5230592,~/YeeBois/projects/beep-effect15,owner-unverified,unverified,source retained; archive from owner checkout,fleet observation only; archive from the owning checkout,foreign-owner
~/YeeBois/projects/beep-effect15/.beep/qa/round-3,checkout-qa,15806503,15978496,~/YeeBois/projects/beep-effect15,owner-unverified,unverified,source retained; archive from owner checkout,fleet observation only; archive from the owning checkout,foreign-owner
~/YeeBois/projects/beep-effect15/.beep/qa/round-4,checkout-qa,17299500,17522688,~/YeeBois/projects/beep-effect15,owner-unverified,unverified,source retained; archive from owner checkout,fleet observation only; archive from the owning checkout,foreign-owner
~/YeeBois/projects/beep-effect15/.beep/reports,checkout-material,67578,86016,~/YeeBois/projects/beep-effect15,owner-unverified,unverified,source retained; archive from owner checkout,fleet observation only; archive from the owning checkout,foreign-owner
~/YeeBois/projects/beep-effect15-worktrees/devenv-human-layer/.beep/yeet/jobs/<run-id>.log,checkout-jobs,1042860,1044480,~/YeeBois/projects/beep-effect15-worktrees/devenv-human-layer,owner-unverified,unverified,source retained; archive from owner checkout,fleet observation only; archive from the owning checkout,foreign-owner
~/YeeBois/projects/beep-effect15-worktrees/devenv-human-layer/.beep/yeet/jobs/a9966bbf-wait.out,checkout-jobs,202,0,~/YeeBois/projects/beep-effect15-worktrees/devenv-human-layer,owner-unverified,unverified,source retained; archive from owner checkout,fleet observation only; archive from the owning checkout,foreign-owner
~/YeeBois/projects/beep-effect15-worktrees/devenv-human-layer/.beep/yeet/jobs/<run-id>.json,checkout-jobs,4062,0,~/YeeBois/projects/beep-effect15-worktrees/devenv-human-layer,owner-unverified,unverified,source retained; archive from owner checkout,fleet observation only; archive from the owning checkout,foreign-owner
~/YeeBois/projects/beep-effect15-worktrees/devenv-human-layer/.beep/yeet/jobs/<run-id>.log,checkout-jobs,12054,12288,~/YeeBois/projects/beep-effect15-worktrees/devenv-human-layer,owner-unverified,unverified,source retained; archive from owner checkout,fleet observation only; archive from the owning checkout,foreign-owner
~/YeeBois/projects/beep-effect15-worktrees/devenv-human-layer/.beep/yeet/jobs/<run-id>.json,checkout-jobs,2475,0,~/YeeBois/projects/beep-effect15-worktrees/devenv-human-layer,owner-unverified,unverified,source retained; archive from owner checkout,fleet observation only; archive from the owning checkout,foreign-owner
~/YeeBois/projects/beep-effect15-worktrees/devenv-human-layer/.beep/yeet/jobs/<run-id>.log,checkout-jobs,350847,352256,~/YeeBois/projects/beep-effect15-worktrees/devenv-human-layer,owner-unverified,unverified,source retained; archive from owner checkout,fleet observation only; archive from the owning checkout,foreign-owner
~/YeeBois/projects/beep-effect15-worktrees/devenv-human-layer/.beep/yeet/jobs/<run-id>.json,checkout-jobs,2111,0,~/YeeBois/projects/beep-effect15-worktrees/devenv-human-layer,owner-unverified,unverified,source retained; archive from owner checkout,fleet observation only; archive from the owning checkout,foreign-owner
~/YeeBois/projects/beep-effect15-worktrees/devenv-human-layer/.beep/fallow,checkout-material,399198,397312,~/YeeBois/projects/beep-effect15-worktrees/devenv-human-layer,owner-unverified,unverified,source retained; archive from owner checkout,fleet observation only; archive from the owning checkout,foreign-owner
~/YeeBois/projects/beep-effect15-worktrees/devenv-human-layer/.beep/quality,checkout-material,0,0,~/YeeBois/projects/beep-effect15-worktrees/devenv-human-layer,owner-unverified,unverified,source retained; archive from owner checkout,fleet observation only; archive from the owning checkout,foreign-owner
~/YeeBois/projects/beep-effect15-worktrees/devenv-human-layer/.beep/ci/jsdoc-documentation.inventory.jsonc,checkout-generated,20856720,20856832,~/YeeBois/projects/beep-effect15-worktrees/devenv-human-layer,owner-unverified,unverified,source retained; archive from owner checkout,fleet observation only; archive from the owning checkout,foreign-owner
~/YeeBois/projects/beep-effect15-worktrees/devenv-human-layer/.beep/ci/jsdoc-documentation.inventory.md,checkout-generated,361244,364544,~/YeeBois/projects/beep-effect15-worktrees/devenv-human-layer,owner-unverified,unverified,source retained; archive from owner checkout,fleet observation only; archive from the owning checkout,foreign-owner
~/YeeBois/projects/beep-effect15/.claude/worktrees/codex-ui-linting/.beep/qa-shadcn-buttons.mjs,checkout-material,9199,12288,~/YeeBois/projects/beep-effect15/.claude/worktrees/codex-ui-linting,owner-unverified,unverified,source retained; archive from owner checkout,fleet observation only; archive from the owning checkout,foreign-owner
~/YeeBois/projects/beep-effect15/.claude/worktrees/codex-ui-linting/.beep/qa/round-1,checkout-qa,2551313,2564096,~/YeeBois/projects/beep-effect15/.claude/worktrees/codex-ui-linting,owner-unverified,unverified,source retained; archive from owner checkout,fleet observation only; archive from the owning checkout,foreign-owner
~/YeeBois/projects/beep-effect15/.claude/worktrees/codex-ui-linting/.beep/qa/round-2,checkout-qa,4613551,4698112,~/YeeBois/projects/beep-effect15/.claude/worktrees/codex-ui-linting,owner-unverified,unverified,source retained; archive from owner checkout,fleet observation only; archive from the owning checkout,foreign-owner
~/YeeBois/projects/beep-effect15/.claude/worktrees/codex-ui-linting/.beep/qa/round-3,checkout-qa,3073442,3080192,~/YeeBois/projects/beep-effect15/.claude/worktrees/codex-ui-linting,owner-unverified,unverified,source retained; archive from owner checkout,fleet observation only; archive from the owning checkout,foreign-owner
~/YeeBois/projects/beep-effect15/.claude/worktrees/codex-ui-linting/.beep/qa/round-4,checkout-qa,3374857,3379200,~/YeeBois/projects/beep-effect15/.claude/worktrees/codex-ui-linting,owner-unverified,unverified,source retained; archive from owner checkout,fleet observation only; archive from the owning checkout,foreign-owner
~/YeeBois/projects/beep-effect15/.claude/worktrees/codex-ui-linting/.beep/qa/round-5,checkout-qa,3187995,3194880,~/YeeBois/projects/beep-effect15/.claude/worktrees/codex-ui-linting,owner-unverified,unverified,source retained; archive from owner checkout,fleet observation only; archive from the owning checkout,foreign-owner
~/YeeBois/projects/beep-effect15/.claude/worktrees/codex-ui-linting/.beep/qa/round-6,checkout-qa,20898811,21020672,~/YeeBois/projects/beep-effect15/.claude/worktrees/codex-ui-linting,owner-unverified,unverified,source retained; archive from owner checkout,fleet observation only; archive from the owning checkout,foreign-owner
~/YeeBois/projects/beep-effect15/.claude/worktrees/codex-ui-linting/.beep/qa/round-7,checkout-qa,1053993,1064960,~/YeeBois/projects/beep-effect15/.claude/worktrees/codex-ui-linting,owner-unverified,unverified,source retained; archive from owner checkout,fleet observation only; archive from the owning checkout,foreign-owner
~/YeeBois/projects/beep-effect15/.claude/worktrees/codex-ui-linting/.beep/qa/round-8,checkout-qa,5925852,6148096,~/YeeBois/projects/beep-effect15/.claude/worktrees/codex-ui-linting,owner-unverified,unverified,source retained; archive from owner checkout,fleet observation only; archive from the owning checkout,foreign-owner
~/YeeBois/projects/beep-effect15/.claude/worktrees/codex-ui-linting/.beep/qa/round-9,checkout-qa,6142097,6221824,~/YeeBois/projects/beep-effect15/.claude/worktrees/codex-ui-linting,owner-unverified,unverified,source retained; archive from owner checkout,fleet observation only; archive from the owning checkout,foreign-owner
~/YeeBois/projects/beep-effect15/.claude/worktrees/codex-ui-linting/.beep/qa/round-10,checkout-qa,4087172,4268032,~/YeeBois/projects/beep-effect15/.claude/worktrees/codex-ui-linting,owner-unverified,unverified,source retained; archive from owner checkout,fleet observation only; archive from the owning checkout,foreign-owner
~/YeeBois/projects/beep-effect15/.claude/worktrees/codex-ui-linting/.beep/fallow,checkout-material,20377,16384,~/YeeBois/projects/beep-effect15/.claude/worktrees/codex-ui-linting,owner-unverified,unverified,source retained; archive from owner checkout,fleet observation only; archive from the owning checkout,foreign-owner
~/YeeBois/projects/beep-effect15/.claude/worktrees/codex-ui-linting/.beep/ci/jsdoc-documentation.inventory.jsonc,checkout-generated,16745610,16748544,~/YeeBois/projects/beep-effect15/.claude/worktrees/codex-ui-linting,owner-unverified,unverified,source retained; archive from owner checkout,fleet observation only; archive from the owning checkout,foreign-owner
~/YeeBois/projects/beep-effect15/.claude/worktrees/codex-ui-linting/.beep/ci/jsdoc-documentation.inventory.md,checkout-generated,73265,73728,~/YeeBois/projects/beep-effect15/.claude/worktrees/codex-ui-linting,owner-unverified,unverified,source retained; archive from owner checkout,fleet observation only; archive from the owning checkout,foreign-owner
~/YeeBois/projects/beep-effect16/.beep/fallow,checkout-material,14805,12288,~/YeeBois/projects/beep-effect16,owner-unverified,unverified,source retained; archive from owner checkout,fleet observation only; archive from the owning checkout,foreign-owner
~/YeeBois/projects/beep-effect16/.beep/ci/jsdoc-documentation.inventory.jsonc,checkout-generated,20845481,20848640,~/YeeBois/projects/beep-effect16,owner-unverified,unverified,source retained; archive from owner checkout,fleet observation only; archive from the owning checkout,foreign-owner
~/YeeBois/projects/beep-effect16/.beep/ci/jsdoc-documentation.inventory.md,checkout-generated,65031,65536,~/YeeBois/projects/beep-effect16,owner-unverified,unverified,source retained; archive from owner checkout,fleet observation only; archive from the owning checkout,foreign-owner
~/YeeBois/projects/beep-effect16/.beep/cache,checkout-material,9422,0,~/YeeBois/projects/beep-effect16,owner-unverified,unverified,source retained; archive from owner checkout,fleet observation only; archive from the owning checkout,foreign-owner
~/YeeBois/projects/beep-effect16/.beep/box-provisioning,checkout-material,211669,217088,~/YeeBois/projects/beep-effect16,owner-unverified,unverified,source retained; archive from owner checkout,fleet observation only; archive from the owning checkout,foreign-owner
~/YeeBois/projects/beep-effect16/.beep/box-onboarding,checkout-material,2768,0,~/YeeBois/projects/beep-effect16,owner-unverified,unverified,source retained; archive from owner checkout,fleet observation only; archive from the owning checkout,foreign-owner
~/YeeBois/projects/beep-effect16-widen2/.beep/ci/jsdoc-documentation.inventory.jsonc,checkout-generated,16323190,16326656,~/YeeBois/projects/beep-effect16-widen2,owner-unverified,unverified,source retained; archive from owner checkout,fleet observation only; archive from the owning checkout,foreign-owner
~/YeeBois/projects/beep-effect16-widen2/.beep/ci/jsdoc-documentation.inventory.md,checkout-generated,72986,73728,~/YeeBois/projects/beep-effect16-widen2,owner-unverified,unverified,source retained; archive from owner checkout,fleet observation only; archive from the owning checkout,foreign-owner
~/YeeBois/projects/beep-effect16-widen3/.beep/pr3.patch,checkout-material,60213,61440,~/YeeBois/projects/beep-effect16-widen3,owner-unverified,unverified,source retained; archive from owner checkout,fleet observation only; archive from the owning checkout,foreign-owner
~/YeeBois/projects/beep-effect16-widen3/.beep/kernel-pr3-report.md,checkout-material,6375,8192,~/YeeBois/projects/beep-effect16-widen3,owner-unverified,unverified,source retained; archive from owner checkout,fleet observation only; archive from the owning checkout,foreign-owner
~/YeeBois/projects/beep-effect17/.beep/fallow,checkout-material,20507,16384,~/YeeBois/projects/beep-effect17,owner-unverified,unverified,source retained; archive from owner checkout,fleet observation only; archive from the owning checkout,foreign-owner
~/YeeBois/projects/beep-effect17/.beep/ci/jsdoc-documentation.inventory.jsonc,checkout-generated,16770236,16773120,~/YeeBois/projects/beep-effect17,owner-unverified,unverified,source retained; archive from owner checkout,fleet observation only; archive from the owning checkout,foreign-owner
~/YeeBois/projects/beep-effect17/.beep/ci/jsdoc-documentation.inventory.md,checkout-generated,73265,73728,~/YeeBois/projects/beep-effect17,owner-unverified,unverified,source retained; archive from owner checkout,fleet observation only; archive from the owning checkout,foreign-owner
~/YeeBois/projects/beep-effect17/.beep/professional-desktop,checkout-material,42863634,42860544,~/YeeBois/projects/beep-effect17,owner-unverified,unverified,source retained; archive from owner checkout,fleet observation only; archive from the owning checkout,foreign-owner
~/YeeBois/projects/beep-effect18/.beep/ci/jsdoc-documentation.inventory.jsonc,checkout-generated,20539934,20541440,~/YeeBois/projects/beep-effect18,owner-unverified,unverified,source retained; archive from owner checkout,fleet observation only; archive from the owning checkout,foreign-owner
~/YeeBois/projects/beep-effect18/.beep/ci/jsdoc-documentation.inventory.md,checkout-generated,361704,364544,~/YeeBois/projects/beep-effect18,owner-unverified,unverified,source retained; archive from owner checkout,fleet observation only; archive from the owning checkout,foreign-owner
~/YeeBois/projects/beep-effect18/.beep/fallow,checkout-material,392080,389120,~/YeeBois/projects/beep-effect18,owner-unverified,unverified,source retained; archive from owner checkout,fleet observation only; archive from the owning checkout,foreign-owner
~/YeeBois/projects/beep-effect18/.beep/corpus-test-repos,checkout-material,0,0,~/YeeBois/projects/beep-effect18,owner-unverified,unverified,source retained; archive from owner checkout,fleet observation only; archive from the owning checkout,foreign-owner
~/YeeBois/projects/beep-effect18/.beep/quality,checkout-material,0,0,~/YeeBois/projects/beep-effect18,owner-unverified,unverified,source retained; archive from owner checkout,fleet observation only; archive from the owning checkout,foreign-owner
~/YeeBois/projects/beep-effect18-worktrees/lint-policy-close-proof/.beep/fallow,checkout-material,19285,16384,~/YeeBois/projects/beep-effect18-worktrees/lint-policy-close-proof,owner-unverified,unverified,source retained; archive from owner checkout,fleet observation only; archive from the owning checkout,foreign-owner
~/YeeBois/projects/beep-effect19/.beep/ci/jsdoc-documentation.inventory.jsonc,checkout-generated,20461284,20463616,~/YeeBois/projects/beep-effect19,owner-unverified,unverified,source retained; archive from owner checkout,fleet observation only; archive from the owning checkout,foreign-owner
~/YeeBois/projects/beep-effect19/.beep/ci/jsdoc-documentation.inventory.md,checkout-generated,360973,364544,~/YeeBois/projects/beep-effect19,owner-unverified,unverified,source retained; archive from owner checkout,fleet observation only; archive from the owning checkout,foreign-owner
~/YeeBois/projects/beep-effect19/.beep/fallow,checkout-material,787720,815104,~/YeeBois/projects/beep-effect19,owner-unverified,unverified,source retained; archive from owner checkout,fleet observation only; archive from the owning checkout,foreign-owner
~/YeeBois/projects/beep-effect19/.beep/runner-trust-boundary,checkout-material,3221,0,~/YeeBois/projects/beep-effect19,owner-unverified,unverified,source retained; archive from owner checkout,fleet observation only; archive from the owning checkout,foreign-owner
~/YeeBois/projects/beep-effect19/.beep/professional-desktop,checkout-material,43117521,43114496,~/YeeBois/projects/beep-effect19,owner-unverified,unverified,source retained; archive from owner checkout,fleet observation only; archive from the owning checkout,foreign-owner
~/YeeBois/projects/beep-effect19/.beep/qa-capture.mjs,checkout-material,9819,12288,~/YeeBois/projects/beep-effect19,owner-unverified,unverified,source retained; archive from owner checkout,fleet observation only; archive from the owning checkout,foreign-owner
~/YeeBois/projects/beep-effect19/.beep/qa/round-1,checkout-qa,387997,397312,~/YeeBois/projects/beep-effect19,owner-unverified,unverified,source retained; archive from owner checkout,fleet observation only; archive from the owning checkout,foreign-owner
~/YeeBois/projects/beep-effect19/.beep/qa/round-2,checkout-qa,422477,430080,~/YeeBois/projects/beep-effect19,owner-unverified,unverified,source retained; archive from owner checkout,fleet observation only; archive from the owning checkout,foreign-owner
~/YeeBois/projects/beep-effect19/.beep/qa/round-3,checkout-qa,937849,950272,~/YeeBois/projects/beep-effect19,owner-unverified,unverified,source retained; archive from owner checkout,fleet observation only; archive from the owning checkout,foreign-owner
~/YeeBois/projects/beep-effect19/.beep/qa/round-4,checkout-qa,11345896,11436032,~/YeeBois/projects/beep-effect19,owner-unverified,unverified,source retained; archive from owner checkout,fleet observation only; archive from the owning checkout,foreign-owner
~/YeeBois/projects/beep-effect19/.beep/qa/round-5,checkout-qa,10978713,11083776,~/YeeBois/projects/beep-effect19,owner-unverified,unverified,source retained; archive from owner checkout,fleet observation only; archive from the owning checkout,foreign-owner
~/YeeBois/projects/beep-effect19/.beep/qa/round-6,checkout-qa,11265220,11358208,~/YeeBois/projects/beep-effect19,owner-unverified,unverified,source retained; archive from owner checkout,fleet observation only; archive from the owning checkout,foreign-owner
~/YeeBois/projects/beep-effect19/.beep/qa/round-7,checkout-qa,1676964,1699840,~/YeeBois/projects/beep-effect19,owner-unverified,unverified,source retained; archive from owner checkout,fleet observation only; archive from the owning checkout,foreign-owner
~/YeeBois/projects/beep-effect19/.beep/qa/round-8,checkout-qa,19017604,19189760,~/YeeBois/projects/beep-effect19,owner-unverified,unverified,source retained; archive from owner checkout,fleet observation only; archive from the owning checkout,foreign-owner
~/YeeBois/projects/beep-effect19/.beep/qa/round-9,checkout-qa,18731986,18886656,~/YeeBois/projects/beep-effect19,owner-unverified,unverified,source retained; archive from owner checkout,fleet observation only; archive from the owning checkout,foreign-owner
~/YeeBois/projects/beep-effect19/.beep/qa/round-10,checkout-qa,19202029,19398656,~/YeeBois/projects/beep-effect19,owner-unverified,unverified,source retained; archive from owner checkout,fleet observation only; archive from the owning checkout,foreign-owner
~/YeeBois/projects/beep-effect19/.beep/inspect-overlay.mjs,checkout-material,1350,0,~/YeeBois/projects/beep-effect19,owner-unverified,unverified,source retained; archive from owner checkout,fleet observation only; archive from the owning checkout,foreign-owner
~/YeeBois/projects/beep-effect19/.beep/pr-t7-p0-codex.md,checkout-material,6785,8192,~/YeeBois/projects/beep-effect19,owner-unverified,unverified,source retained; archive from owner checkout,fleet observation only; archive from the owning checkout,foreign-owner
~/YeeBois/projects/beep-effect19/.beep/yeet-publish.log,checkout-material,42379,45056,~/YeeBois/projects/beep-effect19,owner-unverified,unverified,source retained; archive from owner checkout,fleet observation only; archive from the owning checkout,foreign-owner
~/YeeBois/projects/beep-effect19/.beep/quality,checkout-material,0,0,~/YeeBois/projects/beep-effect19,owner-unverified,unverified,source retained; archive from owner checkout,fleet observation only; archive from the owning checkout,foreign-owner
~/YeeBois/projects/beep-effect19/.beep/notification-origins-handoff.md,checkout-material,2599,0,~/YeeBois/projects/beep-effect19,owner-unverified,unverified,source retained; archive from owner checkout,fleet observation only; archive from the owning checkout,foreign-owner
~/YeeBois/projects/beep-effect19-openai-driver/.beep/fallow,checkout-material,13364,12288,~/YeeBois/projects/beep-effect19-openai-driver,owner-unverified,unverified,source retained; archive from owner checkout,fleet observation only; archive from the owning checkout,foreign-owner
~/YeeBois/projects/beep-effect19-openai-driver/.beep/ci/jsdoc-documentation.inventory.jsonc,checkout-generated,16799239,16801792,~/YeeBois/projects/beep-effect19-openai-driver,owner-unverified,unverified,source retained; archive from owner checkout,fleet observation only; archive from the owning checkout,foreign-owner
~/YeeBois/projects/beep-effect19-openai-driver/.beep/ci/jsdoc-documentation.inventory.md,checkout-generated,73343,73728,~/YeeBois/projects/beep-effect19-openai-driver,owner-unverified,unverified,source retained; archive from owner checkout,fleet observation only; archive from the owning checkout,foreign-owner
~/YeeBois/projects/beep-effect19-scratchpad-type-repairs/.beep/fallow,checkout-material,12890,12288,~/YeeBois/projects/beep-effect19-scratchpad-type-repairs,owner-unverified,unverified,source retained; archive from owner checkout,fleet observation only; archive from the owning checkout,foreign-owner
~/YeeBois/projects/beep-effect19/.claude/worktrees/gifted-hugle-560e0f/.beep/yeet/jobs/<run-id>.log,checkout-jobs,59556,61440,~/YeeBois/projects/beep-effect19/.claude/worktrees/gifted-hugle-560e0f,owner-unverified,unverified,source retained; archive from owner checkout,fleet observation only; archive from the owning checkout,foreign-owner
~/YeeBois/projects/beep-effect19/.claude/worktrees/gifted-hugle-560e0f/.beep/yeet/jobs/<run-id>.json,checkout-jobs,3815,0,~/YeeBois/projects/beep-effect19/.claude/worktrees/gifted-hugle-560e0f,owner-unverified,unverified,source retained; archive from owner checkout,fleet observation only; archive from the owning checkout,foreign-owner
~/YeeBois/projects/beep-effect19/.claude/worktrees/gifted-hugle-560e0f/.beep/fallow,checkout-material,417130,417792,~/YeeBois/projects/beep-effect19/.claude/worktrees/gifted-hugle-560e0f,owner-unverified,unverified,source retained; archive from owner checkout,fleet observation only; archive from the owning checkout,foreign-owner
~/YeeBois/projects/beep-effect2/.beep/yeet/jobs/<run-id>.log,checkout-jobs,55758,57344,~/YeeBois/projects/beep-effect2,owner-unverified,unverified,source retained; archive from owner checkout,fleet observation only; archive from the owning checkout,foreign-owner
~/YeeBois/projects/beep-effect2/.beep/yeet/jobs/<run-id>.json,checkout-jobs,1998,0,~/YeeBois/projects/beep-effect2,owner-unverified,unverified,source retained; archive from owner checkout,fleet observation only; archive from the owning checkout,foreign-owner
~/YeeBois/projects/beep-effect2/.beep/yeet/jobs/<run-id>.log,checkout-jobs,87633,90112,~/YeeBois/projects/beep-effect2,owner-unverified,unverified,source retained; archive from owner checkout,fleet observation only; archive from the owning checkout,foreign-owner
~/YeeBois/projects/beep-effect2/.beep/yeet/jobs/<run-id>.json,checkout-jobs,2230,0,~/YeeBois/projects/beep-effect2,owner-unverified,unverified,source retained; archive from owner checkout,fleet observation only; archive from the owning checkout,foreign-owner
~/YeeBois/projects/beep-effect2/.beep/yeet/jobs/<run-id>.log,checkout-jobs,75295,77824,~/YeeBois/projects/beep-effect2,owner-unverified,unverified,source retained; archive from owner checkout,fleet observation only; archive from the owning checkout,foreign-owner
~/YeeBois/projects/beep-effect2/.beep/yeet/jobs/<run-id>.json,checkout-jobs,2096,0,~/YeeBois/projects/beep-effect2,owner-unverified,unverified,source retained; archive from owner checkout,fleet observation only; archive from the owning checkout,foreign-owner
~/YeeBois/projects/beep-effect2/.beep/tmp,checkout-material,27295,28672,~/YeeBois/projects/beep-effect2,owner-unverified,unverified,source retained; archive from owner checkout,fleet observation only; archive from the owning checkout,foreign-owner
~/YeeBois/projects/beep-effect2/.beep/ci/jsdoc-documentation.inventory.jsonc,checkout-generated,19392099,19394560,~/YeeBois/projects/beep-effect2,owner-unverified,unverified,source retained; archive from owner checkout,fleet observation only; archive from the owning checkout,foreign-owner
~/YeeBois/projects/beep-effect2/.beep/ci/jsdoc-documentation.inventory.md,checkout-generated,175256,176128,~/YeeBois/projects/beep-effect2,owner-unverified,unverified,source retained; archive from owner checkout,fleet observation only; archive from the owning checkout,foreign-owner
~/YeeBois/projects/beep-effect2/.beep/qa-capture.mjs,checkout-material,2971,0,~/YeeBois/projects/beep-effect2,owner-unverified,unverified,source retained; archive from owner checkout,fleet observation only; archive from the owning checkout,foreign-owner
~/YeeBois/projects/beep-effect2/.beep/qa/round-1,checkout-qa,624868,626688,~/YeeBois/projects/beep-effect2,owner-unverified,unverified,source retained; archive from owner checkout,fleet observation only; archive from the owning checkout,foreign-owner
~/YeeBois/projects/beep-effect2/.beep/fallow,checkout-material,868385,868352,~/YeeBois/projects/beep-effect2,owner-unverified,unverified,source retained; archive from owner checkout,fleet observation only; archive from the owning checkout,foreign-owner
~/YeeBois/projects/beep-effect2/.beep/preview,checkout-material,0,0,~/YeeBois/projects/beep-effect2,owner-unverified,unverified,source retained; archive from owner checkout,fleet observation only; archive from the owning checkout,foreign-owner
~/YeeBois/projects/beep-effect2/.beep/task-qualification-workspaces.json,checkout-material,14374,16384,~/YeeBois/projects/beep-effect2,owner-unverified,unverified,source retained; archive from owner checkout,fleet observation only; archive from the owning checkout,foreign-owner
~/YeeBois/projects/beep-effect2/.beep/task-qualification-refresh.json,checkout-material,195276,196608,~/YeeBois/projects/beep-effect2,owner-unverified,unverified,source retained; archive from owner checkout,fleet observation only; archive from the owning checkout,foreign-owner
~/YeeBois/projects/beep-effect2/.beep/task-qualification-pilot-dry.json,checkout-material,11844,12288,~/YeeBois/projects/beep-effect2,owner-unverified,unverified,source retained; archive from owner checkout,fleet observation only; archive from the owning checkout,foreign-owner
~/YeeBois/projects/beep-effect2/.beep/task-qualification-all-dry.json,checkout-material,28537039,28540928,~/YeeBois/projects/beep-effect2,owner-unverified,unverified,source retained; archive from owner checkout,fleet observation only; archive from the owning checkout,foreign-owner
~/YeeBois/projects/beep-effect2/.beep/cache-census-command.log,checkout-material,11917722,11919360,~/YeeBois/projects/beep-effect2,owner-unverified,unverified,source retained; archive from owner checkout,fleet observation only; archive from the owning checkout,foreign-owner
~/YeeBois/projects/beep-effect2/.beep/cache-qualification-policy-verify.log,checkout-material,247,0,~/YeeBois/projects/beep-effect2,owner-unverified,unverified,source retained; archive from owner checkout,fleet observation only; archive from the owning checkout,foreign-owner
~/YeeBois/projects/beep-effect2/.beep/cache-census.json,checkout-material,2045318,2048000,~/YeeBois/projects/beep-effect2,owner-unverified,unverified,source retained; archive from owner checkout,fleet observation only; archive from the owning checkout,foreign-owner
~/YeeBois/projects/beep-effect2/.beep/cache-qualification-cli-verify.log,checkout-material,226,0,~/YeeBois/projects/beep-effect2,owner-unverified,unverified,source retained; archive from owner checkout,fleet observation only; archive from the owning checkout,foreign-owner
~/YeeBois/projects/beep-effect2/.beep/cache-qualification-goals-doctor.log,checkout-material,728,0,~/YeeBois/projects/beep-effect2,owner-unverified,unverified,source retained; archive from owner checkout,fleet observation only; archive from the owning checkout,foreign-owner
~/YeeBois/projects/beep-effect2/.beep/cache-qualification-explore-check.log,checkout-material,7404,8192,~/YeeBois/projects/beep-effect2,owner-unverified,unverified,source retained; archive from owner checkout,fleet observation only; archive from the owning checkout,foreign-owner
~/YeeBois/projects/beep-effect2/.beep/cache-qualification-scheduler-status.json,checkout-material,5254,8192,~/YeeBois/projects/beep-effect2,owner-unverified,unverified,source retained; archive from owner checkout,fleet observation only; archive from the owning checkout,foreign-owner
~/YeeBois/projects/beep-effect2/.beep/cache-qualification-schema-first.log,checkout-material,905,0,~/YeeBois/projects/beep-effect2,owner-unverified,unverified,source retained; archive from owner checkout,fleet observation only; archive from the owning checkout,foreign-owner
~/YeeBois/projects/beep-effect2/.beep/cache-census-governance.json,checkout-material,2640981,2641920,~/YeeBois/projects/beep-effect2,owner-unverified,unverified,source retained; archive from owner checkout,fleet observation only; archive from the owning checkout,foreign-owner
~/YeeBois/projects/beep-effect2/.beep/cache,checkout-material,62,0,~/YeeBois/projects/beep-effect2,owner-unverified,unverified,source retained; archive from owner checkout,fleet observation only; archive from the owning checkout,foreign-owner
~/YeeBois/projects/beep-effect2/.beep/cache-policy-audit.json,checkout-material,24757,28672,~/YeeBois/projects/beep-effect2,owner-unverified,unverified,source retained; archive from owner checkout,fleet observation only; archive from the owning checkout,foreign-owner
~/YeeBois/projects/beep-effect2/.beep/cache-qualification-repo-configs-verify.log,checkout-material,247,0,~/YeeBois/projects/beep-effect2,owner-unverified,unverified,source retained; archive from owner checkout,fleet observation only; archive from the owning checkout,foreign-owner
~/YeeBois/projects/beep-effect2/.beep/cache-qualification-repo-cli-verify.log,checkout-material,226,0,~/YeeBois/projects/beep-effect2,owner-unverified,unverified,source retained; archive from owner checkout,fleet observation only; archive from the owning checkout,foreign-owner
~/YeeBois/projects/beep-effect2/.beep/cache-entrypoint-plan-snapshot.ts,checkout-material,2469,0,~/YeeBois/projects/beep-effect2,owner-unverified,unverified,source retained; archive from owner checkout,fleet observation only; archive from the owning checkout,foreign-owner
~/YeeBois/projects/beep-effect2/.beep/identity-lint-live-identity.json,checkout-material,4750,8192,~/YeeBois/projects/beep-effect2,owner-unverified,unverified,source retained; archive from owner checkout,fleet observation only; archive from the owning checkout,foreign-owner
~/YeeBois/projects/beep-effect2/.beep/qualification-local-preflight,checkout-qualification,977040162,953040896,~/YeeBois/projects/beep-effect2,owner-unverified,unverified,source retained; archive from owner checkout,fleet observation only; archive from the owning checkout,foreign-owner
~/YeeBois/projects/beep-effect2/.beep/cache-policy-after-exclusion.json,checkout-material,24850,28672,~/YeeBois/projects/beep-effect2,owner-unverified,unverified,source retained; archive from owner checkout,fleet observation only; archive from the owning checkout,foreign-owner
~/YeeBois/projects/beep-effect2/.beep/cache-census-runtime.json,checkout-material,2641118,2641920,~/YeeBois/projects/beep-effect2,owner-unverified,unverified,source retained; archive from owner checkout,fleet observation only; archive from the owning checkout,foreign-owner
~/YeeBois/projects/beep-effect2/.beep/quality,checkout-material,0,0,~/YeeBois/projects/beep-effect2,owner-unverified,unverified,source retained; archive from owner checkout,fleet observation only; archive from the owning checkout,foreign-owner
~/YeeBois/projects/beep-effect2/.beep/qualification-recovery,checkout-qualification,50995,40960,~/YeeBois/projects/beep-effect2,owner-unverified,unverified,source retained; archive from owner checkout,fleet observation only; archive from the owning checkout,foreign-owner
~/YeeBois/projects/beep-effect2/.beep/qualification-resume-20260925,checkout-qualification,12297962,12140544,~/YeeBois/projects/beep-effect2,owner-unverified,unverified,source retained; archive from owner checkout,fleet observation only; archive from the owning checkout,foreign-owner
~/YeeBois/projects/beep-effect2-proof/.beep/ci/jsdoc-documentation.inventory.jsonc,checkout-generated,15520318,15523840,~/YeeBois/projects/beep-effect2-proof,owner-unverified,unverified,source retained; archive from owner checkout,fleet observation only; archive from the owning checkout,foreign-owner
~/YeeBois/projects/beep-effect2-proof/.beep/ci/jsdoc-documentation.inventory.md,checkout-generated,83901,86016,~/YeeBois/projects/beep-effect2-proof,owner-unverified,unverified,source retained; archive from owner checkout,fleet observation only; archive from the owning checkout,foreign-owner
~/YeeBois/projects/beep-effect2-worktrees/cache-evidence-secret-policy/.beep/fallow,checkout-material,365041,364544,~/YeeBois/projects/beep-effect2-worktrees/cache-evidence-secret-policy,owner-unverified,unverified,source retained; archive from owner checkout,fleet observation only; archive from the owning checkout,foreign-owner
~/YeeBois/projects/beep-effect2-worktrees/cache-evidence-secret-policy/.beep/ci/jsdoc-documentation.inventory.jsonc,checkout-generated,20128786,20131840,~/YeeBois/projects/beep-effect2-worktrees/cache-evidence-secret-policy,owner-unverified,unverified,source retained; archive from owner checkout,fleet observation only; archive from the owning checkout,foreign-owner
~/YeeBois/projects/beep-effect2-worktrees/cache-evidence-secret-policy/.beep/ci/jsdoc-documentation.inventory.md,checkout-generated,359725,360448,~/YeeBois/projects/beep-effect2-worktrees/cache-evidence-secret-policy,owner-unverified,unverified,source retained; archive from owner checkout,fleet observation only; archive from the owning checkout,foreign-owner
~/YeeBois/projects/beep-effect2-worktrees/cache-evidence-secret-policy/.beep/diagnose-acp-roundtrip.ts,checkout-material,1369,0,~/YeeBois/projects/beep-effect2-worktrees/cache-evidence-secret-policy,owner-unverified,unverified,source retained; archive from owner checkout,fleet observation only; archive from the owning checkout,foreign-owner
~/YeeBois/projects/beep-effect2-worktrees/deprecation-purge/.beep/fallow,checkout-material,12905,12288,~/YeeBois/projects/beep-effect2-worktrees/deprecation-purge,owner-unverified,unverified,source retained; archive from owner checkout,fleet observation only; archive from the owning checkout,foreign-owner
~/YeeBois/projects/beep-effect2-worktrees/deprecation-purge/.beep/ci/jsdoc-documentation.inventory.jsonc,checkout-generated,20744156,20746240,~/YeeBois/projects/beep-effect2-worktrees/deprecation-purge,owner-unverified,unverified,source retained; archive from owner checkout,fleet observation only; archive from the owning checkout,foreign-owner
~/YeeBois/projects/beep-effect2-worktrees/deprecation-purge/.beep/ci/jsdoc-documentation.inventory.md,checkout-generated,64933,65536,~/YeeBois/projects/beep-effect2-worktrees/deprecation-purge,owner-unverified,unverified,source retained; archive from owner checkout,fleet observation only; archive from the owning checkout,foreign-owner
~/YeeBois/projects/beep-effect2-worktrees/doctest-mark-ui-system/.beep/fallow,checkout-material,10023,12288,~/YeeBois/projects/beep-effect2-worktrees/doctest-mark-ui-system,owner-unverified,unverified,source retained; archive from owner checkout,fleet observation only; archive from the owning checkout,foreign-owner
~/YeeBois/projects/beep-effect2-worktrees/doctest-mark-ui-system/.beep/ci/jsdoc-documentation.inventory.jsonc,checkout-generated,16705220,16707584,~/YeeBois/projects/beep-effect2-worktrees/doctest-mark-ui-system,owner-unverified,unverified,source retained; archive from owner checkout,fleet observation only; archive from the owning checkout,foreign-owner
~/YeeBois/projects/beep-effect2-worktrees/doctest-mark-ui-system/.beep/ci/jsdoc-documentation.inventory.md,checkout-generated,73265,73728,~/YeeBois/projects/beep-effect2-worktrees/doctest-mark-ui-system,owner-unverified,unverified,source retained; archive from owner checkout,fleet observation only; archive from the owning checkout,foreign-owner
~/YeeBois/projects/beep-effect2-worktrees/effect-vitest-acp/.beep/yeet/jobs/<run-id>.log,checkout-jobs,255435,258048,~/YeeBois/projects/beep-effect2-worktrees/effect-vitest-acp,owner-unverified,unverified,source retained; archive from owner checkout,fleet observation only; archive from the owning checkout,foreign-owner
~/YeeBois/projects/beep-effect2-worktrees/effect-vitest-acp/.beep/yeet/jobs/<run-id>.log,checkout-jobs,580757,581632,~/YeeBois/projects/beep-effect2-worktrees/effect-vitest-acp,owner-unverified,unverified,source retained; archive from owner checkout,fleet observation only; archive from the owning checkout,foreign-owner
~/YeeBois/projects/beep-effect2-worktrees/effect-vitest-acp/.beep/yeet/jobs/<run-id>.json,checkout-jobs,2119,0,~/YeeBois/projects/beep-effect2-worktrees/effect-vitest-acp,owner-unverified,unverified,source retained; archive from owner checkout,fleet observation only; archive from the owning checkout,foreign-owner
~/YeeBois/projects/beep-effect2-worktrees/effect-vitest-acp/.beep/yeet/jobs/<run-id>.json,checkout-jobs,2354,0,~/YeeBois/projects/beep-effect2-worktrees/effect-vitest-acp,owner-unverified,unverified,source retained; archive from owner checkout,fleet observation only; archive from the owning checkout,foreign-owner
~/YeeBois/projects/beep-effect2-worktrees/effect-vitest-acp/.beep/yeet/jobs/<run-id>.log,checkout-jobs,135193,139264,~/YeeBois/projects/beep-effect2-worktrees/effect-vitest-acp,owner-unverified,unverified,source retained; archive from owner checkout,fleet observation only; archive from the owning checkout,foreign-owner
~/YeeBois/projects/beep-effect2-worktrees/effect-vitest-acp/.beep/yeet/jobs/<run-id>.log,checkout-jobs,576483,577536,~/YeeBois/projects/beep-effect2-worktrees/effect-vitest-acp,owner-unverified,unverified,source retained; archive from owner checkout,fleet observation only; archive from the owning checkout,foreign-owner
~/YeeBois/projects/beep-effect2-worktrees/effect-vitest-acp/.beep/yeet/jobs/<run-id>.json,checkout-jobs,2316,0,~/YeeBois/projects/beep-effect2-worktrees/effect-vitest-acp,owner-unverified,unverified,source retained; archive from owner checkout,fleet observation only; archive from the owning checkout,foreign-owner
~/YeeBois/projects/beep-effect2-worktrees/effect-vitest-acp/.beep/yeet/jobs/<run-id>.json,checkout-jobs,2117,0,~/YeeBois/projects/beep-effect2-worktrees/effect-vitest-acp,owner-unverified,unverified,source retained; archive from owner checkout,fleet observation only; archive from the owning checkout,foreign-owner
~/YeeBois/projects/beep-effect2-worktrees/effect-vitest-acp/.beep/yeet/jobs/<run-id>.log,checkout-jobs,130419,131072,~/YeeBois/projects/beep-effect2-worktrees/effect-vitest-acp,owner-unverified,unverified,source retained; archive from owner checkout,fleet observation only; archive from the owning checkout,foreign-owner
~/YeeBois/projects/beep-effect2-worktrees/effect-vitest-acp/.beep/yeet/jobs/<run-id>.log,checkout-jobs,163,0,~/YeeBois/projects/beep-effect2-worktrees/effect-vitest-acp,owner-unverified,unverified,source retained; archive from owner checkout,fleet observation only; archive from the owning checkout,foreign-owner
~/YeeBois/projects/beep-effect2-worktrees/effect-vitest-acp/.beep/yeet/jobs/<run-id>.json,checkout-jobs,2164,0,~/YeeBois/projects/beep-effect2-worktrees/effect-vitest-acp,owner-unverified,unverified,source retained; archive from owner checkout,fleet observation only; archive from the owning checkout,foreign-owner
~/YeeBois/projects/beep-effect2-worktrees/effect-vitest-acp/.beep/yeet/jobs/<run-id>.log,checkout-jobs,799728,802816,~/YeeBois/projects/beep-effect2-worktrees/effect-vitest-acp,owner-unverified,unverified,source retained; archive from owner checkout,fleet observation only; archive from the owning checkout,foreign-owner
~/YeeBois/projects/beep-effect2-worktrees/effect-vitest-acp/.beep/yeet/jobs/<run-id>.json,checkout-jobs,2344,0,~/YeeBois/projects/beep-effect2-worktrees/effect-vitest-acp,owner-unverified,unverified,source retained; archive from owner checkout,fleet observation only; archive from the owning checkout,foreign-owner
~/YeeBois/projects/beep-effect2-worktrees/effect-vitest-acp/.beep/yeet/jobs/<run-id>.log,checkout-jobs,157476,159744,~/YeeBois/projects/beep-effect2-worktrees/effect-vitest-acp,owner-unverified,unverified,source retained; archive from owner checkout,fleet observation only; archive from the owning checkout,foreign-owner
~/YeeBois/projects/beep-effect2-worktrees/effect-vitest-acp/.beep/yeet/jobs/<run-id>.json,checkout-jobs,2171,0,~/YeeBois/projects/beep-effect2-worktrees/effect-vitest-acp,owner-unverified,unverified,source retained; archive from owner checkout,fleet observation only; archive from the owning checkout,foreign-owner
~/YeeBois/projects/beep-effect2-worktrees/effect-vitest-acp/.beep/yeet/jobs/<run-id>.json,checkout-jobs,2392,0,~/YeeBois/projects/beep-effect2-worktrees/effect-vitest-acp,owner-unverified,unverified,source retained; archive from owner checkout,fleet observation only; archive from the owning checkout,foreign-owner
~/YeeBois/projects/beep-effect2-worktrees/effect-vitest-acp/.beep/fallow,checkout-material,416626,417792,~/YeeBois/projects/beep-effect2-worktrees/effect-vitest-acp,owner-unverified,unverified,source retained; archive from owner checkout,fleet observation only; archive from the owning checkout,foreign-owner
~/YeeBois/projects/beep-effect2-worktrees/effect-vitest-agents-foundation/.beep/yeet/jobs/<run-id>.log,checkout-jobs,145652,147456,~/YeeBois/projects/beep-effect2-worktrees/effect-vitest-agents-foundation,owner-unverified,unverified,source retained; archive from owner checkout,fleet observation only; archive from the owning checkout,foreign-owner
~/YeeBois/projects/beep-effect2-worktrees/effect-vitest-agents-foundation/.beep/yeet/jobs/<run-id>.log,checkout-jobs,445684,446464,~/YeeBois/projects/beep-effect2-worktrees/effect-vitest-agents-foundation,owner-unverified,unverified,source retained; archive from owner checkout,fleet observation only; archive from the owning checkout,foreign-owner
~/YeeBois/projects/beep-effect2-worktrees/effect-vitest-agents-foundation/.beep/yeet/jobs/<run-id>.json,checkout-jobs,2480,0,~/YeeBois/projects/beep-effect2-worktrees/effect-vitest-agents-foundation,owner-unverified,unverified,source retained; archive from owner checkout,fleet observation only; archive from the owning checkout,foreign-owner
~/YeeBois/projects/beep-effect2-worktrees/effect-vitest-agents-foundation/.beep/yeet/jobs/<run-id>.json,checkout-jobs,2267,0,~/YeeBois/projects/beep-effect2-worktrees/effect-vitest-agents-foundation,owner-unverified,unverified,source retained; archive from owner checkout,fleet observation only; archive from the owning checkout,foreign-owner
~/YeeBois/projects/beep-effect2-worktrees/effect-vitest-business-drivers/.beep/yeet/jobs/<run-id>.log,checkout-jobs,4655,8192,~/YeeBois/projects/beep-effect2-worktrees/effect-vitest-business-drivers,owner-unverified,unverified,source retained; archive from owner checkout,fleet observation only; archive from the owning checkout,foreign-owner
~/YeeBois/projects/beep-effect2-worktrees/effect-vitest-business-drivers/.beep/yeet/jobs/<run-id>.json,checkout-jobs,2455,0,~/YeeBois/projects/beep-effect2-worktrees/effect-vitest-business-drivers,owner-unverified,unverified,source retained; archive from owner checkout,fleet observation only; archive from the owning checkout,foreign-owner
~/YeeBois/projects/beep-effect2-worktrees/effect-vitest-business-drivers/.beep/yeet/jobs/<run-id>.log,checkout-jobs,50568,53248,~/YeeBois/projects/beep-effect2-worktrees/effect-vitest-business-drivers,owner-unverified,unverified,source retained; archive from owner checkout,fleet observation only; archive from the owning checkout,foreign-owner
~/YeeBois/projects/beep-effect2-worktrees/effect-vitest-business-drivers/.beep/yeet/jobs/<run-id>.json,checkout-jobs,2455,0,~/YeeBois/projects/beep-effect2-worktrees/effect-vitest-business-drivers,owner-unverified,unverified,source retained; archive from owner checkout,fleet observation only; archive from the owning checkout,foreign-owner
~/YeeBois/projects/beep-effect2-worktrees/effect-vitest-business-drivers/.beep/yeet/jobs/<run-id>.log,checkout-jobs,14112,16384,~/YeeBois/projects/beep-effect2-worktrees/effect-vitest-business-drivers,owner-unverified,unverified,source retained; archive from owner checkout,fleet observation only; archive from the owning checkout,foreign-owner
~/YeeBois/projects/beep-effect2-worktrees/effect-vitest-business-drivers/.beep/yeet/jobs/<run-id>.json,checkout-jobs,2459,0,~/YeeBois/projects/beep-effect2-worktrees/effect-vitest-business-drivers,owner-unverified,unverified,source retained; archive from owner checkout,fleet observation only; archive from the owning checkout,foreign-owner
~/YeeBois/projects/beep-effect2-worktrees/effect-vitest-business-drivers/.beep/yeet/jobs/<run-id>.log,checkout-jobs,16936,20480,~/YeeBois/projects/beep-effect2-worktrees/effect-vitest-business-drivers,owner-unverified,unverified,source retained; archive from owner checkout,fleet observation only; archive from the owning checkout,foreign-owner
~/YeeBois/projects/beep-effect2-worktrees/effect-vitest-business-drivers/.beep/yeet/jobs/<run-id>.json,checkout-jobs,2421,0,~/YeeBois/projects/beep-effect2-worktrees/effect-vitest-business-drivers,owner-unverified,unverified,source retained; archive from owner checkout,fleet observation only; archive from the owning checkout,foreign-owner
~/YeeBois/projects/beep-effect2-worktrees/effect-vitest-business-drivers/.beep/yeet/jobs/<run-id>.log,checkout-jobs,155265,155648,~/YeeBois/projects/beep-effect2-worktrees/effect-vitest-business-drivers,owner-unverified,unverified,source retained; archive from owner checkout,fleet observation only; archive from the owning checkout,foreign-owner
~/YeeBois/projects/beep-effect2-worktrees/effect-vitest-business-drivers/.beep/yeet/jobs/<run-id>.log,checkout-jobs,3390,0,~/YeeBois/projects/beep-effect2-worktrees/effect-vitest-business-drivers,owner-unverified,unverified,source retained; archive from owner checkout,fleet observation only; archive from the owning checkout,foreign-owner
~/YeeBois/projects/beep-effect2-worktrees/effect-vitest-business-drivers/.beep/yeet/jobs/<run-id>.json,checkout-jobs,2247,0,~/YeeBois/projects/beep-effect2-worktrees/effect-vitest-business-drivers,owner-unverified,unverified,source retained; archive from owner checkout,fleet observation only; archive from the owning checkout,foreign-owner
~/YeeBois/projects/beep-effect2-worktrees/effect-vitest-business-drivers/.beep/yeet/jobs/<run-id>.json,checkout-jobs,2660,0,~/YeeBois/projects/beep-effect2-worktrees/effect-vitest-business-drivers,owner-unverified,unverified,source retained; archive from owner checkout,fleet observation only; archive from the owning checkout,foreign-owner
~/YeeBois/projects/beep-effect2-worktrees/effect-vitest-business-drivers/.beep/yeet/jobs/<run-id>.log,checkout-jobs,31269,32768,~/YeeBois/projects/beep-effect2-worktrees/effect-vitest-business-drivers,owner-unverified,unverified,source retained; archive from owner checkout,fleet observation only; archive from the owning checkout,foreign-owner
~/YeeBois/projects/beep-effect2-worktrees/effect-vitest-business-drivers/.beep/yeet/jobs/<run-id>.json,checkout-jobs,2431,0,~/YeeBois/projects/beep-effect2-worktrees/effect-vitest-business-drivers,owner-unverified,unverified,source retained; archive from owner checkout,fleet observation only; archive from the owning checkout,foreign-owner
~/YeeBois/projects/beep-effect2-worktrees/effect-vitest-business-drivers/.beep/yeet/jobs/<run-id>.log,checkout-jobs,1271,0,~/YeeBois/projects/beep-effect2-worktrees/effect-vitest-business-drivers,owner-unverified,unverified,source retained; archive from owner checkout,fleet observation only; archive from the owning checkout,foreign-owner
~/YeeBois/projects/beep-effect2-worktrees/effect-vitest-business-drivers/.beep/yeet/jobs/<run-id>.json,checkout-jobs,2629,0,~/YeeBois/projects/beep-effect2-worktrees/effect-vitest-business-drivers,owner-unverified,unverified,source retained; archive from owner checkout,fleet observation only; archive from the owning checkout,foreign-owner
~/YeeBois/projects/beep-effect2-worktrees/effect-vitest-business-drivers/.beep/yeet/jobs/<run-id>.log,checkout-jobs,279844,282624,~/YeeBois/projects/beep-effect2-worktrees/effect-vitest-business-drivers,owner-unverified,unverified,source retained; archive from owner checkout,fleet observation only; archive from the owning checkout,foreign-owner
~/YeeBois/projects/beep-effect2-worktrees/effect-vitest-business-drivers/.beep/yeet/jobs/<run-id>.log,checkout-jobs,133174,135168,~/YeeBois/projects/beep-effect2-worktrees/effect-vitest-business-drivers,owner-unverified,unverified,source retained; archive from owner checkout,fleet observation only; archive from the owning checkout,foreign-owner
~/YeeBois/projects/beep-effect2-worktrees/effect-vitest-business-drivers/.beep/yeet/jobs/<run-id>.json,checkout-jobs,2270,0,~/YeeBois/projects/beep-effect2-worktrees/effect-vitest-business-drivers,owner-unverified,unverified,source retained; archive from owner checkout,fleet observation only; archive from the owning checkout,foreign-owner
~/YeeBois/projects/beep-effect2-worktrees/effect-vitest-business-drivers/.beep/yeet/jobs/<run-id>.log,checkout-jobs,1319761,1323008,~/YeeBois/projects/beep-effect2-worktrees/effect-vitest-business-drivers,owner-unverified,unverified,source retained; archive from owner checkout,fleet observation only; archive from the owning checkout,foreign-owner
~/YeeBois/projects/beep-effect2-worktrees/effect-vitest-business-drivers/.beep/yeet/jobs/<run-id>.json,checkout-jobs,2233,0,~/YeeBois/projects/beep-effect2-worktrees/effect-vitest-business-drivers,owner-unverified,unverified,source retained; archive from owner checkout,fleet observation only; archive from the owning checkout,foreign-owner
~/YeeBois/projects/beep-effect2-worktrees/effect-vitest-business-drivers/.beep/yeet/jobs/<run-id>.log,checkout-jobs,635370,638976,~/YeeBois/projects/beep-effect2-worktrees/effect-vitest-business-drivers,owner-unverified,unverified,source retained; archive from owner checkout,fleet observation only; archive from the owning checkout,foreign-owner
~/YeeBois/projects/beep-effect2-worktrees/effect-vitest-business-drivers/.beep/yeet/jobs/<run-id>.json,checkout-jobs,2614,0,~/YeeBois/projects/beep-effect2-worktrees/effect-vitest-business-drivers,owner-unverified,unverified,source retained; archive from owner checkout,fleet observation only; archive from the owning checkout,foreign-owner
~/YeeBois/projects/beep-effect2-worktrees/effect-vitest-business-drivers/.beep/yeet/jobs/<run-id>.json,checkout-jobs,2208,0,~/YeeBois/projects/beep-effect2-worktrees/effect-vitest-business-drivers,owner-unverified,unverified,source retained; archive from owner checkout,fleet observation only; archive from the owning checkout,foreign-owner
~/YeeBois/projects/beep-effect2-worktrees/effect-vitest-business-drivers/.beep/yeet/jobs/<run-id>.log,checkout-jobs,3448213,3448832,~/YeeBois/projects/beep-effect2-worktrees/effect-vitest-business-drivers,owner-unverified,unverified,source retained; archive from owner checkout,fleet observation only; archive from the owning checkout,foreign-owner
~/YeeBois/projects/beep-effect2-worktrees/effect-vitest-business-drivers/.beep/yeet/jobs/<run-id>.log,checkout-jobs,163,0,~/YeeBois/projects/beep-effect2-worktrees/effect-vitest-business-drivers,owner-unverified,unverified,source retained; archive from owner checkout,fleet observation only; archive from the owning checkout,foreign-owner
~/YeeBois/projects/beep-effect2-worktrees/effect-vitest-business-drivers/.beep/yeet/jobs/<run-id>.json,checkout-jobs,2255,0,~/YeeBois/projects/beep-effect2-worktrees/effect-vitest-business-drivers,owner-unverified,unverified,source retained; archive from owner checkout,fleet observation only; archive from the owning checkout,foreign-owner
~/YeeBois/projects/beep-effect2-worktrees/effect-vitest-business-drivers/.beep/yeet/jobs/<run-id>.log,checkout-jobs,1009441,1011712,~/YeeBois/projects/beep-effect2-worktrees/effect-vitest-business-drivers,owner-unverified,unverified,source retained; archive from owner checkout,fleet observation only; archive from the owning checkout,foreign-owner
~/YeeBois/projects/beep-effect2-worktrees/effect-vitest-business-drivers/.beep/yeet/jobs/<run-id>.json,checkout-jobs,2435,0,~/YeeBois/projects/beep-effect2-worktrees/effect-vitest-business-drivers,owner-unverified,unverified,source retained; archive from owner checkout,fleet observation only; archive from the owning checkout,foreign-owner
~/YeeBois/projects/beep-effect2-worktrees/effect-vitest-business-drivers/.beep/yeet/jobs/<run-id>.log,checkout-jobs,154092,155648,~/YeeBois/projects/beep-effect2-worktrees/effect-vitest-business-drivers,owner-unverified,unverified,source retained; archive from owner checkout,fleet observation only; archive from the owning checkout,foreign-owner
~/YeeBois/projects/beep-effect2-worktrees/effect-vitest-business-drivers/.beep/yeet/jobs/<run-id>.json,checkout-jobs,2262,0,~/YeeBois/projects/beep-effect2-worktrees/effect-vitest-business-drivers,owner-unverified,unverified,source retained; archive from owner checkout,fleet observation only; archive from the owning checkout,foreign-owner
~/YeeBois/projects/beep-effect2-worktrees/effect-vitest-business-drivers/.beep/yeet/jobs/<run-id>.json,checkout-jobs,2483,0,~/YeeBois/projects/beep-effect2-worktrees/effect-vitest-business-drivers,owner-unverified,unverified,source retained; archive from owner checkout,fleet observation only; archive from the owning checkout,foreign-owner
~/YeeBois/projects/beep-effect2-worktrees/effect-vitest-business-drivers/.beep/fallow,checkout-material,415675,413696,~/YeeBois/projects/beep-effect2-worktrees/effect-vitest-business-drivers,owner-unverified,unverified,source retained; archive from owner checkout,fleet observation only; archive from the owning checkout,foreign-owner
~/YeeBois/projects/beep-effect2-worktrees/effect-vitest-business-drivers/.beep/quality,checkout-material,254,0,~/YeeBois/projects/beep-effect2-worktrees/effect-vitest-business-drivers,owner-unverified,unverified,source retained; archive from owner checkout,fleet observation only; archive from the owning checkout,foreign-owner
~/YeeBois/projects/beep-effect2-worktrees/effect-vitest-business-drivers/.beep/ci/jsdoc-documentation.inventory.jsonc,checkout-generated,20967980,20971520,~/YeeBois/projects/beep-effect2-worktrees/effect-vitest-business-drivers,owner-unverified,unverified,source retained; archive from owner checkout,fleet observation only; archive from the owning checkout,foreign-owner
~/YeeBois/projects/beep-effect2-worktrees/effect-vitest-business-drivers/.beep/ci/jsdoc-documentation.inventory.md,checkout-generated,361460,364544,~/YeeBois/projects/beep-effect2-worktrees/effect-vitest-business-drivers,owner-unverified,unverified,source retained; archive from owner checkout,fleet observation only; archive from the owning checkout,foreign-owner
~/YeeBois/projects/beep-effect2-worktrees/effect-vitest-canon-continuation/.beep/continuation-audit,checkout-material,1903,0,~/YeeBois/projects/beep-effect2-worktrees/effect-vitest-canon-continuation,owner-unverified,unverified,source retained; archive from owner checkout,fleet observation only; archive from the owning checkout,foreign-owner
~/YeeBois/projects/beep-effect2-worktrees/effect-vitest-canon-continuation/.beep/yeet/jobs/<run-id>.log,checkout-jobs,592101,593920,~/YeeBois/projects/beep-effect2-worktrees/effect-vitest-canon-continuation,owner-unverified,unverified,source retained; archive from owner checkout,fleet observation only; archive from the owning checkout,foreign-owner
~/YeeBois/projects/beep-effect2-worktrees/effect-vitest-canon-continuation/.beep/yeet/jobs/<run-id>.json,checkout-jobs,2416,0,~/YeeBois/projects/beep-effect2-worktrees/effect-vitest-canon-continuation,owner-unverified,unverified,source retained; archive from owner checkout,fleet observation only; archive from the owning checkout,foreign-owner
~/YeeBois/projects/beep-effect2-worktrees/effect-vitest-canon-continuation/.beep/fallow,checkout-material,517925,520192,~/YeeBois/projects/beep-effect2-worktrees/effect-vitest-canon-continuation,owner-unverified,unverified,source retained; archive from owner checkout,fleet observation only; archive from the owning checkout,foreign-owner
~/YeeBois/projects/beep-effect2-worktrees/effect-vitest-canon-integrate/.beep/rsc-v,checkout-material,18328232,18579456,~/YeeBois/projects/beep-effect2-worktrees/effect-vitest-canon-integrate,owner-unverified,unverified,source retained; archive from owner checkout,fleet observation only; archive from the owning checkout,foreign-owner
~/YeeBois/projects/beep-effect2-worktrees/effect-vitest-canon-integrate/.beep/ci/jsdoc-documentation.inventory.jsonc,checkout-generated,19407939,19410944,~/YeeBois/projects/beep-effect2-worktrees/effect-vitest-canon-integrate,owner-unverified,unverified,source retained; archive from owner checkout,fleet observation only; archive from the owning checkout,foreign-owner
~/YeeBois/projects/beep-effect2-worktrees/effect-vitest-canon-integrate/.beep/ci/jsdoc-documentation.inventory.md,checkout-generated,175256,176128,~/YeeBois/projects/beep-effect2-worktrees/effect-vitest-canon-integrate,owner-unverified,unverified,source retained; archive from owner checkout,fleet observation only; archive from the owning checkout,foreign-owner
~/YeeBois/projects/beep-effect2-worktrees/effect-vitest-canon-integrate/.beep/yeet/jobs/<run-id>.log,checkout-jobs,43612,45056,~/YeeBois/projects/beep-effect2-worktrees/effect-vitest-canon-integrate,owner-unverified,unverified,source retained; archive from owner checkout,fleet observation only; archive from the owning checkout,foreign-owner
~/YeeBois/projects/beep-effect2-worktrees/effect-vitest-canon-integrate/.beep/yeet/jobs/<run-id>.json,checkout-jobs,1963,0,~/YeeBois/projects/beep-effect2-worktrees/effect-vitest-canon-integrate,owner-unverified,unverified,source retained; archive from owner checkout,fleet observation only; archive from the owning checkout,foreign-owner
~/YeeBois/projects/beep-effect2-worktrees/effect-vitest-canon-integrate/.beep/fallow,checkout-material,509618,507904,~/YeeBois/projects/beep-effect2-worktrees/effect-vitest-canon-integrate,owner-unverified,unverified,source retained; archive from owner checkout,fleet observation only; archive from the owning checkout,foreign-owner
~/YeeBois/projects/beep-effect2-worktrees/effect-vitest-cli-artifacts/.beep/fallow,checkout-material,452794,450560,~/YeeBois/projects/beep-effect2-worktrees/effect-vitest-cli-artifacts,owner-unverified,unverified,source retained; archive from owner checkout,fleet observation only; archive from the owning checkout,foreign-owner
~/YeeBois/projects/beep-effect2-worktrees/effect-vitest-cli-config/.beep/yeet/jobs/<run-id>.log,checkout-jobs,22012,24576,~/YeeBois/projects/beep-effect2-worktrees/effect-vitest-cli-config,owner-unverified,unverified,source retained; archive from owner checkout,fleet observation only; archive from the owning checkout,foreign-owner
~/YeeBois/projects/beep-effect2-worktrees/effect-vitest-cli-config/.beep/yeet/jobs/<run-id>.json,checkout-jobs,2427,0,~/YeeBois/projects/beep-effect2-worktrees/effect-vitest-cli-config,owner-unverified,unverified,source retained; archive from owner checkout,fleet observation only; archive from the owning checkout,foreign-owner
~/YeeBois/projects/beep-effect2-worktrees/effect-vitest-cli-config/.beep/yeet/jobs/<run-id>.log,checkout-jobs,67147,69632,~/YeeBois/projects/beep-effect2-worktrees/effect-vitest-cli-config,owner-unverified,unverified,source retained; archive from owner checkout,fleet observation only; archive from the owning checkout,foreign-owner
~/YeeBois/projects/beep-effect2-worktrees/effect-vitest-cli-config/.beep/yeet/jobs/<run-id>.log,checkout-jobs,135995,139264,~/YeeBois/projects/beep-effect2-worktrees/effect-vitest-cli-config,owner-unverified,unverified,source retained; archive from owner checkout,fleet observation only; archive from the owning checkout,foreign-owner
~/YeeBois/projects/beep-effect2-worktrees/effect-vitest-cli-config/.beep/yeet/jobs/<run-id>.json,checkout-jobs,2596,0,~/YeeBois/projects/beep-effect2-worktrees/effect-vitest-cli-config,owner-unverified,unverified,source retained; archive from owner checkout,fleet observation only; archive from the owning checkout,foreign-owner
~/YeeBois/projects/beep-effect2-worktrees/effect-vitest-cli-config/.beep/yeet/jobs/<run-id>.json,checkout-jobs,2158,0,~/YeeBois/projects/beep-effect2-worktrees/effect-vitest-cli-config,owner-unverified,unverified,source retained; archive from owner checkout,fleet observation only; archive from the owning checkout,foreign-owner
~/YeeBois/projects/beep-effect2-worktrees/effect-vitest-cli-config/.beep/yeet/jobs/<run-id>.log,checkout-jobs,30751,32768,~/YeeBois/projects/beep-effect2-worktrees/effect-vitest-cli-config,owner-unverified,unverified,source retained; archive from owner checkout,fleet observation only; archive from the owning checkout,foreign-owner
~/YeeBois/projects/beep-effect2-worktrees/effect-vitest-cli-config/.beep/yeet/jobs/<run-id>.json,checkout-jobs,2389,0,~/YeeBois/projects/beep-effect2-worktrees/effect-vitest-cli-config,owner-unverified,unverified,source retained; archive from owner checkout,fleet observation only; archive from the owning checkout,foreign-owner
~/YeeBois/projects/beep-effect2-worktrees/effect-vitest-cli-config/.beep/yeet/jobs/<run-id>.log,checkout-jobs,1249,0,~/YeeBois/projects/beep-effect2-worktrees/effect-vitest-cli-config,owner-unverified,unverified,source retained; archive from owner checkout,fleet observation only; archive from the owning checkout,foreign-owner
~/YeeBois/projects/beep-effect2-worktrees/effect-vitest-cli-config/.beep/yeet/jobs/<run-id>.json,checkout-jobs,2575,0,~/YeeBois/projects/beep-effect2-worktrees/effect-vitest-cli-config,owner-unverified,unverified,source retained; archive from owner checkout,fleet observation only; archive from the owning checkout,foreign-owner
~/YeeBois/projects/beep-effect2-worktrees/effect-vitest-cli-config/.beep/yeet/jobs/<run-id>.log,checkout-jobs,287494,290816,~/YeeBois/projects/beep-effect2-worktrees/effect-vitest-cli-config,owner-unverified,unverified,source retained; archive from owner checkout,fleet observation only; archive from the owning checkout,foreign-owner
~/YeeBois/projects/beep-effect2-worktrees/effect-vitest-cli-config/.beep/yeet/jobs/<run-id>.log,checkout-jobs,602844,606208,~/YeeBois/projects/beep-effect2-worktrees/effect-vitest-cli-config,owner-unverified,unverified,source retained; archive from owner checkout,fleet observation only; archive from the owning checkout,foreign-owner
~/YeeBois/projects/beep-effect2-worktrees/effect-vitest-cli-config/.beep/yeet/jobs/<run-id>.json,checkout-jobs,2166,0,~/YeeBois/projects/beep-effect2-worktrees/effect-vitest-cli-config,owner-unverified,unverified,source retained; archive from owner checkout,fleet observation only; archive from the owning checkout,foreign-owner
~/YeeBois/projects/beep-effect2-worktrees/effect-vitest-cli-config/.beep/yeet/jobs/<run-id>.json,checkout-jobs,2191,0,~/YeeBois/projects/beep-effect2-worktrees/effect-vitest-cli-config,owner-unverified,unverified,source retained; archive from owner checkout,fleet observation only; archive from the owning checkout,foreign-owner
~/YeeBois/projects/beep-effect2-worktrees/effect-vitest-cli-config/.beep/yeet/jobs/<run-id>.log,checkout-jobs,1204149,1204224,~/YeeBois/projects/beep-effect2-worktrees/effect-vitest-cli-config,owner-unverified,unverified,source retained; archive from owner checkout,fleet observation only; archive from the owning checkout,foreign-owner
~/YeeBois/projects/beep-effect2-worktrees/effect-vitest-cli-config/.beep/yeet/jobs/<run-id>.log,checkout-jobs,617699,618496,~/YeeBois/projects/beep-effect2-worktrees/effect-vitest-cli-config,owner-unverified,unverified,source retained; archive from owner checkout,fleet observation only; archive from the owning checkout,foreign-owner
~/YeeBois/projects/beep-effect2-worktrees/effect-vitest-cli-config/.beep/yeet/jobs/<run-id>.json,checkout-jobs,2221,0,~/YeeBois/projects/beep-effect2-worktrees/effect-vitest-cli-config,owner-unverified,unverified,source retained; archive from owner checkout,fleet observation only; archive from the owning checkout,foreign-owner
~/YeeBois/projects/beep-effect2-worktrees/effect-vitest-cli-config/.beep/yeet/jobs/<run-id>.json,checkout-jobs,2365,0,~/YeeBois/projects/beep-effect2-worktrees/effect-vitest-cli-config,owner-unverified,unverified,source retained; archive from owner checkout,fleet observation only; archive from the owning checkout,foreign-owner
~/YeeBois/projects/beep-effect2-worktrees/effect-vitest-cli-config/.beep/yeet/jobs/<run-id>.log,checkout-jobs,134528,135168,~/YeeBois/projects/beep-effect2-worktrees/effect-vitest-cli-config,owner-unverified,unverified,source retained; archive from owner checkout,fleet observation only; archive from the owning checkout,foreign-owner
~/YeeBois/projects/beep-effect2-worktrees/effect-vitest-cli-config/.beep/yeet/jobs/<run-id>.log,checkout-jobs,163,0,~/YeeBois/projects/beep-effect2-worktrees/effect-vitest-cli-config,owner-unverified,unverified,source retained; archive from owner checkout,fleet observation only; archive from the owning checkout,foreign-owner
~/YeeBois/projects/beep-effect2-worktrees/effect-vitest-cli-config/.beep/yeet/jobs/<run-id>.json,checkout-jobs,2213,0,~/YeeBois/projects/beep-effect2-worktrees/effect-vitest-cli-config,owner-unverified,unverified,source retained; archive from owner checkout,fleet observation only; archive from the owning checkout,foreign-owner
~/YeeBois/projects/beep-effect2-worktrees/effect-vitest-cli-config/.beep/yeet/jobs/<run-id>.log,checkout-jobs,817208,819200,~/YeeBois/projects/beep-effect2-worktrees/effect-vitest-cli-config,owner-unverified,unverified,source retained; archive from owner checkout,fleet observation only; archive from the owning checkout,foreign-owner
~/YeeBois/projects/beep-effect2-worktrees/effect-vitest-cli-config/.beep/yeet/jobs/<run-id>.json,checkout-jobs,2393,0,~/YeeBois/projects/beep-effect2-worktrees/effect-vitest-cli-config,owner-unverified,unverified,source retained; archive from owner checkout,fleet observation only; archive from the owning checkout,foreign-owner
~/YeeBois/projects/beep-effect2-worktrees/effect-vitest-cli-config/.beep/yeet/jobs/<run-id>.log,checkout-jobs,155691,159744,~/YeeBois/projects/beep-effect2-worktrees/effect-vitest-cli-config,owner-unverified,unverified,source retained; archive from owner checkout,fleet observation only; archive from the owning checkout,foreign-owner
~/YeeBois/projects/beep-effect2-worktrees/effect-vitest-cli-config/.beep/yeet/jobs/<run-id>.json,checkout-jobs,2220,0,~/YeeBois/projects/beep-effect2-worktrees/effect-vitest-cli-config,owner-unverified,unverified,source retained; archive from owner checkout,fleet observation only; archive from the owning checkout,foreign-owner
~/YeeBois/projects/beep-effect2-worktrees/effect-vitest-cli-config/.beep/yeet/jobs/<run-id>.json,checkout-jobs,2441,0,~/YeeBois/projects/beep-effect2-worktrees/effect-vitest-cli-config,owner-unverified,unverified,source retained; archive from owner checkout,fleet observation only; archive from the owning checkout,foreign-owner
~/YeeBois/projects/beep-effect2-worktrees/effect-vitest-cli-config/.beep/fallow,checkout-material,415065,413696,~/YeeBois/projects/beep-effect2-worktrees/effect-vitest-cli-config,owner-unverified,unverified,source retained; archive from owner checkout,fleet observation only; archive from the owning checkout,foreign-owner
~/YeeBois/projects/beep-effect2-worktrees/effect-vitest-cli-config/.beep/quality,checkout-material,0,0,~/YeeBois/projects/beep-effect2-worktrees/effect-vitest-cli-config,owner-unverified,unverified,source retained; archive from owner checkout,fleet observation only; archive from the owning checkout,foreign-owner
~/YeeBois/projects/beep-effect2-worktrees/effect-vitest-coverage-followup/.beep/fallow,checkout-material,392360,389120,~/YeeBois/projects/beep-effect2-worktrees/effect-vitest-coverage-followup,owner-unverified,unverified,source retained; archive from owner checkout,fleet observation only; archive from the owning checkout,foreign-owner
~/YeeBois/projects/beep-effect2-worktrees/effect-vitest-coverage-followup/.beep/quality,checkout-material,0,0,~/YeeBois/projects/beep-effect2-worktrees/effect-vitest-coverage-followup,owner-unverified,unverified,source retained; archive from owner checkout,fleet observation only; archive from the owning checkout,foreign-owner
~/YeeBois/projects/beep-effect2-worktrees/effect-vitest-coverage-followup/.beep/ci/jsdoc-documentation.inventory.jsonc,checkout-generated,20613934,20615168,~/YeeBois/projects/beep-effect2-worktrees/effect-vitest-coverage-followup,owner-unverified,unverified,source retained; archive from owner checkout,fleet observation only; archive from the owning checkout,foreign-owner
~/YeeBois/projects/beep-effect2-worktrees/effect-vitest-coverage-followup/.beep/ci/jsdoc-documentation.inventory.md,checkout-generated,362122,364544,~/YeeBois/projects/beep-effect2-worktrees/effect-vitest-coverage-followup,owner-unverified,unverified,source retained; archive from owner checkout,fleet observation only; archive from the owning checkout,foreign-owner
~/YeeBois/projects/beep-effect2-worktrees/effect-vitest-database-drivers/.beep/yeet/jobs/<run-id>.log,checkout-jobs,303893,307200,~/YeeBois/projects/beep-effect2-worktrees/effect-vitest-database-drivers,owner-unverified,unverified,source retained; archive from owner checkout,fleet observation only; archive from the owning checkout,foreign-owner
~/YeeBois/projects/beep-effect2-worktrees/effect-vitest-database-drivers/.beep/yeet/jobs/<run-id>.log,checkout-jobs,648294,651264,~/YeeBois/projects/beep-effect2-worktrees/effect-vitest-database-drivers,owner-unverified,unverified,source retained; archive from owner checkout,fleet observation only; archive from the owning checkout,foreign-owner
~/YeeBois/projects/beep-effect2-worktrees/effect-vitest-database-drivers/.beep/yeet/jobs/<run-id>.json,checkout-jobs,2210,0,~/YeeBois/projects/beep-effect2-worktrees/effect-vitest-database-drivers,owner-unverified,unverified,source retained; archive from owner checkout,fleet observation only; archive from the owning checkout,foreign-owner
~/YeeBois/projects/beep-effect2-worktrees/effect-vitest-database-drivers/.beep/yeet/jobs/<run-id>.json,checkout-jobs,2513,0,~/YeeBois/projects/beep-effect2-worktrees/effect-vitest-database-drivers,owner-unverified,unverified,source retained; archive from owner checkout,fleet observation only; archive from the owning checkout,foreign-owner
~/YeeBois/projects/beep-effect2-worktrees/effect-vitest-database-drivers/.beep/yeet/jobs/<run-id>.log,checkout-jobs,132555,135168,~/YeeBois/projects/beep-effect2-worktrees/effect-vitest-database-drivers,owner-unverified,unverified,source retained; archive from owner checkout,fleet observation only; archive from the owning checkout,foreign-owner
~/YeeBois/projects/beep-effect2-worktrees/effect-vitest-database-drivers/.beep/yeet/jobs/<run-id>.log,checkout-jobs,605573,606208,~/YeeBois/projects/beep-effect2-worktrees/effect-vitest-database-drivers,owner-unverified,unverified,source retained; archive from owner checkout,fleet observation only; archive from the owning checkout,foreign-owner
~/YeeBois/projects/beep-effect2-worktrees/effect-vitest-database-drivers/.beep/yeet/jobs/<run-id>.json,checkout-jobs,2407,0,~/YeeBois/projects/beep-effect2-worktrees/effect-vitest-database-drivers,owner-unverified,unverified,source retained; archive from owner checkout,fleet observation only; archive from the owning checkout,foreign-owner
~/YeeBois/projects/beep-effect2-worktrees/effect-vitest-database-drivers/.beep/yeet/jobs/<run-id>.json,checkout-jobs,2263,0,~/YeeBois/projects/beep-effect2-worktrees/effect-vitest-database-drivers,owner-unverified,unverified,source retained; archive from owner checkout,fleet observation only; archive from the owning checkout,foreign-owner
~/YeeBois/projects/beep-effect2-worktrees/effect-vitest-database-drivers/.beep/yeet/jobs/<run-id>.log,checkout-jobs,130955,131072,~/YeeBois/projects/beep-effect2-worktrees/effect-vitest-database-drivers,owner-unverified,unverified,source retained; archive from owner checkout,fleet observation only; archive from the owning checkout,foreign-owner
~/YeeBois/projects/beep-effect2-worktrees/effect-vitest-database-drivers/.beep/yeet/jobs/<run-id>.log,checkout-jobs,163,0,~/YeeBois/projects/beep-effect2-worktrees/effect-vitest-database-drivers,owner-unverified,unverified,source retained; archive from owner checkout,fleet observation only; archive from the owning checkout,foreign-owner
~/YeeBois/projects/beep-effect2-worktrees/effect-vitest-database-drivers/.beep/yeet/jobs/<run-id>.json,checkout-jobs,2255,0,~/YeeBois/projects/beep-effect2-worktrees/effect-vitest-database-drivers,owner-unverified,unverified,source retained; archive from owner checkout,fleet observation only; archive from the owning checkout,foreign-owner
~/YeeBois/projects/beep-effect2-worktrees/effect-vitest-database-drivers/.beep/yeet/jobs/<run-id>.log,checkout-jobs,822282,823296,~/YeeBois/projects/beep-effect2-worktrees/effect-vitest-database-drivers,owner-unverified,unverified,source retained; archive from owner checkout,fleet observation only; archive from the owning checkout,foreign-owner
~/YeeBois/projects/beep-effect2-worktrees/effect-vitest-database-drivers/.beep/yeet/jobs/<run-id>.json,checkout-jobs,2435,0,~/YeeBois/projects/beep-effect2-worktrees/effect-vitest-database-drivers,owner-unverified,unverified,source retained; archive from owner checkout,fleet observation only; archive from the owning checkout,foreign-owner
~/YeeBois/projects/beep-effect2-worktrees/effect-vitest-database-drivers/.beep/yeet/jobs/<run-id>.log,checkout-jobs,157210,159744,~/YeeBois/projects/beep-effect2-worktrees/effect-vitest-database-drivers,owner-unverified,unverified,source retained; archive from owner checkout,fleet observation only; archive from the owning checkout,foreign-owner
~/YeeBois/projects/beep-effect2-worktrees/effect-vitest-database-drivers/.beep/yeet/jobs/<run-id>.json,checkout-jobs,2262,0,~/YeeBois/projects/beep-effect2-worktrees/effect-vitest-database-drivers,owner-unverified,unverified,source retained; archive from owner checkout,fleet observation only; archive from the owning checkout,foreign-owner
~/YeeBois/projects/beep-effect2-worktrees/effect-vitest-database-drivers/.beep/yeet/jobs/<run-id>.json,checkout-jobs,2483,0,~/YeeBois/projects/beep-effect2-worktrees/effect-vitest-database-drivers,owner-unverified,unverified,source retained; archive from owner checkout,fleet observation only; archive from the owning checkout,foreign-owner
~/YeeBois/projects/beep-effect2-worktrees/effect-vitest-database-drivers/.beep/fallow,checkout-material,416277,417792,~/YeeBois/projects/beep-effect2-worktrees/effect-vitest-database-drivers,owner-unverified,unverified,source retained; archive from owner checkout,fleet observation only; archive from the owning checkout,foreign-owner
~/YeeBois/projects/beep-effect2-worktrees/effect-vitest-filesystem/.beep/p05-conformance-review,checkout-material,4620,0,~/YeeBois/projects/beep-effect2-worktrees/effect-vitest-filesystem,owner-unverified,unverified,source retained; archive from owner checkout,fleet observation only; archive from the owning checkout,foreign-owner
~/YeeBois/projects/beep-effect2-worktrees/effect-vitest-filesystem/.beep/p05-core-characterization,checkout-material,14133,16384,~/YeeBois/projects/beep-effect2-worktrees/effect-vitest-filesystem,owner-unverified,unverified,source retained; archive from owner checkout,fleet observation only; archive from the owning checkout,foreign-owner
~/YeeBois/projects/beep-effect2-worktrees/effect-vitest-filesystem/.beep/p05-copy-contract-proof,checkout-material,792,0,~/YeeBois/projects/beep-effect2-worktrees/effect-vitest-filesystem,owner-unverified,unverified,source retained; archive from owner checkout,fleet observation only; archive from the owning checkout,foreign-owner
~/YeeBois/projects/beep-effect2-worktrees/effect-vitest-filesystem/.beep/p05-core-promotion,checkout-material,17579,8192,~/YeeBois/projects/beep-effect2-worktrees/effect-vitest-filesystem,owner-unverified,unverified,source retained; archive from owner checkout,fleet observation only; archive from the owning checkout,foreign-owner
~/YeeBois/projects/beep-effect2-worktrees/effect-vitest-filesystem/.beep/fallow,checkout-material,362920,360448,~/YeeBois/projects/beep-effect2-worktrees/effect-vitest-filesystem,owner-unverified,unverified,source retained; archive from owner checkout,fleet observation only; archive from the owning checkout,foreign-owner
~/YeeBois/projects/beep-effect2-worktrees/effect-vitest-filesystem/.beep/ci/jsdoc-documentation.inventory.jsonc,checkout-generated,21803631,21807104,~/YeeBois/projects/beep-effect2-worktrees/effect-vitest-filesystem,owner-unverified,unverified,source retained; archive from owner checkout,fleet observation only; archive from the owning checkout,foreign-owner
~/YeeBois/projects/beep-effect2-worktrees/effect-vitest-filesystem/.beep/ci/jsdoc-documentation.inventory.md,checkout-generated,401505,405504,~/YeeBois/projects/beep-effect2-worktrees/effect-vitest-filesystem,owner-unverified,unverified,source retained; archive from owner checkout,fleet observation only; archive from the owning checkout,foreign-owner
~/YeeBois/projects/beep-effect2-worktrees/effect-vitest-government-drivers/.beep/yeet/jobs/<run-id>.log,checkout-jobs,5821,8192,~/YeeBois/projects/beep-effect2-worktrees/effect-vitest-government-drivers,owner-unverified,unverified,source retained; archive from owner checkout,fleet observation only; archive from the owning checkout,foreign-owner
~/YeeBois/projects/beep-effect2-worktrees/effect-vitest-government-drivers/.beep/yeet/jobs/<run-id>.json,checkout-jobs,2682,0,~/YeeBois/projects/beep-effect2-worktrees/effect-vitest-government-drivers,owner-unverified,unverified,source retained; archive from owner checkout,fleet observation only; archive from the owning checkout,foreign-owner
~/YeeBois/projects/beep-effect2-worktrees/effect-vitest-government-drivers/.beep/yeet/jobs/<run-id>.log,checkout-jobs,98556,102400,~/YeeBois/projects/beep-effect2-worktrees/effect-vitest-government-drivers,owner-unverified,unverified,source retained; archive from owner checkout,fleet observation only; archive from the owning checkout,foreign-owner
~/YeeBois/projects/beep-effect2-worktrees/effect-vitest-government-drivers/.beep/yeet/jobs/<run-id>.log,checkout-jobs,163,0,~/YeeBois/projects/beep-effect2-worktrees/effect-vitest-government-drivers,owner-unverified,unverified,source retained; archive from owner checkout,fleet observation only; archive from the owning checkout,foreign-owner
~/YeeBois/projects/beep-effect2-worktrees/effect-vitest-government-drivers/.beep/yeet/jobs/<run-id>.json,checkout-jobs,2267,0,~/YeeBois/projects/beep-effect2-worktrees/effect-vitest-government-drivers,owner-unverified,unverified,source retained; archive from owner checkout,fleet observation only; archive from the owning checkout,foreign-owner
~/YeeBois/projects/beep-effect2-worktrees/effect-vitest-government-drivers/.beep/yeet/jobs/<run-id>.log,checkout-jobs,211626,212992,~/YeeBois/projects/beep-effect2-worktrees/effect-vitest-government-drivers,owner-unverified,unverified,source retained; archive from owner checkout,fleet observation only; archive from the owning checkout,foreign-owner
~/YeeBois/projects/beep-effect2-worktrees/effect-vitest-government-drivers/.beep/yeet/jobs/<run-id>.json,checkout-jobs,2273,0,~/YeeBois/projects/beep-effect2-worktrees/effect-vitest-government-drivers,owner-unverified,unverified,source retained; archive from owner checkout,fleet observation only; archive from the owning checkout,foreign-owner
~/YeeBois/projects/beep-effect2-worktrees/effect-vitest-government-drivers/.beep/yeet/jobs/<run-id>.json,checkout-jobs,2276,0,~/YeeBois/projects/beep-effect2-worktrees/effect-vitest-government-drivers,owner-unverified,unverified,source retained; archive from owner checkout,fleet observation only; archive from the owning checkout,foreign-owner
~/YeeBois/projects/beep-effect2-worktrees/effect-vitest-leaves-checkpoint/.beep/yeet/jobs/<run-id>.log,checkout-jobs,111475,114688,~/YeeBois/projects/beep-effect2-worktrees/effect-vitest-leaves-checkpoint,owner-unverified,unverified,source retained; archive from owner checkout,fleet observation only; archive from the owning checkout,foreign-owner
~/YeeBois/projects/beep-effect2-worktrees/effect-vitest-leaves-checkpoint/.beep/yeet/jobs/<run-id>.json,checkout-jobs,2462,0,~/YeeBois/projects/beep-effect2-worktrees/effect-vitest-leaves-checkpoint,owner-unverified,unverified,source retained; archive from owner checkout,fleet observation only; archive from the owning checkout,foreign-owner
~/YeeBois/projects/beep-effect2-worktrees/effect-vitest-leaves-checkpoint/.beep/yeet/jobs/<run-id>.log,checkout-jobs,279824,282624,~/YeeBois/projects/beep-effect2-worktrees/effect-vitest-leaves-checkpoint,owner-unverified,unverified,source retained; archive from owner checkout,fleet observation only; archive from the owning checkout,foreign-owner
~/YeeBois/projects/beep-effect2-worktrees/effect-vitest-leaves-checkpoint/.beep/yeet/jobs/<run-id>.log,checkout-jobs,3339,0,~/YeeBois/projects/beep-effect2-worktrees/effect-vitest-leaves-checkpoint,owner-unverified,unverified,source retained; archive from owner checkout,fleet observation only; archive from the owning checkout,foreign-owner
~/YeeBois/projects/beep-effect2-worktrees/effect-vitest-leaves-checkpoint/.beep/yeet/jobs/<run-id>.json,checkout-jobs,2252,0,~/YeeBois/projects/beep-effect2-worktrees/effect-vitest-leaves-checkpoint,owner-unverified,unverified,source retained; archive from owner checkout,fleet observation only; archive from the owning checkout,foreign-owner
~/YeeBois/projects/beep-effect2-worktrees/effect-vitest-leaves-checkpoint/.beep/yeet/jobs/<run-id>.json,checkout-jobs,2638,0,~/YeeBois/projects/beep-effect2-worktrees/effect-vitest-leaves-checkpoint,owner-unverified,unverified,source retained; archive from owner checkout,fleet observation only; archive from the owning checkout,foreign-owner
~/YeeBois/projects/beep-effect2-worktrees/effect-vitest-leaves-checkpoint/.beep/yeet/jobs/<run-id>.log,checkout-jobs,4962675,4964352,~/YeeBois/projects/beep-effect2-worktrees/effect-vitest-leaves-checkpoint,owner-unverified,unverified,source retained; archive from owner checkout,fleet observation only; archive from the owning checkout,foreign-owner
~/YeeBois/projects/beep-effect2-worktrees/effect-vitest-leaves-checkpoint/.beep/yeet/jobs/<run-id>.json,checkout-jobs,2638,0,~/YeeBois/projects/beep-effect2-worktrees/effect-vitest-leaves-checkpoint,owner-unverified,unverified,source retained; archive from owner checkout,fleet observation only; archive from the owning checkout,foreign-owner
~/YeeBois/projects/beep-effect2-worktrees/effect-vitest-leaves-checkpoint/.beep/yeet/jobs/<run-id>.log,checkout-jobs,136166,139264,~/YeeBois/projects/beep-effect2-worktrees/effect-vitest-leaves-checkpoint,owner-unverified,unverified,source retained; archive from owner checkout,fleet observation only; archive from the owning checkout,foreign-owner
~/YeeBois/projects/beep-effect2-worktrees/effect-vitest-leaves-checkpoint/.beep/yeet/jobs/<run-id>.log,checkout-jobs,1035307,1036288,~/YeeBois/projects/beep-effect2-worktrees/effect-vitest-leaves-checkpoint,owner-unverified,unverified,source retained; archive from owner checkout,fleet observation only; archive from the owning checkout,foreign-owner
~/YeeBois/projects/beep-effect2-worktrees/effect-vitest-leaves-checkpoint/.beep/yeet/jobs/<run-id>.json,checkout-jobs,2270,0,~/YeeBois/projects/beep-effect2-worktrees/effect-vitest-leaves-checkpoint,owner-unverified,unverified,source retained; archive from owner checkout,fleet observation only; archive from the owning checkout,foreign-owner
~/YeeBois/projects/beep-effect2-worktrees/effect-vitest-leaves-checkpoint/.beep/yeet/jobs/<run-id>.json,checkout-jobs,2424,0,~/YeeBois/projects/beep-effect2-worktrees/effect-vitest-leaves-checkpoint,owner-unverified,unverified,source retained; archive from owner checkout,fleet observation only; archive from the owning checkout,foreign-owner
~/YeeBois/projects/beep-effect2-worktrees/effect-vitest-leaves-checkpoint/.beep/yeet/jobs/<run-id>.log,checkout-jobs,44321,45056,~/YeeBois/projects/beep-effect2-worktrees/effect-vitest-leaves-checkpoint,owner-unverified,unverified,source retained; archive from owner checkout,fleet observation only; archive from the owning checkout,foreign-owner
~/YeeBois/projects/beep-effect2-worktrees/effect-vitest-leaves-checkpoint/.beep/yeet/jobs/<run-id>.log,checkout-jobs,163,0,~/YeeBois/projects/beep-effect2-worktrees/effect-vitest-leaves-checkpoint,owner-unverified,unverified,source retained; archive from owner checkout,fleet observation only; archive from the owning checkout,foreign-owner
~/YeeBois/projects/beep-effect2-worktrees/effect-vitest-leaves-checkpoint/.beep/yeet/jobs/<run-id>.json,checkout-jobs,2262,0,~/YeeBois/projects/beep-effect2-worktrees/effect-vitest-leaves-checkpoint,owner-unverified,unverified,source retained; archive from owner checkout,fleet observation only; archive from the owning checkout,foreign-owner
~/YeeBois/projects/beep-effect2-worktrees/effect-vitest-leaves-checkpoint/.beep/yeet/jobs/<run-id>.json,checkout-jobs,2504,0,~/YeeBois/projects/beep-effect2-worktrees/effect-vitest-leaves-checkpoint,owner-unverified,unverified,source retained; archive from owner checkout,fleet observation only; archive from the owning checkout,foreign-owner
~/YeeBois/projects/beep-effect2-worktrees/effect-vitest-leaves-checkpoint/.beep/yeet/jobs/<run-id>.log,checkout-jobs,111656,114688,~/YeeBois/projects/beep-effect2-worktrees/effect-vitest-leaves-checkpoint,owner-unverified,unverified,source retained; archive from owner checkout,fleet observation only; archive from the owning checkout,foreign-owner
~/YeeBois/projects/beep-effect2-worktrees/effect-vitest-leaves-checkpoint/.beep/yeet/jobs/<run-id>.log,checkout-jobs,1015898,1019904,~/YeeBois/projects/beep-effect2-worktrees/effect-vitest-leaves-checkpoint,owner-unverified,unverified,source retained; archive from owner checkout,fleet observation only; archive from the owning checkout,foreign-owner
~/YeeBois/projects/beep-effect2-worktrees/effect-vitest-leaves-checkpoint/.beep/yeet/jobs/<run-id>.json,checkout-jobs,2442,0,~/YeeBois/projects/beep-effect2-worktrees/effect-vitest-leaves-checkpoint,owner-unverified,unverified,source retained; archive from owner checkout,fleet observation only; archive from the owning checkout,foreign-owner
~/YeeBois/projects/beep-effect2-worktrees/effect-vitest-leaves-checkpoint/.beep/yeet/jobs/<run-id>.log,checkout-jobs,153079,155648,~/YeeBois/projects/beep-effect2-worktrees/effect-vitest-leaves-checkpoint,owner-unverified,unverified,source retained; archive from owner checkout,fleet observation only; archive from the owning checkout,foreign-owner
~/YeeBois/projects/beep-effect2-worktrees/effect-vitest-leaves-checkpoint/.beep/yeet/jobs/<run-id>.json,checkout-jobs,2282,0,~/YeeBois/projects/beep-effect2-worktrees/effect-vitest-leaves-checkpoint,owner-unverified,unverified,source retained; archive from owner checkout,fleet observation only; archive from the owning checkout,foreign-owner
~/YeeBois/projects/beep-effect2-worktrees/effect-vitest-leaves-checkpoint/.beep/yeet/jobs/<run-id>.json,checkout-jobs,2490,0,~/YeeBois/projects/beep-effect2-worktrees/effect-vitest-leaves-checkpoint,owner-unverified,unverified,source retained; archive from owner checkout,fleet observation only; archive from the owning checkout,foreign-owner
~/YeeBois/projects/beep-effect2-worktrees/effect-vitest-leaves-checkpoint/.beep/fallow,checkout-material,414800,413696,~/YeeBois/projects/beep-effect2-worktrees/effect-vitest-leaves-checkpoint,owner-unverified,unverified,source retained; archive from owner checkout,fleet observation only; archive from the owning checkout,foreign-owner
~/YeeBois/projects/beep-effect2-worktrees/effect-vitest-leaves-checkpoint/.beep/quality,checkout-material,0,0,~/YeeBois/projects/beep-effect2-worktrees/effect-vitest-leaves-checkpoint,owner-unverified,unverified,source retained; archive from owner checkout,fleet observation only; archive from the owning checkout,foreign-owner
~/YeeBois/projects/beep-effect2-worktrees/effect-vitest-leaves-checkpoint/.beep/ci/jsdoc-documentation.inventory.jsonc,checkout-generated,20967980,20971520,~/YeeBois/projects/beep-effect2-worktrees/effect-vitest-leaves-checkpoint,owner-unverified,unverified,source retained; archive from owner checkout,fleet observation only; archive from the owning checkout,foreign-owner
~/YeeBois/projects/beep-effect2-worktrees/effect-vitest-leaves-checkpoint/.beep/ci/jsdoc-documentation.inventory.md,checkout-generated,361460,364544,~/YeeBois/projects/beep-effect2-worktrees/effect-vitest-leaves-checkpoint,owner-unverified,unverified,source retained; archive from owner checkout,fleet observation only; archive from the owning checkout,foreign-owner
~/YeeBois/projects/beep-effect2-worktrees/effect-vitest-lint-rules/.beep/yeet/jobs/<run-id>.log,checkout-jobs,42958,45056,~/YeeBois/projects/beep-effect2-worktrees/effect-vitest-lint-rules,owner-unverified,unverified,source retained; archive from owner checkout,fleet observation only; archive from the owning checkout,foreign-owner
~/YeeBois/projects/beep-effect2-worktrees/effect-vitest-lint-rules/.beep/yeet/jobs/<run-id>.log,checkout-jobs,163,0,~/YeeBois/projects/beep-effect2-worktrees/effect-vitest-lint-rules,owner-unverified,unverified,source retained; archive from owner checkout,fleet observation only; archive from the owning checkout,foreign-owner
~/YeeBois/projects/beep-effect2-worktrees/effect-vitest-lint-rules/.beep/yeet/jobs/<run-id>.json,checkout-jobs,2213,0,~/YeeBois/projects/beep-effect2-worktrees/effect-vitest-lint-rules,owner-unverified,unverified,source retained; archive from owner checkout,fleet observation only; archive from the owning checkout,foreign-owner
~/YeeBois/projects/beep-effect2-worktrees/effect-vitest-lint-rules/.beep/yeet/jobs/<run-id>.json,checkout-jobs,2439,0,~/YeeBois/projects/beep-effect2-worktrees/effect-vitest-lint-rules,owner-unverified,unverified,source retained; archive from owner checkout,fleet observation only; archive from the owning checkout,foreign-owner
~/YeeBois/projects/beep-effect2-worktrees/effect-vitest-mcp-kit/.beep/yeet/jobs/<run-id>.log,checkout-jobs,44402,45056,~/YeeBois/projects/beep-effect2-worktrees/effect-vitest-mcp-kit,owner-unverified,unverified,source retained; archive from owner checkout,fleet observation only; archive from the owning checkout,foreign-owner
~/YeeBois/projects/beep-effect2-worktrees/effect-vitest-mcp-kit/.beep/yeet/jobs/<run-id>.json,checkout-jobs,2386,0,~/YeeBois/projects/beep-effect2-worktrees/effect-vitest-mcp-kit,owner-unverified,unverified,source retained; archive from owner checkout,fleet observation only; archive from the owning checkout,foreign-owner
~/YeeBois/projects/beep-effect2-worktrees/effect-vitest-mcp-kit/.beep/yeet/jobs/<run-id>.log,checkout-jobs,227956,229376,~/YeeBois/projects/beep-effect2-worktrees/effect-vitest-mcp-kit,owner-unverified,unverified,source retained; archive from owner checkout,fleet observation only; archive from the owning checkout,foreign-owner
~/YeeBois/projects/beep-effect2-worktrees/effect-vitest-mcp-kit/.beep/yeet/jobs/<run-id>.json,checkout-jobs,2392,0,~/YeeBois/projects/beep-effect2-worktrees/effect-vitest-mcp-kit,owner-unverified,unverified,source retained; archive from owner checkout,fleet observation only; archive from the owning checkout,foreign-owner
~/YeeBois/projects/beep-effect2-worktrees/effect-vitest-mcp-kit/.beep/yeet/jobs/<run-id>.log,checkout-jobs,1421279,1421312,~/YeeBois/projects/beep-effect2-worktrees/effect-vitest-mcp-kit,owner-unverified,unverified,source retained; archive from owner checkout,fleet observation only; archive from the owning checkout,foreign-owner
~/YeeBois/projects/beep-effect2-worktrees/effect-vitest-mcp-kit/.beep/yeet/jobs/<run-id>.log,checkout-jobs,3324,0,~/YeeBois/projects/beep-effect2-worktrees/effect-vitest-mcp-kit,owner-unverified,unverified,source retained; archive from owner checkout,fleet observation only; archive from the owning checkout,foreign-owner
~/YeeBois/projects/beep-effect2-worktrees/effect-vitest-mcp-kit/.beep/yeet/jobs/<run-id>.json,checkout-jobs,2182,0,~/YeeBois/projects/beep-effect2-worktrees/effect-vitest-mcp-kit,owner-unverified,unverified,source retained; archive from owner checkout,fleet observation only; archive from the owning checkout,foreign-owner
~/YeeBois/projects/beep-effect2-worktrees/effect-vitest-mcp-kit/.beep/yeet/jobs/<run-id>.json,checkout-jobs,2350,0,~/YeeBois/projects/beep-effect2-worktrees/effect-vitest-mcp-kit,owner-unverified,unverified,source retained; archive from owner checkout,fleet observation only; archive from the owning checkout,foreign-owner
~/YeeBois/projects/beep-effect2-worktrees/effect-vitest-mcp-kit/.beep/yeet/jobs/<run-id>.log,checkout-jobs,1416897,1417216,~/YeeBois/projects/beep-effect2-worktrees/effect-vitest-mcp-kit,owner-unverified,unverified,source retained; archive from owner checkout,fleet observation only; archive from the owning checkout,foreign-owner
~/YeeBois/projects/beep-effect2-worktrees/effect-vitest-mcp-kit/.beep/yeet/jobs/<run-id>.json,checkout-jobs,2368,0,~/YeeBois/projects/beep-effect2-worktrees/effect-vitest-mcp-kit,owner-unverified,unverified,source retained; archive from owner checkout,fleet observation only; archive from the owning checkout,foreign-owner
~/YeeBois/projects/beep-effect2-worktrees/effect-vitest-mcp-kit/.beep/yeet/jobs/<run-id>.log,checkout-jobs,131518,135168,~/YeeBois/projects/beep-effect2-worktrees/effect-vitest-mcp-kit,owner-unverified,unverified,source retained; archive from owner checkout,fleet observation only; archive from the owning checkout,foreign-owner
~/YeeBois/projects/beep-effect2-worktrees/effect-vitest-mcp-kit/.beep/yeet/jobs/<run-id>.log,checkout-jobs,164030,167936,~/YeeBois/projects/beep-effect2-worktrees/effect-vitest-mcp-kit,owner-unverified,unverified,source retained; archive from owner checkout,fleet observation only; archive from the owning checkout,foreign-owner
~/YeeBois/projects/beep-effect2-worktrees/effect-vitest-mcp-kit/.beep/yeet/jobs/<run-id>.json,checkout-jobs,2264,0,~/YeeBois/projects/beep-effect2-worktrees/effect-vitest-mcp-kit,owner-unverified,unverified,source retained; archive from owner checkout,fleet observation only; archive from the owning checkout,foreign-owner
~/YeeBois/projects/beep-effect2-worktrees/effect-vitest-mcp-kit/.beep/yeet/jobs/<run-id>.json,checkout-jobs,2344,0,~/YeeBois/projects/beep-effect2-worktrees/effect-vitest-mcp-kit,owner-unverified,unverified,source retained; archive from owner checkout,fleet observation only; archive from the owning checkout,foreign-owner
~/YeeBois/projects/beep-effect2-worktrees/effect-vitest-mcp-kit/.beep/yeet/jobs/<run-id>.log,checkout-jobs,165994,167936,~/YeeBois/projects/beep-effect2-worktrees/effect-vitest-mcp-kit,owner-unverified,unverified,source retained; archive from owner checkout,fleet observation only; archive from the owning checkout,foreign-owner
~/YeeBois/projects/beep-effect2-worktrees/effect-vitest-mcp-kit/.beep/yeet/jobs/<run-id>.log,checkout-jobs,318622,319488,~/YeeBois/projects/beep-effect2-worktrees/effect-vitest-mcp-kit,owner-unverified,unverified,source retained; archive from owner checkout,fleet observation only; archive from the owning checkout,foreign-owner
~/YeeBois/projects/beep-effect2-worktrees/effect-vitest-mcp-kit/.beep/yeet/jobs/<run-id>.json,checkout-jobs,2414,0,~/YeeBois/projects/beep-effect2-worktrees/effect-vitest-mcp-kit,owner-unverified,unverified,source retained; archive from owner checkout,fleet observation only; archive from the owning checkout,foreign-owner
~/YeeBois/projects/beep-effect2-worktrees/effect-vitest-mcp-kit/.beep/yeet/jobs/<run-id>.log,checkout-jobs,111137,114688,~/YeeBois/projects/beep-effect2-worktrees/effect-vitest-mcp-kit,owner-unverified,unverified,source retained; archive from owner checkout,fleet observation only; archive from the owning checkout,foreign-owner
~/YeeBois/projects/beep-effect2-worktrees/effect-vitest-mcp-kit/.beep/yeet/jobs/<run-id>.json,checkout-jobs,2212,0,~/YeeBois/projects/beep-effect2-worktrees/effect-vitest-mcp-kit,owner-unverified,unverified,source retained; archive from owner checkout,fleet observation only; archive from the owning checkout,foreign-owner
~/YeeBois/projects/beep-effect2-worktrees/effect-vitest-mcp-kit/.beep/yeet/jobs/<run-id>.json,checkout-jobs,2406,0,~/YeeBois/projects/beep-effect2-worktrees/effect-vitest-mcp-kit,owner-unverified,unverified,source retained; archive from owner checkout,fleet observation only; archive from the owning checkout,foreign-owner
~/YeeBois/projects/beep-effect2-worktrees/effect-vitest-mcp-kit/.beep/yeet/jobs/<run-id>.log,checkout-jobs,152032,155648,~/YeeBois/projects/beep-effect2-worktrees/effect-vitest-mcp-kit,owner-unverified,unverified,source retained; archive from owner checkout,fleet observation only; archive from the owning checkout,foreign-owner
~/YeeBois/projects/beep-effect2-worktrees/effect-vitest-mcp-kit/.beep/yeet/jobs/<run-id>.log,checkout-jobs,265089,266240,~/YeeBois/projects/beep-effect2-worktrees/effect-vitest-mcp-kit,owner-unverified,unverified,source retained; archive from owner checkout,fleet observation only; archive from the owning checkout,foreign-owner
~/YeeBois/projects/beep-effect2-worktrees/effect-vitest-mcp-kit/.beep/yeet/jobs/<run-id>.json,checkout-jobs,2210,0,~/YeeBois/projects/beep-effect2-worktrees/effect-vitest-mcp-kit,owner-unverified,unverified,source retained; archive from owner checkout,fleet observation only; archive from the owning checkout,foreign-owner
~/YeeBois/projects/beep-effect2-worktrees/effect-vitest-mcp-kit/.beep/yeet/jobs/<run-id>.json,checkout-jobs,2420,0,~/YeeBois/projects/beep-effect2-worktrees/effect-vitest-mcp-kit,owner-unverified,unverified,source retained; archive from owner checkout,fleet observation only; archive from the owning checkout,foreign-owner
~/YeeBois/projects/beep-effect2-worktrees/effect-vitest-mcp-kit/.beep/fallow,checkout-material,415443,413696,~/YeeBois/projects/beep-effect2-worktrees/effect-vitest-mcp-kit,owner-unverified,unverified,source retained; archive from owner checkout,fleet observation only; archive from the owning checkout,foreign-owner
~/YeeBois/projects/beep-effect2-worktrees/effect-vitest-mcp-kit/.beep/quality,checkout-material,0,0,~/YeeBois/projects/beep-effect2-worktrees/effect-vitest-mcp-kit,owner-unverified,unverified,source retained; archive from owner checkout,fleet observation only; archive from the owning checkout,foreign-owner
~/YeeBois/projects/beep-effect2-worktrees/effect-vitest-mcp-kit/.beep/ci/jsdoc-documentation.inventory.jsonc,checkout-generated,20967980,20971520,~/YeeBois/projects/beep-effect2-worktrees/effect-vitest-mcp-kit,owner-unverified,unverified,source retained; archive from owner checkout,fleet observation only; archive from the owning checkout,foreign-owner
~/YeeBois/projects/beep-effect2-worktrees/effect-vitest-mcp-kit/.beep/ci/jsdoc-documentation.inventory.md,checkout-generated,361460,364544,~/YeeBois/projects/beep-effect2-worktrees/effect-vitest-mcp-kit,owner-unverified,unverified,source retained; archive from owner checkout,fleet observation only; archive from the owning checkout,foreign-owner
~/YeeBois/projects/beep-effect2-worktrees/effect-vitest-md/.beep/yeet/jobs/<run-id>.log,checkout-jobs,50945,53248,~/YeeBois/projects/beep-effect2-worktrees/effect-vitest-md,owner-unverified,unverified,source retained; archive from owner checkout,fleet observation only; archive from the owning checkout,foreign-owner
~/YeeBois/projects/beep-effect2-worktrees/effect-vitest-md/.beep/yeet/jobs/<run-id>.json,checkout-jobs,2349,0,~/YeeBois/projects/beep-effect2-worktrees/effect-vitest-md,owner-unverified,unverified,source retained; archive from owner checkout,fleet observation only; archive from the owning checkout,foreign-owner
~/YeeBois/projects/beep-effect2-worktrees/effect-vitest-md/.beep/yeet/jobs/<run-id>.log,checkout-jobs,4850,8192,~/YeeBois/projects/beep-effect2-worktrees/effect-vitest-md,owner-unverified,unverified,source retained; archive from owner checkout,fleet observation only; archive from the owning checkout,foreign-owner
~/YeeBois/projects/beep-effect2-worktrees/effect-vitest-md/.beep/yeet/jobs/<run-id>.json,checkout-jobs,2137,0,~/YeeBois/projects/beep-effect2-worktrees/effect-vitest-md,owner-unverified,unverified,source retained; archive from owner checkout,fleet observation only; archive from the owning checkout,foreign-owner
~/YeeBois/projects/beep-effect2-worktrees/effect-vitest-md/.beep/yeet/jobs/<run-id>.log,checkout-jobs,368827,372736,~/YeeBois/projects/beep-effect2-worktrees/effect-vitest-md,owner-unverified,unverified,source retained; archive from owner checkout,fleet observation only; archive from the owning checkout,foreign-owner
~/YeeBois/projects/beep-effect2-worktrees/effect-vitest-md/.beep/yeet/jobs/<run-id>.json,checkout-jobs,2306,0,~/YeeBois/projects/beep-effect2-worktrees/effect-vitest-md,owner-unverified,unverified,source retained; archive from owner checkout,fleet observation only; archive from the owning checkout,foreign-owner
~/YeeBois/projects/beep-effect2-worktrees/effect-vitest-md/.beep/yeet/jobs/<run-id>.log,checkout-jobs,1352118,1355776,~/YeeBois/projects/beep-effect2-worktrees/effect-vitest-md,owner-unverified,unverified,source retained; archive from owner checkout,fleet observation only; archive from the owning checkout,foreign-owner
~/YeeBois/projects/beep-effect2-worktrees/effect-vitest-md/.beep/yeet/jobs/<run-id>.json,checkout-jobs,2336,0,~/YeeBois/projects/beep-effect2-worktrees/effect-vitest-md,owner-unverified,unverified,source retained; archive from owner checkout,fleet observation only; archive from the owning checkout,foreign-owner
~/YeeBois/projects/beep-effect2-worktrees/effect-vitest-md/.beep/yeet/jobs/<run-id>.log,checkout-jobs,294792,294912,~/YeeBois/projects/beep-effect2-worktrees/effect-vitest-md,owner-unverified,unverified,source retained; archive from owner checkout,fleet observation only; archive from the owning checkout,foreign-owner
~/YeeBois/projects/beep-effect2-worktrees/effect-vitest-md/.beep/yeet/jobs/<run-id>.log,checkout-jobs,771002,774144,~/YeeBois/projects/beep-effect2-worktrees/effect-vitest-md,owner-unverified,unverified,source retained; archive from owner checkout,fleet observation only; archive from the owning checkout,foreign-owner
~/YeeBois/projects/beep-effect2-worktrees/effect-vitest-md/.beep/yeet/jobs/<run-id>.json,checkout-jobs,2112,0,~/YeeBois/projects/beep-effect2-worktrees/effect-vitest-md,owner-unverified,unverified,source retained; archive from owner checkout,fleet observation only; archive from the owning checkout,foreign-owner
~/YeeBois/projects/beep-effect2-worktrees/effect-vitest-md/.beep/yeet/jobs/<run-id>.json,checkout-jobs,2373,0,~/YeeBois/projects/beep-effect2-worktrees/effect-vitest-md,owner-unverified,unverified,source retained; archive from owner checkout,fleet observation only; archive from the owning checkout,foreign-owner
~/YeeBois/projects/beep-effect2-worktrees/effect-vitest-md/.beep/yeet/jobs/<run-id>.log,checkout-jobs,132632,135168,~/YeeBois/projects/beep-effect2-worktrees/effect-vitest-md,owner-unverified,unverified,source retained; archive from owner checkout,fleet observation only; archive from the owning checkout,foreign-owner
~/YeeBois/projects/beep-effect2-worktrees/effect-vitest-md/.beep/yeet/jobs/<run-id>.log,checkout-jobs,205788,208896,~/YeeBois/projects/beep-effect2-worktrees/effect-vitest-md,owner-unverified,unverified,source retained; archive from owner checkout,fleet observation only; archive from the owning checkout,foreign-owner
~/YeeBois/projects/beep-effect2-worktrees/effect-vitest-md/.beep/yeet/jobs/<run-id>.json,checkout-jobs,2174,0,~/YeeBois/projects/beep-effect2-worktrees/effect-vitest-md,owner-unverified,unverified,source retained; archive from owner checkout,fleet observation only; archive from the owning checkout,foreign-owner
~/YeeBois/projects/beep-effect2-worktrees/effect-vitest-md/.beep/yeet/jobs/<run-id>.json,checkout-jobs,2327,0,~/YeeBois/projects/beep-effect2-worktrees/effect-vitest-md,owner-unverified,unverified,source retained; archive from owner checkout,fleet observation only; archive from the owning checkout,foreign-owner
~/YeeBois/projects/beep-effect2-worktrees/effect-vitest-md/.beep/yeet/jobs/<run-id>.log,checkout-jobs,29890,32768,~/YeeBois/projects/beep-effect2-worktrees/effect-vitest-md,owner-unverified,unverified,source retained; archive from owner checkout,fleet observation only; archive from the owning checkout,foreign-owner
~/YeeBois/projects/beep-effect2-worktrees/effect-vitest-md/.beep/yeet/jobs/<run-id>.log,checkout-jobs,163,0,~/YeeBois/projects/beep-effect2-worktrees/effect-vitest-md,owner-unverified,unverified,source retained; archive from owner checkout,fleet observation only; archive from the owning checkout,foreign-owner
~/YeeBois/projects/beep-effect2-worktrees/effect-vitest-md/.beep/yeet/jobs/<run-id>.json,checkout-jobs,2157,0,~/YeeBois/projects/beep-effect2-worktrees/effect-vitest-md,owner-unverified,unverified,source retained; archive from owner checkout,fleet observation only; archive from the owning checkout,foreign-owner
~/YeeBois/projects/beep-effect2-worktrees/effect-vitest-md/.beep/yeet/jobs/<run-id>.json,checkout-jobs,2337,0,~/YeeBois/projects/beep-effect2-worktrees/effect-vitest-md,owner-unverified,unverified,source retained; archive from owner checkout,fleet observation only; archive from the owning checkout,foreign-owner
~/YeeBois/projects/beep-effect2-worktrees/effect-vitest-md/.beep/yeet/jobs/<run-id>.log,checkout-jobs,103560,106496,~/YeeBois/projects/beep-effect2-worktrees/effect-vitest-md,owner-unverified,unverified,source retained; archive from owner checkout,fleet observation only; archive from the owning checkout,foreign-owner
~/YeeBois/projects/beep-effect2-worktrees/effect-vitest-md/.beep/yeet/jobs/<run-id>.log,checkout-jobs,1057532,1060864,~/YeeBois/projects/beep-effect2-worktrees/effect-vitest-md,owner-unverified,unverified,source retained; archive from owner checkout,fleet observation only; archive from the owning checkout,foreign-owner
~/YeeBois/projects/beep-effect2-worktrees/effect-vitest-md/.beep/yeet/jobs/<run-id>.json,checkout-jobs,2337,0,~/YeeBois/projects/beep-effect2-worktrees/effect-vitest-md,owner-unverified,unverified,source retained; archive from owner checkout,fleet observation only; archive from the owning checkout,foreign-owner
~/YeeBois/projects/beep-effect2-worktrees/effect-vitest-md/.beep/yeet/jobs/<run-id>.log,checkout-jobs,157014,159744,~/YeeBois/projects/beep-effect2-worktrees/effect-vitest-md,owner-unverified,unverified,source retained; archive from owner checkout,fleet observation only; archive from the owning checkout,foreign-owner
~/YeeBois/projects/beep-effect2-worktrees/effect-vitest-md/.beep/yeet/jobs/<run-id>.json,checkout-jobs,2164,0,~/YeeBois/projects/beep-effect2-worktrees/effect-vitest-md,owner-unverified,unverified,source retained; archive from owner checkout,fleet observation only; archive from the owning checkout,foreign-owner
~/YeeBois/projects/beep-effect2-worktrees/effect-vitest-md/.beep/yeet/jobs/<run-id>.json,checkout-jobs,2385,0,~/YeeBois/projects/beep-effect2-worktrees/effect-vitest-md,owner-unverified,unverified,source retained; archive from owner checkout,fleet observation only; archive from the owning checkout,foreign-owner
~/YeeBois/projects/beep-effect2-worktrees/effect-vitest-md/.beep/fallow,checkout-material,409919,409600,~/YeeBois/projects/beep-effect2-worktrees/effect-vitest-md,owner-unverified,unverified,source retained; archive from owner checkout,fleet observation only; archive from the owning checkout,foreign-owner
~/YeeBois/projects/beep-effect2-worktrees/effect-vitest-md/.beep/quality,checkout-material,0,0,~/YeeBois/projects/beep-effect2-worktrees/effect-vitest-md,owner-unverified,unverified,source retained; archive from owner checkout,fleet observation only; archive from the owning checkout,foreign-owner
~/YeeBois/projects/beep-effect2-worktrees/effect-vitest-md/.beep/ci/jsdoc-documentation.inventory.jsonc,checkout-generated,20898490,20901888,~/YeeBois/projects/beep-effect2-worktrees/effect-vitest-md,owner-unverified,unverified,source retained; archive from owner checkout,fleet observation only; archive from the owning checkout,foreign-owner
~/YeeBois/projects/beep-effect2-worktrees/effect-vitest-md/.beep/ci/jsdoc-documentation.inventory.md,checkout-generated,361459,364544,~/YeeBois/projects/beep-effect2-worktrees/effect-vitest-md,owner-unverified,unverified,source retained; archive from owner checkout,fleet observation only; archive from the owning checkout,foreign-owner
~/YeeBois/projects/beep-effect2-worktrees/effect-vitest-media-drivers/.beep/yeet/jobs/<run-id>.log,checkout-jobs,29094,32768,~/YeeBois/projects/beep-effect2-worktrees/effect-vitest-media-drivers,owner-unverified,unverified,source retained; archive from owner checkout,fleet observation only; archive from the owning checkout,foreign-owner
~/YeeBois/projects/beep-effect2-worktrees/effect-vitest-media-drivers/.beep/yeet/jobs/<run-id>.json,checkout-jobs,2640,0,~/YeeBois/projects/beep-effect2-worktrees/effect-vitest-media-drivers,owner-unverified,unverified,source retained; archive from owner checkout,fleet observation only; archive from the owning checkout,foreign-owner
~/YeeBois/projects/beep-effect2-worktrees/effect-vitest-media-drivers/.beep/yeet/jobs/<run-id>.log,checkout-jobs,1223250,1224704,~/YeeBois/projects/beep-effect2-worktrees/effect-vitest-media-drivers,owner-unverified,unverified,source retained; archive from owner checkout,fleet observation only; archive from the owning checkout,foreign-owner
~/YeeBois/projects/beep-effect2-worktrees/effect-vitest-media-drivers/.beep/yeet/jobs/<run-id>.log,checkout-jobs,744957,745472,~/YeeBois/projects/beep-effect2-worktrees/effect-vitest-media-drivers,owner-unverified,unverified,source retained; archive from owner checkout,fleet observation only; archive from the owning checkout,foreign-owner
~/YeeBois/projects/beep-effect2-worktrees/effect-vitest-media-drivers/.beep/yeet/jobs/<run-id>.json,checkout-jobs,2609,0,~/YeeBois/projects/beep-effect2-worktrees/effect-vitest-media-drivers,owner-unverified,unverified,source retained; archive from owner checkout,fleet observation only; archive from the owning checkout,foreign-owner
~/YeeBois/projects/beep-effect2-worktrees/effect-vitest-media-drivers/.beep/yeet/jobs/<run-id>.log,checkout-jobs,1382808,1384448,~/YeeBois/projects/beep-effect2-worktrees/effect-vitest-media-drivers,owner-unverified,unverified,source retained; archive from owner checkout,fleet observation only; archive from the owning checkout,foreign-owner
~/YeeBois/projects/beep-effect2-worktrees/effect-vitest-media-drivers/.beep/yeet/jobs/<run-id>.json,checkout-jobs,2187,0,~/YeeBois/projects/beep-effect2-worktrees/effect-vitest-media-drivers,owner-unverified,unverified,source retained; archive from owner checkout,fleet observation only; archive from the owning checkout,foreign-owner
~/YeeBois/projects/beep-effect2-worktrees/effect-vitest-media-drivers/.beep/yeet/jobs/<run-id>.json,checkout-jobs,2212,0,~/YeeBois/projects/beep-effect2-worktrees/effect-vitest-media-drivers,owner-unverified,unverified,source retained; archive from owner checkout,fleet observation only; archive from the owning checkout,foreign-owner
~/YeeBois/projects/beep-effect2-worktrees/effect-vitest-media-drivers/.beep/yeet/jobs/<run-id>.log,checkout-jobs,132854,135168,~/YeeBois/projects/beep-effect2-worktrees/effect-vitest-media-drivers,owner-unverified,unverified,source retained; archive from owner checkout,fleet observation only; archive from the owning checkout,foreign-owner
~/YeeBois/projects/beep-effect2-worktrees/effect-vitest-media-drivers/.beep/yeet/jobs/<run-id>.log,checkout-jobs,199919,200704,~/YeeBois/projects/beep-effect2-worktrees/effect-vitest-media-drivers,owner-unverified,unverified,source retained; archive from owner checkout,fleet observation only; archive from the owning checkout,foreign-owner
~/YeeBois/projects/beep-effect2-worktrees/effect-vitest-media-drivers/.beep/yeet/jobs/<run-id>.json,checkout-jobs,2306,0,~/YeeBois/projects/beep-effect2-worktrees/effect-vitest-media-drivers,owner-unverified,unverified,source retained; archive from owner checkout,fleet observation only; archive from the owning checkout,foreign-owner
~/YeeBois/projects/beep-effect2-worktrees/effect-vitest-media-drivers/.beep/yeet/jobs/<run-id>.json,checkout-jobs,2386,0,~/YeeBois/projects/beep-effect2-worktrees/effect-vitest-media-drivers,owner-unverified,unverified,source retained; archive from owner checkout,fleet observation only; archive from the owning checkout,foreign-owner
~/YeeBois/projects/beep-effect2-worktrees/effect-vitest-media-drivers/.beep/yeet/jobs/<run-id>.log,checkout-jobs,131879,135168,~/YeeBois/projects/beep-effect2-worktrees/effect-vitest-media-drivers,owner-unverified,unverified,source retained; archive from owner checkout,fleet observation only; archive from the owning checkout,foreign-owner
~/YeeBois/projects/beep-effect2-worktrees/effect-vitest-media-drivers/.beep/yeet/jobs/<run-id>.log,checkout-jobs,163,0,~/YeeBois/projects/beep-effect2-worktrees/effect-vitest-media-drivers,owner-unverified,unverified,source retained; archive from owner checkout,fleet observation only; archive from the owning checkout,foreign-owner
~/YeeBois/projects/beep-effect2-worktrees/effect-vitest-media-drivers/.beep/yeet/jobs/<run-id>.json,checkout-jobs,2234,0,~/YeeBois/projects/beep-effect2-worktrees/effect-vitest-media-drivers,owner-unverified,unverified,source retained; archive from owner checkout,fleet observation only; archive from the owning checkout,foreign-owner
~/YeeBois/projects/beep-effect2-worktrees/effect-vitest-media-drivers/.beep/yeet/jobs/<run-id>.log,checkout-jobs,1020477,1024000,~/YeeBois/projects/beep-effect2-worktrees/effect-vitest-media-drivers,owner-unverified,unverified,source retained; archive from owner checkout,fleet observation only; archive from the owning checkout,foreign-owner
~/YeeBois/projects/beep-effect2-worktrees/effect-vitest-media-drivers/.beep/yeet/jobs/<run-id>.json,checkout-jobs,2414,0,~/YeeBois/projects/beep-effect2-worktrees/effect-vitest-media-drivers,owner-unverified,unverified,source retained; archive from owner checkout,fleet observation only; archive from the owning checkout,foreign-owner
~/YeeBois/projects/beep-effect2-worktrees/effect-vitest-media-drivers/.beep/yeet/jobs/<run-id>.log,checkout-jobs,155213,155648,~/YeeBois/projects/beep-effect2-worktrees/effect-vitest-media-drivers,owner-unverified,unverified,source retained; archive from owner checkout,fleet observation only; archive from the owning checkout,foreign-owner
~/YeeBois/projects/beep-effect2-worktrees/effect-vitest-media-drivers/.beep/yeet/jobs/<run-id>.json,checkout-jobs,2241,0,~/YeeBois/projects/beep-effect2-worktrees/effect-vitest-media-drivers,owner-unverified,unverified,source retained; archive from owner checkout,fleet observation only; archive from the owning checkout,foreign-owner
~/YeeBois/projects/beep-effect2-worktrees/effect-vitest-media-drivers/.beep/yeet/jobs/<run-id>.json,checkout-jobs,2462,0,~/YeeBois/projects/beep-effect2-worktrees/effect-vitest-media-drivers,owner-unverified,unverified,source retained; archive from owner checkout,fleet observation only; archive from the owning checkout,foreign-owner
~/YeeBois/projects/beep-effect2-worktrees/effect-vitest-media-drivers/.beep/fallow,checkout-material,414707,413696,~/YeeBois/projects/beep-effect2-worktrees/effect-vitest-media-drivers,owner-unverified,unverified,source retained; archive from owner checkout,fleet observation only; archive from the owning checkout,foreign-owner
~/YeeBois/projects/beep-effect2-worktrees/effect-vitest-media-drivers/.beep/quality,checkout-material,0,0,~/YeeBois/projects/beep-effect2-worktrees/effect-vitest-media-drivers,owner-unverified,unverified,source retained; archive from owner checkout,fleet observation only; archive from the owning checkout,foreign-owner
~/YeeBois/projects/beep-effect2-worktrees/effect-vitest-media-drivers/.beep/ci/jsdoc-documentation.inventory.jsonc,checkout-generated,20967980,20971520,~/YeeBois/projects/beep-effect2-worktrees/effect-vitest-media-drivers,owner-unverified,unverified,source retained; archive from owner checkout,fleet observation only; archive from the owning checkout,foreign-owner
~/YeeBois/projects/beep-effect2-worktrees/effect-vitest-media-drivers/.beep/ci/jsdoc-documentation.inventory.md,checkout-generated,361460,364544,~/YeeBois/projects/beep-effect2-worktrees/effect-vitest-media-drivers,owner-unverified,unverified,source retained; archive from owner checkout,fleet observation only; archive from the owning checkout,foreign-owner
~/YeeBois/projects/beep-effect2-worktrees/effect-vitest-observability/.beep/yeet/jobs/<run-id>.log,checkout-jobs,35954,36864,~/YeeBois/projects/beep-effect2-worktrees/effect-vitest-observability,owner-unverified,unverified,source retained; archive from owner checkout,fleet observation only; archive from the owning checkout,foreign-owner
~/YeeBois/projects/beep-effect2-worktrees/effect-vitest-observability/.beep/yeet/jobs/<run-id>.log,checkout-jobs,163,0,~/YeeBois/projects/beep-effect2-worktrees/effect-vitest-observability,owner-unverified,unverified,source retained; archive from owner checkout,fleet observation only; archive from the owning checkout,foreign-owner
~/YeeBois/projects/beep-effect2-worktrees/effect-vitest-observability/.beep/yeet/jobs/<run-id>.json,checkout-jobs,2234,0,~/YeeBois/projects/beep-effect2-worktrees/effect-vitest-observability,owner-unverified,unverified,source retained; archive from owner checkout,fleet observation only; archive from the owning checkout,foreign-owner
~/YeeBois/projects/beep-effect2-worktrees/effect-vitest-observability/.beep/yeet/jobs/<run-id>.log,checkout-jobs,1332070,1335296,~/YeeBois/projects/beep-effect2-worktrees/effect-vitest-observability,owner-unverified,unverified,source retained; archive from owner checkout,fleet observation only; archive from the owning checkout,foreign-owner
~/YeeBois/projects/beep-effect2-worktrees/effect-vitest-observability/.beep/yeet/jobs/<run-id>.json,checkout-jobs,2464,0,~/YeeBois/projects/beep-effect2-worktrees/effect-vitest-observability,owner-unverified,unverified,source retained; archive from owner checkout,fleet observation only; archive from the owning checkout,foreign-owner
~/YeeBois/projects/beep-effect2-worktrees/effect-vitest-observability/.beep/yeet/jobs/<run-id>.log,checkout-jobs,16553,20480,~/YeeBois/projects/beep-effect2-worktrees/effect-vitest-observability,owner-unverified,unverified,source retained; archive from owner checkout,fleet observation only; archive from the owning checkout,foreign-owner
~/YeeBois/projects/beep-effect2-worktrees/effect-vitest-observability/.beep/yeet/jobs/<run-id>.json,checkout-jobs,2478,0,~/YeeBois/projects/beep-effect2-worktrees/effect-vitest-observability,owner-unverified,unverified,source retained; archive from owner checkout,fleet observation only; archive from the owning checkout,foreign-owner
~/YeeBois/projects/beep-effect2-worktrees/effect-vitest-observability/.beep/yeet/jobs/<run-id>.log,checkout-jobs,22624,24576,~/YeeBois/projects/beep-effect2-worktrees/effect-vitest-observability,owner-unverified,unverified,source retained; archive from owner checkout,fleet observation only; archive from the owning checkout,foreign-owner
~/YeeBois/projects/beep-effect2-worktrees/effect-vitest-observability/.beep/yeet/jobs/<run-id>.json,checkout-jobs,2468,0,~/YeeBois/projects/beep-effect2-worktrees/effect-vitest-observability,owner-unverified,unverified,source retained; archive from owner checkout,fleet observation only; archive from the owning checkout,foreign-owner
~/YeeBois/projects/beep-effect2-worktrees/effect-vitest-observability/.beep/yeet/jobs/<run-id>.log,checkout-jobs,1233915,1236992,~/YeeBois/projects/beep-effect2-worktrees/effect-vitest-observability,owner-unverified,unverified,source retained; archive from owner checkout,fleet observation only; archive from the owning checkout,foreign-owner
~/YeeBois/projects/beep-effect2-worktrees/effect-vitest-observability/.beep/yeet/jobs/<run-id>.json,checkout-jobs,2659,0,~/YeeBois/projects/beep-effect2-worktrees/effect-vitest-observability,owner-unverified,unverified,source retained; archive from owner checkout,fleet observation only; archive from the owning checkout,foreign-owner
~/YeeBois/projects/beep-effect2-worktrees/effect-vitest-observability/.beep/yeet/jobs/<run-id>.log,checkout-jobs,1481301,1482752,~/YeeBois/projects/beep-effect2-worktrees/effect-vitest-observability,owner-unverified,unverified,source retained; archive from owner checkout,fleet observation only; archive from the owning checkout,foreign-owner
~/YeeBois/projects/beep-effect2-worktrees/effect-vitest-observability/.beep/yeet/jobs/<run-id>.json,checkout-jobs,2413,0,~/YeeBois/projects/beep-effect2-worktrees/effect-vitest-observability,owner-unverified,unverified,source retained; archive from owner checkout,fleet observation only; archive from the owning checkout,foreign-owner
~/YeeBois/projects/beep-effect2-worktrees/effect-vitest-observability/.beep/yeet/jobs/<run-id>.json,checkout-jobs,2462,0,~/YeeBois/projects/beep-effect2-worktrees/effect-vitest-observability,owner-unverified,unverified,source retained; archive from owner checkout,fleet observation only; archive from the owning checkout,foreign-owner
~/YeeBois/projects/beep-effect2-worktrees/effect-vitest-observability/.beep/fallow,checkout-material,416306,413696,~/YeeBois/projects/beep-effect2-worktrees/effect-vitest-observability,owner-unverified,unverified,source retained; archive from owner checkout,fleet observation only; archive from the owning checkout,foreign-owner
~/YeeBois/projects/beep-effect2-worktrees/effect-vitest-observability/.beep/quality,checkout-material,0,0,~/YeeBois/projects/beep-effect2-worktrees/effect-vitest-observability,owner-unverified,unverified,source retained; archive from owner checkout,fleet observation only; archive from the owning checkout,foreign-owner
~/YeeBois/projects/beep-effect2-worktrees/effect-vitest-observability/.beep/ci/jsdoc-documentation.inventory.jsonc,checkout-generated,20967980,20971520,~/YeeBois/projects/beep-effect2-worktrees/effect-vitest-observability,owner-unverified,unverified,source retained; archive from owner checkout,fleet observation only; archive from the owning checkout,foreign-owner
~/YeeBois/projects/beep-effect2-worktrees/effect-vitest-observability/.beep/ci/jsdoc-documentation.inventory.md,checkout-generated,361460,364544,~/YeeBois/projects/beep-effect2-worktrees/effect-vitest-observability,owner-unverified,unverified,source retained; archive from owner checkout,fleet observation only; archive from the owning checkout,foreign-owner
~/YeeBois/projects/beep-effect2-worktrees/effect-vitest-phoenix/.beep/yeet/jobs/<run-id>.log,checkout-jobs,121001,122880,~/YeeBois/projects/beep-effect2-worktrees/effect-vitest-phoenix,owner-unverified,unverified,source retained; archive from owner checkout,fleet observation only; archive from the owning checkout,foreign-owner
~/YeeBois/projects/beep-effect2-worktrees/effect-vitest-phoenix/.beep/yeet/jobs/<run-id>.log,checkout-jobs,961314,962560,~/YeeBois/projects/beep-effect2-worktrees/effect-vitest-phoenix,owner-unverified,unverified,source retained; archive from owner checkout,fleet observation only; archive from the owning checkout,foreign-owner
~/YeeBois/projects/beep-effect2-worktrees/effect-vitest-phoenix/.beep/yeet/jobs/<run-id>.json,checkout-jobs,2384,0,~/YeeBois/projects/beep-effect2-worktrees/effect-vitest-phoenix,owner-unverified,unverified,source retained; archive from owner checkout,fleet observation only; archive from the owning checkout,foreign-owner
~/YeeBois/projects/beep-effect2-worktrees/effect-vitest-phoenix/.beep/yeet/jobs/<run-id>.log,checkout-jobs,3363392,3366912,~/YeeBois/projects/beep-effect2-worktrees/effect-vitest-phoenix,owner-unverified,unverified,source retained; archive from owner checkout,fleet observation only; archive from the owning checkout,foreign-owner
~/YeeBois/projects/beep-effect2-worktrees/effect-vitest-phoenix/.beep/yeet/jobs/<run-id>.json,checkout-jobs,2599,0,~/YeeBois/projects/beep-effect2-worktrees/effect-vitest-phoenix,owner-unverified,unverified,source retained; archive from owner checkout,fleet observation only; archive from the owning checkout,foreign-owner
~/YeeBois/projects/beep-effect2-worktrees/effect-vitest-phoenix/.beep/yeet/jobs/<run-id>.json,checkout-jobs,2199,0,~/YeeBois/projects/beep-effect2-worktrees/effect-vitest-phoenix,owner-unverified,unverified,source retained; archive from owner checkout,fleet observation only; archive from the owning checkout,foreign-owner
~/YeeBois/projects/beep-effect2-worktrees/effect-vitest-phoenix/.beep/fallow,checkout-material,414802,413696,~/YeeBois/projects/beep-effect2-worktrees/effect-vitest-phoenix,owner-unverified,unverified,source retained; archive from owner checkout,fleet observation only; archive from the owning checkout,foreign-owner
~/YeeBois/projects/beep-effect2-worktrees/effect-vitest-phoenix/.beep/quality,checkout-material,0,0,~/YeeBois/projects/beep-effect2-worktrees/effect-vitest-phoenix,owner-unverified,unverified,source retained; archive from owner checkout,fleet observation only; archive from the owning checkout,foreign-owner
~/YeeBois/projects/beep-effect2-worktrees/effect-vitest-phoenix/.beep/ci/jsdoc-documentation.inventory.jsonc,checkout-generated,20967980,20971520,~/YeeBois/projects/beep-effect2-worktrees/effect-vitest-phoenix,owner-unverified,unverified,source retained; archive from owner checkout,fleet observation only; archive from the owning checkout,foreign-owner
~/YeeBois/projects/beep-effect2-worktrees/effect-vitest-phoenix/.beep/ci/jsdoc-documentation.inventory.md,checkout-generated,361460,364544,~/YeeBois/projects/beep-effect2-worktrees/effect-vitest-phoenix,owner-unverified,unverified,source retained; archive from owner checkout,fleet observation only; archive from the owning checkout,foreign-owner
~/YeeBois/projects/beep-effect2-worktrees/effect-vitest-pretext/.beep/pretext-browser,checkout-material,1200,0,~/YeeBois/projects/beep-effect2-worktrees/effect-vitest-pretext,owner-unverified,unverified,source retained; archive from owner checkout,fleet observation only; archive from the owning checkout,foreign-owner
~/YeeBois/projects/beep-effect2-worktrees/effect-vitest-pretext/.beep/yeet/jobs/<run-id>.log,checkout-jobs,5918,8192,~/YeeBois/projects/beep-effect2-worktrees/effect-vitest-pretext,owner-unverified,unverified,source retained; archive from owner checkout,fleet observation only; archive from the owning checkout,foreign-owner
~/YeeBois/projects/beep-effect2-worktrees/effect-vitest-pretext/.beep/yeet/jobs/<run-id>.json,checkout-jobs,2599,0,~/YeeBois/projects/beep-effect2-worktrees/effect-vitest-pretext,owner-unverified,unverified,source retained; archive from owner checkout,fleet observation only; archive from the owning checkout,foreign-owner
~/YeeBois/projects/beep-effect2-worktrees/effect-vitest-pretext/.beep/yeet/jobs/<run-id>.log,checkout-jobs,13809,16384,~/YeeBois/projects/beep-effect2-worktrees/effect-vitest-pretext,owner-unverified,unverified,source retained; archive from owner checkout,fleet observation only; archive from the owning checkout,foreign-owner
~/YeeBois/projects/beep-effect2-worktrees/effect-vitest-pretext/.beep/yeet/jobs/<run-id>.json,checkout-jobs,2198,0,~/YeeBois/projects/beep-effect2-worktrees/effect-vitest-pretext,owner-unverified,unverified,source retained; archive from owner checkout,fleet observation only; archive from the owning checkout,foreign-owner
~/YeeBois/projects/beep-effect2-worktrees/effect-vitest-pretext/.beep/yeet/jobs/<run-id>.log,checkout-jobs,1201,0,~/YeeBois/projects/beep-effect2-worktrees/effect-vitest-pretext,owner-unverified,unverified,source retained; archive from owner checkout,fleet observation only; archive from the owning checkout,foreign-owner
~/YeeBois/projects/beep-effect2-worktrees/effect-vitest-pretext/.beep/yeet/jobs/<run-id>.json,checkout-jobs,2594,0,~/YeeBois/projects/beep-effect2-worktrees/effect-vitest-pretext,owner-unverified,unverified,source retained; archive from owner checkout,fleet observation only; archive from the owning checkout,foreign-owner
~/YeeBois/projects/beep-effect2-worktrees/effect-vitest-pretext/.beep/yeet/jobs/<run-id>.log,checkout-jobs,62987,65536,~/YeeBois/projects/beep-effect2-worktrees/effect-vitest-pretext,owner-unverified,unverified,source retained; archive from owner checkout,fleet observation only; archive from the owning checkout,foreign-owner
~/YeeBois/projects/beep-effect2-worktrees/effect-vitest-pretext/.beep/yeet/jobs/<run-id>.log,checkout-jobs,537435,540672,~/YeeBois/projects/beep-effect2-worktrees/effect-vitest-pretext,owner-unverified,unverified,source retained; archive from owner checkout,fleet observation only; archive from the owning checkout,foreign-owner
~/YeeBois/projects/beep-effect2-worktrees/effect-vitest-pretext/.beep/yeet/jobs/<run-id>.json,checkout-jobs,2604,0,~/YeeBois/projects/beep-effect2-worktrees/effect-vitest-pretext,owner-unverified,unverified,source retained; archive from owner checkout,fleet observation only; archive from the owning checkout,foreign-owner
~/YeeBois/projects/beep-effect2-worktrees/effect-vitest-pretext/.beep/yeet/jobs/<run-id>.log,checkout-jobs,98981,102400,~/YeeBois/projects/beep-effect2-worktrees/effect-vitest-pretext,owner-unverified,unverified,source retained; archive from owner checkout,fleet observation only; archive from the owning checkout,foreign-owner
~/YeeBois/projects/beep-effect2-worktrees/effect-vitest-pretext/.beep/yeet/jobs/<run-id>.log,checkout-jobs,51752,53248,~/YeeBois/projects/beep-effect2-worktrees/effect-vitest-pretext,owner-unverified,unverified,source retained; archive from owner checkout,fleet observation only; archive from the owning checkout,foreign-owner
~/YeeBois/projects/beep-effect2-worktrees/effect-vitest-pretext/.beep/yeet/jobs/<run-id>.json,checkout-jobs,2402,0,~/YeeBois/projects/beep-effect2-worktrees/effect-vitest-pretext,owner-unverified,unverified,source retained; archive from owner checkout,fleet observation only; archive from the owning checkout,foreign-owner
~/YeeBois/projects/beep-effect2-worktrees/effect-vitest-pretext/.beep/yeet/jobs/<run-id>.json,checkout-jobs,2197,0,~/YeeBois/projects/beep-effect2-worktrees/effect-vitest-pretext,owner-unverified,unverified,source retained; archive from owner checkout,fleet observation only; archive from the owning checkout,foreign-owner
~/YeeBois/projects/beep-effect2-worktrees/effect-vitest-pretext/.beep/yeet/jobs/<run-id>.json,checkout-jobs,2420,0,~/YeeBois/projects/beep-effect2-worktrees/effect-vitest-pretext,owner-unverified,unverified,source retained; archive from owner checkout,fleet observation only; archive from the owning checkout,foreign-owner
~/YeeBois/projects/beep-effect2-worktrees/effect-vitest-pretext/.beep/fallow,checkout-material,415332,413696,~/YeeBois/projects/beep-effect2-worktrees/effect-vitest-pretext,owner-unverified,unverified,source retained; archive from owner checkout,fleet observation only; archive from the owning checkout,foreign-owner
~/YeeBois/projects/beep-effect2-worktrees/effect-vitest-provenance/.beep/yeet/jobs/<run-id>.log,checkout-jobs,99084,102400,~/YeeBois/projects/beep-effect2-worktrees/effect-vitest-provenance,owner-unverified,unverified,source retained; archive from owner checkout,fleet observation only; archive from the owning checkout,foreign-owner
~/YeeBois/projects/beep-effect2-worktrees/effect-vitest-provenance/.beep/yeet/jobs/<run-id>.json,checkout-jobs,2409,0,~/YeeBois/projects/beep-effect2-worktrees/effect-vitest-provenance,owner-unverified,unverified,source retained; archive from owner checkout,fleet observation only; archive from the owning checkout,foreign-owner
~/YeeBois/projects/beep-effect2-worktrees/effect-vitest-provenance/.beep/yeet/jobs/<run-id>.log,checkout-jobs,31938,32768,~/YeeBois/projects/beep-effect2-worktrees/effect-vitest-provenance,owner-unverified,unverified,source retained; archive from owner checkout,fleet observation only; archive from the owning checkout,foreign-owner
~/YeeBois/projects/beep-effect2-worktrees/effect-vitest-provenance/.beep/yeet/jobs/<run-id>.json,checkout-jobs,2401,0,~/YeeBois/projects/beep-effect2-worktrees/effect-vitest-provenance,owner-unverified,unverified,source retained; archive from owner checkout,fleet observation only; archive from the owning checkout,foreign-owner
~/YeeBois/projects/beep-effect2-worktrees/effect-vitest-provenance/.beep/yeet/jobs/<run-id>.log,checkout-jobs,1447759,1449984,~/YeeBois/projects/beep-effect2-worktrees/effect-vitest-provenance,owner-unverified,unverified,source retained; archive from owner checkout,fleet observation only; archive from the owning checkout,foreign-owner
~/YeeBois/projects/beep-effect2-worktrees/effect-vitest-provenance/.beep/yeet/jobs/<run-id>.json,checkout-jobs,2419,0,~/YeeBois/projects/beep-effect2-worktrees/effect-vitest-provenance,owner-unverified,unverified,source retained; archive from owner checkout,fleet observation only; archive from the owning checkout,foreign-owner
~/YeeBois/projects/beep-effect2-worktrees/effect-vitest-provenance/.beep/yeet/jobs/<run-id>.log,checkout-jobs,7459692,7462912,~/YeeBois/projects/beep-effect2-worktrees/effect-vitest-provenance,owner-unverified,unverified,source retained; archive from owner checkout,fleet observation only; archive from the owning checkout,foreign-owner
~/YeeBois/projects/beep-effect2-worktrees/effect-vitest-provenance/.beep/yeet/jobs/<run-id>.log,checkout-jobs,3759,0,~/YeeBois/projects/beep-effect2-worktrees/effect-vitest-provenance,owner-unverified,unverified,source retained; archive from owner checkout,fleet observation only; archive from the owning checkout,foreign-owner
~/YeeBois/projects/beep-effect2-worktrees/effect-vitest-provenance/.beep/yeet/jobs/<run-id>.json,checkout-jobs,2205,0,~/YeeBois/projects/beep-effect2-worktrees/effect-vitest-provenance,owner-unverified,unverified,source retained; archive from owner checkout,fleet observation only; archive from the owning checkout,foreign-owner
~/YeeBois/projects/beep-effect2-worktrees/effect-vitest-provenance/.beep/yeet/jobs/<run-id>.json,checkout-jobs,2371,0,~/YeeBois/projects/beep-effect2-worktrees/effect-vitest-provenance,owner-unverified,unverified,source retained; archive from owner checkout,fleet observation only; archive from the owning checkout,foreign-owner
~/YeeBois/projects/beep-effect2-worktrees/effect-vitest-provenance/.beep/yeet/jobs/<run-id>.log,checkout-jobs,427980,430080,~/YeeBois/projects/beep-effect2-worktrees/effect-vitest-provenance,owner-unverified,unverified,source retained; archive from owner checkout,fleet observation only; archive from the owning checkout,foreign-owner
~/YeeBois/projects/beep-effect2-worktrees/effect-vitest-provenance/.beep/yeet/jobs/<run-id>.json,checkout-jobs,2389,0,~/YeeBois/projects/beep-effect2-worktrees/effect-vitest-provenance,owner-unverified,unverified,source retained; archive from owner checkout,fleet observation only; archive from the owning checkout,foreign-owner
~/YeeBois/projects/beep-effect2-worktrees/effect-vitest-provenance/.beep/yeet/jobs/<run-id>.log,checkout-jobs,205024,208896,~/YeeBois/projects/beep-effect2-worktrees/effect-vitest-provenance,owner-unverified,unverified,source retained; archive from owner checkout,fleet observation only; archive from the owning checkout,foreign-owner
~/YeeBois/projects/beep-effect2-worktrees/effect-vitest-provenance/.beep/yeet/jobs/<run-id>.log,checkout-jobs,682625,684032,~/YeeBois/projects/beep-effect2-worktrees/effect-vitest-provenance,owner-unverified,unverified,source retained; archive from owner checkout,fleet observation only; archive from the owning checkout,foreign-owner
~/YeeBois/projects/beep-effect2-worktrees/effect-vitest-provenance/.beep/yeet/jobs/<run-id>.json,checkout-jobs,2221,0,~/YeeBois/projects/beep-effect2-worktrees/effect-vitest-provenance,owner-unverified,unverified,source retained; archive from owner checkout,fleet observation only; archive from the owning checkout,foreign-owner
~/YeeBois/projects/beep-effect2-worktrees/effect-vitest-provenance/.beep/yeet/jobs/<run-id>.json,checkout-jobs,2365,0,~/YeeBois/projects/beep-effect2-worktrees/effect-vitest-provenance,owner-unverified,unverified,source retained; archive from owner checkout,fleet observation only; archive from the owning checkout,foreign-owner
~/YeeBois/projects/beep-effect2-worktrees/effect-vitest-provenance/.beep/yeet/jobs/<run-id>.log,checkout-jobs,1259223,1261568,~/YeeBois/projects/beep-effect2-worktrees/effect-vitest-provenance,owner-unverified,unverified,source retained; archive from owner checkout,fleet observation only; archive from the owning checkout,foreign-owner
~/YeeBois/projects/beep-effect2-worktrees/effect-vitest-provenance/.beep/yeet/jobs/<run-id>.log,checkout-jobs,1065651,1069056,~/YeeBois/projects/beep-effect2-worktrees/effect-vitest-provenance,owner-unverified,unverified,source retained; archive from owner checkout,fleet observation only; archive from the owning checkout,foreign-owner
~/YeeBois/projects/beep-effect2-worktrees/effect-vitest-provenance/.beep/yeet/jobs/<run-id>.json,checkout-jobs,2626,0,~/YeeBois/projects/beep-effect2-worktrees/effect-vitest-provenance,owner-unverified,unverified,source retained; archive from owner checkout,fleet observation only; archive from the owning checkout,foreign-owner
~/YeeBois/projects/beep-effect2-worktrees/effect-vitest-provenance/.beep/yeet/jobs/<run-id>.log,checkout-jobs,153077,155648,~/YeeBois/projects/beep-effect2-worktrees/effect-vitest-provenance,owner-unverified,unverified,source retained; archive from owner checkout,fleet observation only; archive from the owning checkout,foreign-owner
~/YeeBois/projects/beep-effect2-worktrees/effect-vitest-provenance/.beep/yeet/jobs/<run-id>.json,checkout-jobs,2220,0,~/YeeBois/projects/beep-effect2-worktrees/effect-vitest-provenance,owner-unverified,unverified,source retained; archive from owner checkout,fleet observation only; archive from the owning checkout,foreign-owner
~/YeeBois/projects/beep-effect2-worktrees/effect-vitest-provenance/.beep/yeet/jobs/<run-id>.json,checkout-jobs,2441,0,~/YeeBois/projects/beep-effect2-worktrees/effect-vitest-provenance,owner-unverified,unverified,source retained; archive from owner checkout,fleet observation only; archive from the owning checkout,foreign-owner
~/YeeBois/projects/beep-effect2-worktrees/effect-vitest-provenance/.beep/fallow,checkout-material,414845,413696,~/YeeBois/projects/beep-effect2-worktrees/effect-vitest-provenance,owner-unverified,unverified,source retained; archive from owner checkout,fleet observation only; archive from the owning checkout,foreign-owner
~/YeeBois/projects/beep-effect2-worktrees/effect-vitest-provenance/.beep/quality,checkout-material,0,0,~/YeeBois/projects/beep-effect2-worktrees/effect-vitest-provenance,owner-unverified,unverified,source retained; archive from owner checkout,fleet observation only; archive from the owning checkout,foreign-owner
~/YeeBois/projects/beep-effect2-worktrees/effect-vitest-provenance/.beep/ci/jsdoc-documentation.inventory.jsonc,checkout-generated,20967980,20971520,~/YeeBois/projects/beep-effect2-worktrees/effect-vitest-provenance,owner-unverified,unverified,source retained; archive from owner checkout,fleet observation only; archive from the owning checkout,foreign-owner
~/YeeBois/projects/beep-effect2-worktrees/effect-vitest-provenance/.beep/ci/jsdoc-documentation.inventory.md,checkout-generated,361460,364544,~/YeeBois/projects/beep-effect2-worktrees/effect-vitest-provenance,owner-unverified,unverified,source retained; archive from owner checkout,fleet observation only; archive from the owning checkout,foreign-owner
~/YeeBois/projects/beep-effect2-worktrees/effect-vitest-provider-drivers/.beep/yeet/jobs/<run-id>.log,checkout-jobs,11234,12288,~/YeeBois/projects/beep-effect2-worktrees/effect-vitest-provider-drivers,owner-unverified,unverified,source retained; archive from owner checkout,fleet observation only; archive from the owning checkout,foreign-owner
~/YeeBois/projects/beep-effect2-worktrees/effect-vitest-provider-drivers/.beep/yeet/jobs/<run-id>.json,checkout-jobs,2441,0,~/YeeBois/projects/beep-effect2-worktrees/effect-vitest-provider-drivers,owner-unverified,unverified,source retained; archive from owner checkout,fleet observation only; archive from the owning checkout,foreign-owner
~/YeeBois/projects/beep-effect2-worktrees/effect-vitest-provider-drivers/.beep/yeet/jobs/<run-id>.log,checkout-jobs,64339,65536,~/YeeBois/projects/beep-effect2-worktrees/effect-vitest-provider-drivers,owner-unverified,unverified,source retained; archive from owner checkout,fleet observation only; archive from the owning checkout,foreign-owner
~/YeeBois/projects/beep-effect2-worktrees/effect-vitest-provider-drivers/.beep/yeet/jobs/<run-id>.json,checkout-jobs,2637,0,~/YeeBois/projects/beep-effect2-worktrees/effect-vitest-provider-drivers,owner-unverified,unverified,source retained; archive from owner checkout,fleet observation only; archive from the owning checkout,foreign-owner
~/YeeBois/projects/beep-effect2-worktrees/effect-vitest-provider-drivers/.beep/yeet/jobs/<run-id>.log,checkout-jobs,270310,270336,~/YeeBois/projects/beep-effect2-worktrees/effect-vitest-provider-drivers,owner-unverified,unverified,source retained; archive from owner checkout,fleet observation only; archive from the owning checkout,foreign-owner
~/YeeBois/projects/beep-effect2-worktrees/effect-vitest-provider-drivers/.beep/yeet/jobs/<run-id>.json,checkout-jobs,2409,0,~/YeeBois/projects/beep-effect2-worktrees/effect-vitest-provider-drivers,owner-unverified,unverified,source retained; archive from owner checkout,fleet observation only; archive from the owning checkout,foreign-owner
~/YeeBois/projects/beep-effect2-worktrees/effect-vitest-provider-drivers/.beep/yeet/jobs/<run-id>.log,checkout-jobs,11410657,11411456,~/YeeBois/projects/beep-effect2-worktrees/effect-vitest-provider-drivers,owner-unverified,unverified,source retained; archive from owner checkout,fleet observation only; archive from the owning checkout,foreign-owner
~/YeeBois/projects/beep-effect2-worktrees/effect-vitest-provider-drivers/.beep/yeet/jobs/<run-id>.log,checkout-jobs,645742,647168,~/YeeBois/projects/beep-effect2-worktrees/effect-vitest-provider-drivers,owner-unverified,unverified,source retained; archive from owner checkout,fleet observation only; archive from the owning checkout,foreign-owner
~/YeeBois/projects/beep-effect2-worktrees/effect-vitest-provider-drivers/.beep/yeet/jobs/<run-id>.json,checkout-jobs,2431,0,~/YeeBois/projects/beep-effect2-worktrees/effect-vitest-provider-drivers,owner-unverified,unverified,source retained; archive from owner checkout,fleet observation only; archive from the owning checkout,foreign-owner
~/YeeBois/projects/beep-effect2-worktrees/effect-vitest-provider-drivers/.beep/yeet/jobs/<run-id>.log,checkout-jobs,157145,159744,~/YeeBois/projects/beep-effect2-worktrees/effect-vitest-provider-drivers,owner-unverified,unverified,source retained; archive from owner checkout,fleet observation only; archive from the owning checkout,foreign-owner
~/YeeBois/projects/beep-effect2-worktrees/effect-vitest-provider-drivers/.beep/yeet/jobs/<run-id>.json,checkout-jobs,2263,0,~/YeeBois/projects/beep-effect2-worktrees/effect-vitest-provider-drivers,owner-unverified,unverified,source retained; archive from owner checkout,fleet observation only; archive from the owning checkout,foreign-owner
~/YeeBois/projects/beep-effect2-worktrees/effect-vitest-provider-drivers/.beep/yeet/jobs/<run-id>.json,checkout-jobs,2425,0,~/YeeBois/projects/beep-effect2-worktrees/effect-vitest-provider-drivers,owner-unverified,unverified,source retained; archive from owner checkout,fleet observation only; archive from the owning checkout,foreign-owner
~/YeeBois/projects/beep-effect2-worktrees/effect-vitest-provider-drivers/.beep/yeet/jobs/<run-id>.log,checkout-jobs,33924,36864,~/YeeBois/projects/beep-effect2-worktrees/effect-vitest-provider-drivers,owner-unverified,unverified,source retained; archive from owner checkout,fleet observation only; archive from the owning checkout,foreign-owner
~/YeeBois/projects/beep-effect2-worktrees/effect-vitest-provider-drivers/.beep/yeet/jobs/<run-id>.log,checkout-jobs,163,0,~/YeeBois/projects/beep-effect2-worktrees/effect-vitest-provider-drivers,owner-unverified,unverified,source retained; archive from owner checkout,fleet observation only; archive from the owning checkout,foreign-owner
~/YeeBois/projects/beep-effect2-worktrees/effect-vitest-provider-drivers/.beep/yeet/jobs/<run-id>.json,checkout-jobs,2255,0,~/YeeBois/projects/beep-effect2-worktrees/effect-vitest-provider-drivers,owner-unverified,unverified,source retained; archive from owner checkout,fleet observation only; archive from the owning checkout,foreign-owner
~/YeeBois/projects/beep-effect2-worktrees/effect-vitest-provider-drivers/.beep/yeet/jobs/<run-id>.json,checkout-jobs,2435,0,~/YeeBois/projects/beep-effect2-worktrees/effect-vitest-provider-drivers,owner-unverified,unverified,source retained; archive from owner checkout,fleet observation only; archive from the owning checkout,foreign-owner
~/YeeBois/projects/beep-effect2-worktrees/effect-vitest-provider-drivers/.beep/yeet/jobs/<run-id>.log,checkout-jobs,105869,106496,~/YeeBois/projects/beep-effect2-worktrees/effect-vitest-provider-drivers,owner-unverified,unverified,source retained; archive from owner checkout,fleet observation only; archive from the owning checkout,foreign-owner
~/YeeBois/projects/beep-effect2-worktrees/effect-vitest-provider-drivers/.beep/yeet/jobs/<run-id>.log,checkout-jobs,862158,864256,~/YeeBois/projects/beep-effect2-worktrees/effect-vitest-provider-drivers,owner-unverified,unverified,source retained; archive from owner checkout,fleet observation only; archive from the owning checkout,foreign-owner
~/YeeBois/projects/beep-effect2-worktrees/effect-vitest-provider-drivers/.beep/yeet/jobs/<run-id>.json,checkout-jobs,2435,0,~/YeeBois/projects/beep-effect2-worktrees/effect-vitest-provider-drivers,owner-unverified,unverified,source retained; archive from owner checkout,fleet observation only; archive from the owning checkout,foreign-owner
~/YeeBois/projects/beep-effect2-worktrees/effect-vitest-provider-drivers/.beep/yeet/jobs/<run-id>.log,checkout-jobs,156554,159744,~/YeeBois/projects/beep-effect2-worktrees/effect-vitest-provider-drivers,owner-unverified,unverified,source retained; archive from owner checkout,fleet observation only; archive from the owning checkout,foreign-owner
~/YeeBois/projects/beep-effect2-worktrees/effect-vitest-provider-drivers/.beep/yeet/jobs/<run-id>.json,checkout-jobs,2262,0,~/YeeBois/projects/beep-effect2-worktrees/effect-vitest-provider-drivers,owner-unverified,unverified,source retained; archive from owner checkout,fleet observation only; archive from the owning checkout,foreign-owner
~/YeeBois/projects/beep-effect2-worktrees/effect-vitest-provider-drivers/.beep/yeet/jobs/<run-id>.json,checkout-jobs,2483,0,~/YeeBois/projects/beep-effect2-worktrees/effect-vitest-provider-drivers,owner-unverified,unverified,source retained; archive from owner checkout,fleet observation only; archive from the owning checkout,foreign-owner
~/YeeBois/projects/beep-effect2-worktrees/effect-vitest-provider-drivers/.beep/fallow,checkout-material,420662,417792,~/YeeBois/projects/beep-effect2-worktrees/effect-vitest-provider-drivers,owner-unverified,unverified,source retained; archive from owner checkout,fleet observation only; archive from the owning checkout,foreign-owner
~/YeeBois/projects/beep-effect2-worktrees/effect-vitest-provider-drivers/.beep/quality,checkout-material,0,0,~/YeeBois/projects/beep-effect2-worktrees/effect-vitest-provider-drivers,owner-unverified,unverified,source retained; archive from owner checkout,fleet observation only; archive from the owning checkout,foreign-owner
~/YeeBois/projects/beep-effect2-worktrees/effect-vitest-provider-drivers/.beep/ci/jsdoc-documentation.inventory.jsonc,checkout-generated,20967980,20971520,~/YeeBois/projects/beep-effect2-worktrees/effect-vitest-provider-drivers,owner-unverified,unverified,source retained; archive from owner checkout,fleet observation only; archive from the owning checkout,foreign-owner
~/YeeBois/projects/beep-effect2-worktrees/effect-vitest-provider-drivers/.beep/ci/jsdoc-documentation.inventory.md,checkout-generated,361460,364544,~/YeeBois/projects/beep-effect2-worktrees/effect-vitest-provider-drivers,owner-unverified,unverified,source retained; archive from owner checkout,fleet observation only; archive from the owning checkout,foreign-owner
~/YeeBois/projects/beep-effect2-worktrees/effect-vitest-repo-configs/.beep/yeet/jobs/<run-id>.log,checkout-jobs,6420,8192,~/YeeBois/projects/beep-effect2-worktrees/effect-vitest-repo-configs,owner-unverified,unverified,source retained; archive from owner checkout,fleet observation only; archive from the owning checkout,foreign-owner
~/YeeBois/projects/beep-effect2-worktrees/effect-vitest-repo-configs/.beep/yeet/jobs/<run-id>.json,checkout-jobs,2425,0,~/YeeBois/projects/beep-effect2-worktrees/effect-vitest-repo-configs,owner-unverified,unverified,source retained; archive from owner checkout,fleet observation only; archive from the owning checkout,foreign-owner
~/YeeBois/projects/beep-effect2-worktrees/effect-vitest-repo-configs/.beep/yeet/jobs/<run-id>.log,checkout-jobs,207605,208896,~/YeeBois/projects/beep-effect2-worktrees/effect-vitest-repo-configs,owner-unverified,unverified,source retained; archive from owner checkout,fleet observation only; archive from the owning checkout,foreign-owner
~/YeeBois/projects/beep-effect2-worktrees/effect-vitest-repo-configs/.beep/yeet/jobs/<run-id>.log,checkout-jobs,583642,585728,~/YeeBois/projects/beep-effect2-worktrees/effect-vitest-repo-configs,owner-unverified,unverified,source retained; archive from owner checkout,fleet observation only; archive from the owning checkout,foreign-owner
~/YeeBois/projects/beep-effect2-worktrees/effect-vitest-repo-configs/.beep/yeet/jobs/<run-id>.json,checkout-jobs,2182,0,~/YeeBois/projects/beep-effect2-worktrees/effect-vitest-repo-configs,owner-unverified,unverified,source retained; archive from owner checkout,fleet observation only; archive from the owning checkout,foreign-owner
~/YeeBois/projects/beep-effect2-worktrees/effect-vitest-repo-configs/.beep/yeet/jobs/<run-id>.json,checkout-jobs,2451,0,~/YeeBois/projects/beep-effect2-worktrees/effect-vitest-repo-configs,owner-unverified,unverified,source retained; archive from owner checkout,fleet observation only; archive from the owning checkout,foreign-owner
~/YeeBois/projects/beep-effect2-worktrees/effect-vitest-repo-configs/.beep/yeet/jobs/<run-id>.log,checkout-jobs,139571,143360,~/YeeBois/projects/beep-effect2-worktrees/effect-vitest-repo-configs,owner-unverified,unverified,source retained; archive from owner checkout,fleet observation only; archive from the owning checkout,foreign-owner
~/YeeBois/projects/beep-effect2-worktrees/effect-vitest-repo-configs/.beep/yeet/jobs/<run-id>.log,checkout-jobs,583091,585728,~/YeeBois/projects/beep-effect2-worktrees/effect-vitest-repo-configs,owner-unverified,unverified,source retained; archive from owner checkout,fleet observation only; archive from the owning checkout,foreign-owner
~/YeeBois/projects/beep-effect2-worktrees/effect-vitest-repo-configs/.beep/yeet/jobs/<run-id>.json,checkout-jobs,2379,0,~/YeeBois/projects/beep-effect2-worktrees/effect-vitest-repo-configs,owner-unverified,unverified,source retained; archive from owner checkout,fleet observation only; archive from the owning checkout,foreign-owner
~/YeeBois/projects/beep-effect2-worktrees/effect-vitest-repo-configs/.beep/yeet/jobs/<run-id>.json,checkout-jobs,2180,0,~/YeeBois/projects/beep-effect2-worktrees/effect-vitest-repo-configs,owner-unverified,unverified,source retained; archive from owner checkout,fleet observation only; archive from the owning checkout,foreign-owner
~/YeeBois/projects/beep-effect2-worktrees/effect-vitest-repo-configs/.beep/yeet/jobs/<run-id>.log,checkout-jobs,128523,131072,~/YeeBois/projects/beep-effect2-worktrees/effect-vitest-repo-configs,owner-unverified,unverified,source retained; archive from owner checkout,fleet observation only; archive from the owning checkout,foreign-owner
~/YeeBois/projects/beep-effect2-worktrees/effect-vitest-repo-configs/.beep/yeet/jobs/<run-id>.log,checkout-jobs,163,0,~/YeeBois/projects/beep-effect2-worktrees/effect-vitest-repo-configs,owner-unverified,unverified,source retained; archive from owner checkout,fleet observation only; archive from the owning checkout,foreign-owner
~/YeeBois/projects/beep-effect2-worktrees/effect-vitest-repo-configs/.beep/yeet/jobs/<run-id>.json,checkout-jobs,2227,0,~/YeeBois/projects/beep-effect2-worktrees/effect-vitest-repo-configs,owner-unverified,unverified,source retained; archive from owner checkout,fleet observation only; archive from the owning checkout,foreign-owner
~/YeeBois/projects/beep-effect2-worktrees/effect-vitest-repo-configs/.beep/yeet/jobs/<run-id>.log,checkout-jobs,801501,802816,~/YeeBois/projects/beep-effect2-worktrees/effect-vitest-repo-configs,owner-unverified,unverified,source retained; archive from owner checkout,fleet observation only; archive from the owning checkout,foreign-owner
~/YeeBois/projects/beep-effect2-worktrees/effect-vitest-repo-configs/.beep/yeet/jobs/<run-id>.json,checkout-jobs,2407,0,~/YeeBois/projects/beep-effect2-worktrees/effect-vitest-repo-configs,owner-unverified,unverified,source retained; archive from owner checkout,fleet observation only; archive from the owning checkout,foreign-owner
~/YeeBois/projects/beep-effect2-worktrees/effect-vitest-repo-configs/.beep/yeet/jobs/<run-id>.log,checkout-jobs,158031,159744,~/YeeBois/projects/beep-effect2-worktrees/effect-vitest-repo-configs,owner-unverified,unverified,source retained; archive from owner checkout,fleet observation only; archive from the owning checkout,foreign-owner
~/YeeBois/projects/beep-effect2-worktrees/effect-vitest-repo-configs/.beep/yeet/jobs/<run-id>.json,checkout-jobs,2234,0,~/YeeBois/projects/beep-effect2-worktrees/effect-vitest-repo-configs,owner-unverified,unverified,source retained; archive from owner checkout,fleet observation only; archive from the owning checkout,foreign-owner
~/YeeBois/projects/beep-effect2-worktrees/effect-vitest-repo-configs/.beep/yeet/jobs/<run-id>.json,checkout-jobs,2455,0,~/YeeBois/projects/beep-effect2-worktrees/effect-vitest-repo-configs,owner-unverified,unverified,source retained; archive from owner checkout,fleet observation only; archive from the owning checkout,foreign-owner
~/YeeBois/projects/beep-effect2-worktrees/effect-vitest-repo-configs/.beep/fallow,checkout-material,415366,413696,~/YeeBois/projects/beep-effect2-worktrees/effect-vitest-repo-configs,owner-unverified,unverified,source retained; archive from owner checkout,fleet observation only; archive from the owning checkout,foreign-owner
~/YeeBois/projects/beep-effect2-worktrees/effect-vitest-repo-utils/.beep/yeet/jobs/<run-id>.log,checkout-jobs,13661,16384,~/YeeBois/projects/beep-effect2-worktrees/effect-vitest-repo-utils,owner-unverified,unverified,source retained; archive from owner checkout,fleet observation only; archive from the owning checkout,foreign-owner
~/YeeBois/projects/beep-effect2-worktrees/effect-vitest-repo-utils/.beep/yeet/jobs/<run-id>.log,checkout-jobs,563688,565248,~/YeeBois/projects/beep-effect2-worktrees/effect-vitest-repo-utils,owner-unverified,unverified,source retained; archive from owner checkout,fleet observation only; archive from the owning checkout,foreign-owner
~/YeeBois/projects/beep-effect2-worktrees/effect-vitest-repo-utils/.beep/yeet/jobs/<run-id>.log,checkout-jobs,55443,57344,~/YeeBois/projects/beep-effect2-worktrees/effect-vitest-repo-utils,owner-unverified,unverified,source retained; archive from owner checkout,fleet observation only; archive from the owning checkout,foreign-owner
~/YeeBois/projects/beep-effect2-worktrees/effect-vitest-repo-utils/.beep/yeet/jobs/<run-id>.json,checkout-jobs,2423,0,~/YeeBois/projects/beep-effect2-worktrees/effect-vitest-repo-utils,owner-unverified,unverified,source retained; archive from owner checkout,fleet observation only; archive from the owning checkout,foreign-owner
~/YeeBois/projects/beep-effect2-worktrees/effect-vitest-repo-utils/.beep/yeet/jobs/<run-id>.json,checkout-jobs,2407,0,~/YeeBois/projects/beep-effect2-worktrees/effect-vitest-repo-utils,owner-unverified,unverified,source retained; archive from owner checkout,fleet observation only; archive from the owning checkout,foreign-owner
~/YeeBois/projects/beep-effect2-worktrees/effect-vitest-repo-utils/.beep/yeet/jobs/<run-id>.log,checkout-jobs,108014,110592,~/YeeBois/projects/beep-effect2-worktrees/effect-vitest-repo-utils,owner-unverified,unverified,source retained; archive from owner checkout,fleet observation only; archive from the owning checkout,foreign-owner
~/YeeBois/projects/beep-effect2-worktrees/effect-vitest-repo-utils/.beep/yeet/jobs/<run-id>.log,checkout-jobs,52062,53248,~/YeeBois/projects/beep-effect2-worktrees/effect-vitest-repo-utils,owner-unverified,unverified,source retained; archive from owner checkout,fleet observation only; archive from the owning checkout,foreign-owner
~/YeeBois/projects/beep-effect2-worktrees/effect-vitest-repo-utils/.beep/yeet/jobs/<run-id>.json,checkout-jobs,2421,0,~/YeeBois/projects/beep-effect2-worktrees/effect-vitest-repo-utils,owner-unverified,unverified,source retained; archive from owner checkout,fleet observation only; archive from the owning checkout,foreign-owner
~/YeeBois/projects/beep-effect2-worktrees/effect-vitest-repo-utils/.beep/yeet/jobs/<run-id>.json,checkout-jobs,2415,0,~/YeeBois/projects/beep-effect2-worktrees/effect-vitest-repo-utils,owner-unverified,unverified,source retained; archive from owner checkout,fleet observation only; archive from the owning checkout,foreign-owner
~/YeeBois/projects/beep-effect2-worktrees/effect-vitest-repo-utils/.beep/yeet/jobs/<run-id>.log,checkout-jobs,1337029,1339392,~/YeeBois/projects/beep-effect2-worktrees/effect-vitest-repo-utils,owner-unverified,unverified,source retained; archive from owner checkout,fleet observation only; archive from the owning checkout,foreign-owner
~/YeeBois/projects/beep-effect2-worktrees/effect-vitest-repo-utils/.beep/yeet/jobs/<run-id>.json,checkout-jobs,2168,0,~/YeeBois/projects/beep-effect2-worktrees/effect-vitest-repo-utils,owner-unverified,unverified,source retained; archive from owner checkout,fleet observation only; archive from the owning checkout,foreign-owner
~/YeeBois/projects/beep-effect2-worktrees/effect-vitest-repo-utils/.beep/yeet/jobs/<run-id>.json,checkout-jobs,2548,0,~/YeeBois/projects/beep-effect2-worktrees/effect-vitest-repo-utils,owner-unverified,unverified,source retained; archive from owner checkout,fleet observation only; archive from the owning checkout,foreign-owner
~/YeeBois/projects/beep-effect2-worktrees/effect-vitest-repo-utils/.beep/yeet/jobs/<run-id>.log,checkout-jobs,128459,131072,~/YeeBois/projects/beep-effect2-worktrees/effect-vitest-repo-utils,owner-unverified,unverified,source retained; archive from owner checkout,fleet observation only; archive from the owning checkout,foreign-owner
~/YeeBois/projects/beep-effect2-worktrees/effect-vitest-repo-utils/.beep/yeet/jobs/<run-id>.log,checkout-jobs,163,0,~/YeeBois/projects/beep-effect2-worktrees/effect-vitest-repo-utils,owner-unverified,unverified,source retained; archive from owner checkout,fleet observation only; archive from the owning checkout,foreign-owner
~/YeeBois/projects/beep-effect2-worktrees/effect-vitest-repo-utils/.beep/yeet/jobs/<run-id>.json,checkout-jobs,2213,0,~/YeeBois/projects/beep-effect2-worktrees/effect-vitest-repo-utils,owner-unverified,unverified,source retained; archive from owner checkout,fleet observation only; archive from the owning checkout,foreign-owner
~/YeeBois/projects/beep-effect2-worktrees/effect-vitest-repo-utils/.beep/yeet/jobs/<run-id>.log,checkout-jobs,1006274,1007616,~/YeeBois/projects/beep-effect2-worktrees/effect-vitest-repo-utils,owner-unverified,unverified,source retained; archive from owner checkout,fleet observation only; archive from the owning checkout,foreign-owner
~/YeeBois/projects/beep-effect2-worktrees/effect-vitest-repo-utils/.beep/yeet/jobs/<run-id>.json,checkout-jobs,2393,0,~/YeeBois/projects/beep-effect2-worktrees/effect-vitest-repo-utils,owner-unverified,unverified,source retained; archive from owner checkout,fleet observation only; archive from the owning checkout,foreign-owner
~/YeeBois/projects/beep-effect2-worktrees/effect-vitest-repo-utils/.beep/yeet/jobs/<run-id>.log,checkout-jobs,158662,159744,~/YeeBois/projects/beep-effect2-worktrees/effect-vitest-repo-utils,owner-unverified,unverified,source retained; archive from owner checkout,fleet observation only; archive from the owning checkout,foreign-owner
~/YeeBois/projects/beep-effect2-worktrees/effect-vitest-repo-utils/.beep/yeet/jobs/<run-id>.json,checkout-jobs,2220,0,~/YeeBois/projects/beep-effect2-worktrees/effect-vitest-repo-utils,owner-unverified,unverified,source retained; archive from owner checkout,fleet observation only; archive from the owning checkout,foreign-owner
~/YeeBois/projects/beep-effect2-worktrees/effect-vitest-repo-utils/.beep/yeet/jobs/<run-id>.json,checkout-jobs,2441,0,~/YeeBois/projects/beep-effect2-worktrees/effect-vitest-repo-utils,owner-unverified,unverified,source retained; archive from owner checkout,fleet observation only; archive from the owning checkout,foreign-owner
~/YeeBois/projects/beep-effect2-worktrees/effect-vitest-repo-utils/.beep/fallow,checkout-material,421226,421888,~/YeeBois/projects/beep-effect2-worktrees/effect-vitest-repo-utils,owner-unverified,unverified,source retained; archive from owner checkout,fleet observation only; archive from the owning checkout,foreign-owner
~/YeeBois/projects/beep-effect2-worktrees/effect-vitest-repo-utils/.beep/quality,checkout-material,0,0,~/YeeBois/projects/beep-effect2-worktrees/effect-vitest-repo-utils,owner-unverified,unverified,source retained; archive from owner checkout,fleet observation only; archive from the owning checkout,foreign-owner
~/YeeBois/projects/beep-effect2-worktrees/effect-vitest-repo-utils/.beep/ci/jsdoc-documentation.inventory.jsonc,checkout-generated,20967980,20971520,~/YeeBois/projects/beep-effect2-worktrees/effect-vitest-repo-utils,owner-unverified,unverified,source retained; archive from owner checkout,fleet observation only; archive from the owning checkout,foreign-owner
~/YeeBois/projects/beep-effect2-worktrees/effect-vitest-repo-utils/.beep/ci/jsdoc-documentation.inventory.md,checkout-generated,361460,364544,~/YeeBois/projects/beep-effect2-worktrees/effect-vitest-repo-utils,owner-unverified,unverified,source retained; archive from owner checkout,fleet observation only; archive from the owning checkout,foreign-owner
~/YeeBois/projects/beep-effect2-worktrees/effect-vitest-runner-browser/.beep/fallow,checkout-material,399945,397312,~/YeeBois/projects/beep-effect2-worktrees/effect-vitest-runner-browser,owner-unverified,unverified,source retained; archive from owner checkout,fleet observation only; archive from the owning checkout,foreign-owner
~/YeeBois/projects/beep-effect2-worktrees/effect-vitest-shared-domain/.beep/yeet/jobs/<run-id>.log,checkout-jobs,5704,8192,~/YeeBois/projects/beep-effect2-worktrees/effect-vitest-shared-domain,owner-unverified,unverified,source retained; archive from owner checkout,fleet observation only; archive from the owning checkout,foreign-owner
~/YeeBois/projects/beep-effect2-worktrees/effect-vitest-shared-domain/.beep/yeet/jobs/<run-id>.json,checkout-jobs,2464,0,~/YeeBois/projects/beep-effect2-worktrees/effect-vitest-shared-domain,owner-unverified,unverified,source retained; archive from owner checkout,fleet observation only; archive from the owning checkout,foreign-owner
~/YeeBois/projects/beep-effect2-worktrees/effect-vitest-shared-domain/.beep/yeet/jobs/<run-id>.log,checkout-jobs,23344,24576,~/YeeBois/projects/beep-effect2-worktrees/effect-vitest-shared-domain,owner-unverified,unverified,source retained; archive from owner checkout,fleet observation only; archive from the owning checkout,foreign-owner
~/YeeBois/projects/beep-effect2-worktrees/effect-vitest-shared-domain/.beep/yeet/jobs/<run-id>.log,checkout-jobs,1249994,1253376,~/YeeBois/projects/beep-effect2-worktrees/effect-vitest-shared-domain,owner-unverified,unverified,source retained; archive from owner checkout,fleet observation only; archive from the owning checkout,foreign-owner
~/YeeBois/projects/beep-effect2-worktrees/effect-vitest-shared-domain/.beep/yeet/jobs/<run-id>.json,checkout-jobs,2468,0,~/YeeBois/projects/beep-effect2-worktrees/effect-vitest-shared-domain,owner-unverified,unverified,source retained; archive from owner checkout,fleet observation only; archive from the owning checkout,foreign-owner
~/YeeBois/projects/beep-effect2-worktrees/effect-vitest-shared-domain/.beep/yeet/jobs/<run-id>.log,checkout-jobs,1208815,1212416,~/YeeBois/projects/beep-effect2-worktrees/effect-vitest-shared-domain,owner-unverified,unverified,source retained; archive from owner checkout,fleet observation only; archive from the owning checkout,foreign-owner
~/YeeBois/projects/beep-effect2-worktrees/effect-vitest-shared-domain/.beep/yeet/jobs/<run-id>.json,checkout-jobs,2659,0,~/YeeBois/projects/beep-effect2-worktrees/effect-vitest-shared-domain,owner-unverified,unverified,source retained; archive from owner checkout,fleet observation only; archive from the owning checkout,foreign-owner
~/YeeBois/projects/beep-effect2-worktrees/effect-vitest-shared-domain/.beep/yeet/jobs/<run-id>.log,checkout-jobs,5526436,5529600,~/YeeBois/projects/beep-effect2-worktrees/effect-vitest-shared-domain,owner-unverified,unverified,source retained; archive from owner checkout,fleet observation only; archive from the owning checkout,foreign-owner
~/YeeBois/projects/beep-effect2-worktrees/effect-vitest-shared-domain/.beep/yeet/jobs/<run-id>.json,checkout-jobs,2241,0,~/YeeBois/projects/beep-effect2-worktrees/effect-vitest-shared-domain,owner-unverified,unverified,source retained; archive from owner checkout,fleet observation only; archive from the owning checkout,foreign-owner
~/YeeBois/projects/beep-effect2-worktrees/effect-vitest-shared-domain/.beep/yeet/jobs/<run-id>.json,checkout-jobs,2462,0,~/YeeBois/projects/beep-effect2-worktrees/effect-vitest-shared-domain,owner-unverified,unverified,source retained; archive from owner checkout,fleet observation only; archive from the owning checkout,foreign-owner
~/YeeBois/projects/beep-effect2-worktrees/effect-vitest-shared-domain/.beep/fallow,checkout-material,415424,413696,~/YeeBois/projects/beep-effect2-worktrees/effect-vitest-shared-domain,owner-unverified,unverified,source retained; archive from owner checkout,fleet observation only; archive from the owning checkout,foreign-owner
~/YeeBois/projects/beep-effect2-worktrees/effect-vitest-shared-domain/.beep/quality,checkout-material,0,0,~/YeeBois/projects/beep-effect2-worktrees/effect-vitest-shared-domain,owner-unverified,unverified,source retained; archive from owner checkout,fleet observation only; archive from the owning checkout,foreign-owner
~/YeeBois/projects/beep-effect2-worktrees/effect-vitest-shared-domain/.beep/ci/jsdoc-documentation.inventory.jsonc,checkout-generated,20967980,20971520,~/YeeBois/projects/beep-effect2-worktrees/effect-vitest-shared-domain,owner-unverified,unverified,source retained; archive from owner checkout,fleet observation only; archive from the owning checkout,foreign-owner
~/YeeBois/projects/beep-effect2-worktrees/effect-vitest-shared-domain/.beep/ci/jsdoc-documentation.inventory.md,checkout-generated,361460,364544,~/YeeBois/projects/beep-effect2-worktrees/effect-vitest-shared-domain,owner-unverified,unverified,source retained; archive from owner checkout,fleet observation only; archive from the owning checkout,foreign-owner
~/YeeBois/projects/beep-effect2-worktrees/effect-vitest-wave-b/.beep/cache,checkout-material,23,0,~/YeeBois/projects/beep-effect2-worktrees/effect-vitest-wave-b,owner-unverified,unverified,source retained; archive from owner checkout,fleet observation only; archive from the owning checkout,foreign-owner
~/YeeBois/projects/beep-effect2-worktrees/effect-vitest-wave-b/.beep/fallow,checkout-material,399685,397312,~/YeeBois/projects/beep-effect2-worktrees/effect-vitest-wave-b,owner-unverified,unverified,source retained; archive from owner checkout,fleet observation only; archive from the owning checkout,foreign-owner
~/YeeBois/projects/beep-effect2-worktrees/effect-vitest-wave-c/.beep/cache,checkout-material,23,0,~/YeeBois/projects/beep-effect2-worktrees/effect-vitest-wave-c,owner-unverified,unverified,source retained; archive from owner checkout,fleet observation only; archive from the owning checkout,foreign-owner
~/YeeBois/projects/beep-effect2-worktrees/effect-vitest-wave-c/.beep/fallow,checkout-material,408836,405504,~/YeeBois/projects/beep-effect2-worktrees/effect-vitest-wave-c,owner-unverified,unverified,source retained; archive from owner checkout,fleet observation only; archive from the owning checkout,foreign-owner
~/YeeBois/projects/beep-effect2-worktrees/effect-vitest-wave-d-codegen/.beep/cache,checkout-material,23,0,~/YeeBois/projects/beep-effect2-worktrees/effect-vitest-wave-d-codegen,owner-unverified,unverified,source retained; archive from owner checkout,fleet observation only; archive from the owning checkout,foreign-owner
~/YeeBois/projects/beep-effect2-worktrees/effect-vitest-wave-d-codegen/.beep/yeet/jobs/<run-id>.log,checkout-jobs,3481,0,~/YeeBois/projects/beep-effect2-worktrees/effect-vitest-wave-d-codegen,owner-unverified,unverified,source retained; archive from owner checkout,fleet observation only; archive from the owning checkout,foreign-owner
~/YeeBois/projects/beep-effect2-worktrees/effect-vitest-wave-d-codegen/.beep/yeet/jobs/<run-id>.json,checkout-jobs,2527,0,~/YeeBois/projects/beep-effect2-worktrees/effect-vitest-wave-d-codegen,owner-unverified,unverified,source retained; archive from owner checkout,fleet observation only; archive from the owning checkout,foreign-owner
~/YeeBois/projects/beep-effect2-worktrees/effect-vitest-wave-d-codegen/.beep/yeet/jobs/<run-id>.log,checkout-jobs,26571,28672,~/YeeBois/projects/beep-effect2-worktrees/effect-vitest-wave-d-codegen,owner-unverified,unverified,source retained; archive from owner checkout,fleet observation only; archive from the owning checkout,foreign-owner
~/YeeBois/projects/beep-effect2-worktrees/effect-vitest-wave-d-codegen/.beep/yeet/jobs/<run-id>.json,checkout-jobs,2379,0,~/YeeBois/projects/beep-effect2-worktrees/effect-vitest-wave-d-codegen,owner-unverified,unverified,source retained; archive from owner checkout,fleet observation only; archive from the owning checkout,foreign-owner
~/YeeBois/projects/beep-effect2-worktrees/effect-vitest-wave-d-codegen/.beep/yeet/jobs/<run-id>.log,checkout-jobs,1269,0,~/YeeBois/projects/beep-effect2-worktrees/effect-vitest-wave-d-codegen,owner-unverified,unverified,source retained; archive from owner checkout,fleet observation only; archive from the owning checkout,foreign-owner
~/YeeBois/projects/beep-effect2-worktrees/effect-vitest-wave-d-codegen/.beep/yeet/jobs/<run-id>.json,checkout-jobs,2537,0,~/YeeBois/projects/beep-effect2-worktrees/effect-vitest-wave-d-codegen,owner-unverified,unverified,source retained; archive from owner checkout,fleet observation only; archive from the owning checkout,foreign-owner
~/YeeBois/projects/beep-effect2-worktrees/effect-vitest-wave-d-codegen/.beep/yeet/jobs/<run-id>.log,checkout-jobs,21984,24576,~/YeeBois/projects/beep-effect2-worktrees/effect-vitest-wave-d-codegen,owner-unverified,unverified,source retained; archive from owner checkout,fleet observation only; archive from the owning checkout,foreign-owner
~/YeeBois/projects/beep-effect2-worktrees/effect-vitest-wave-d-codegen/.beep/yeet/jobs/<run-id>.json,checkout-jobs,2347,0,~/YeeBois/projects/beep-effect2-worktrees/effect-vitest-wave-d-codegen,owner-unverified,unverified,source retained; archive from owner checkout,fleet observation only; archive from the owning checkout,foreign-owner
~/YeeBois/projects/beep-effect2-worktrees/effect-vitest-wave-d-codegen/.beep/fallow,checkout-material,413891,413696,~/YeeBois/projects/beep-effect2-worktrees/effect-vitest-wave-d-codegen,owner-unverified,unverified,source retained; archive from owner checkout,fleet observation only; archive from the owning checkout,foreign-owner
~/YeeBois/projects/beep-effect2-worktrees/effect-vitest-wave-d-colors/.beep/cache,checkout-material,23,0,~/YeeBois/projects/beep-effect2-worktrees/effect-vitest-wave-d-colors,owner-unverified,unverified,source retained; archive from owner checkout,fleet observation only; archive from the owning checkout,foreign-owner
~/YeeBois/projects/beep-effect2-worktrees/effect-vitest-wave-d-colors/.beep/fallow,checkout-material,408642,405504,~/YeeBois/projects/beep-effect2-worktrees/effect-vitest-wave-d-colors,owner-unverified,unverified,source retained; archive from owner checkout,fleet observation only; archive from the owning checkout,foreign-owner
~/YeeBois/projects/beep-effect2-worktrees/effect-vitest-wave-d-cosmos/.beep/cache,checkout-material,23,0,~/YeeBois/projects/beep-effect2-worktrees/effect-vitest-wave-d-cosmos,owner-unverified,unverified,source retained; archive from owner checkout,fleet observation only; archive from the owning checkout,foreign-owner
~/YeeBois/projects/beep-effect2-worktrees/effect-vitest-wave-d-cosmos/.beep/fallow,checkout-material,414539,413696,~/YeeBois/projects/beep-effect2-worktrees/effect-vitest-wave-d-cosmos,owner-unverified,unverified,source retained; archive from owner checkout,fleet observation only; archive from the owning checkout,foreign-owner
~/YeeBois/projects/beep-effect2-worktrees/effect-vitest-wave-d-obs/.beep/cache,checkout-material,23,0,~/YeeBois/projects/beep-effect2-worktrees/effect-vitest-wave-d-obs,owner-unverified,unverified,source retained; archive from owner checkout,fleet observation only; archive from the owning checkout,foreign-owner
~/YeeBois/projects/beep-effect2-worktrees/effect-vitest-wave-d-obs/.beep/fallow,checkout-material,409291,405504,~/YeeBois/projects/beep-effect2-worktrees/effect-vitest-wave-d-obs,owner-unverified,unverified,source retained; archive from owner checkout,fleet observation only; archive from the owning checkout,foreign-owner
~/YeeBois/projects/beep-effect2-worktrees/effect-vitest-wave-d-pacer/.beep/cache,checkout-material,23,0,~/YeeBois/projects/beep-effect2-worktrees/effect-vitest-wave-d-pacer,owner-unverified,unverified,source retained; archive from owner checkout,fleet observation only; archive from the owning checkout,foreign-owner
~/YeeBois/projects/beep-effect2-worktrees/effect-vitest-wave-d-pglite/.beep/cache,checkout-material,23,0,~/YeeBois/projects/beep-effect2-worktrees/effect-vitest-wave-d-pglite,owner-unverified,unverified,source retained; archive from owner checkout,fleet observation only; archive from the owning checkout,foreign-owner
~/YeeBois/projects/beep-effect2-worktrees/effect-vitest-wave-d-pglite/.beep/fallow,checkout-material,412669,413696,~/YeeBois/projects/beep-effect2-worktrees/effect-vitest-wave-d-pglite,owner-unverified,unverified,source retained; archive from owner checkout,fleet observation only; archive from the owning checkout,foreign-owner
~/YeeBois/projects/beep-effect2-worktrees/effect-vitest-wave-d-tailscale/.beep/cache,checkout-material,23,0,~/YeeBois/projects/beep-effect2-worktrees/effect-vitest-wave-d-tailscale,owner-unverified,unverified,source retained; archive from owner checkout,fleet observation only; archive from the owning checkout,foreign-owner
~/YeeBois/projects/beep-effect2-worktrees/effect-vitest-wave-d-tailscale/.beep/fallow,checkout-material,409867,409600,~/YeeBois/projects/beep-effect2-worktrees/effect-vitest-wave-d-tailscale,owner-unverified,unverified,source retained; archive from owner checkout,fleet observation only; archive from the owning checkout,foreign-owner
~/YeeBois/projects/beep-effect2-worktrees/effect-vitest-wave-d-test-utils/.beep/fallow,checkout-material,411181,413696,~/YeeBois/projects/beep-effect2-worktrees/effect-vitest-wave-d-test-utils,owner-unverified,unverified,source retained; archive from owner checkout,fleet observation only; archive from the owning checkout,foreign-owner
~/YeeBois/projects/beep-effect2-worktrees/fix-mail-tagging-m365-fixture/.beep/mail-tagging-fixture,checkout-material,33054047,8192,~/YeeBois/projects/beep-effect2-worktrees/fix-mail-tagging-m365-fixture,owner-unverified,unverified,source retained; archive from owner checkout,fleet observation only; archive from the owning checkout,foreign-owner
~/YeeBois/projects/beep-effect2-worktrees/fix-mail-tagging-m365-fixture/.beep/yeet/jobs/<run-id>.log,checkout-jobs,280495,282624,~/YeeBois/projects/beep-effect2-worktrees/fix-mail-tagging-m365-fixture,owner-unverified,unverified,source retained; archive from owner checkout,fleet observation only; archive from the owning checkout,foreign-owner
~/YeeBois/projects/beep-effect2-worktrees/fix-mail-tagging-m365-fixture/.beep/yeet/jobs/<run-id>.json,checkout-jobs,2182,0,~/YeeBois/projects/beep-effect2-worktrees/fix-mail-tagging-m365-fixture,owner-unverified,unverified,source retained; archive from owner checkout,fleet observation only; archive from the owning checkout,foreign-owner
~/YeeBois/projects/beep-effect2-worktrees/fix-mail-tagging-m365-fixture/.beep/yeet/jobs/<run-id>.log,checkout-jobs,128658,131072,~/YeeBois/projects/beep-effect2-worktrees/fix-mail-tagging-m365-fixture,owner-unverified,unverified,source retained; archive from owner checkout,fleet observation only; archive from the owning checkout,foreign-owner
~/YeeBois/projects/beep-effect2-worktrees/fix-mail-tagging-m365-fixture/.beep/yeet/jobs/<run-id>.json,checkout-jobs,2231,0,~/YeeBois/projects/beep-effect2-worktrees/fix-mail-tagging-m365-fixture,owner-unverified,unverified,source retained; archive from owner checkout,fleet observation only; archive from the owning checkout,foreign-owner
~/YeeBois/projects/beep-effect2-worktrees/fix-mail-tagging-m365-fixture/.beep/fallow,checkout-material,464819,462848,~/YeeBois/projects/beep-effect2-worktrees/fix-mail-tagging-m365-fixture,owner-unverified,unverified,source retained; archive from owner checkout,fleet observation only; archive from the owning checkout,foreign-owner
~/YeeBois/projects/beep-effect2-worktrees/graft-recovery-runbook/.beep/fallow,checkout-material,359183,360448,~/YeeBois/projects/beep-effect2-worktrees/graft-recovery-runbook,owner-unverified,unverified,source retained; archive from owner checkout,fleet observation only; archive from the owning checkout,foreign-owner
~/YeeBois/projects/beep-effect2-worktrees/graft-recovery-runbook/.beep/ci/jsdoc-documentation.inventory.jsonc,checkout-generated,21795592,21798912,~/YeeBois/projects/beep-effect2-worktrees/graft-recovery-runbook,owner-unverified,unverified,source retained; archive from owner checkout,fleet observation only; archive from the owning checkout,foreign-owner
~/YeeBois/projects/beep-effect2-worktrees/graft-recovery-runbook/.beep/ci/jsdoc-documentation.inventory.md,checkout-generated,401505,405504,~/YeeBois/projects/beep-effect2-worktrees/graft-recovery-runbook,owner-unverified,unverified,source retained; archive from owner checkout,fleet observation only; archive from the owning checkout,foreign-owner
~/YeeBois/projects/beep-effect2-worktrees/llm-provider-auth/.beep/fallow,checkout-material,18629,16384,~/YeeBois/projects/beep-effect2-worktrees/llm-provider-auth,owner-unverified,unverified,source retained; archive from owner checkout,fleet observation only; archive from the owning checkout,foreign-owner
~/YeeBois/projects/beep-effect2-worktrees/llm-provider-auth/.beep/ci/jsdoc-documentation.inventory.jsonc,checkout-generated,15203333,15204352,~/YeeBois/projects/beep-effect2-worktrees/llm-provider-auth,owner-unverified,unverified,source retained; archive from owner checkout,fleet observation only; archive from the owning checkout,foreign-owner
~/YeeBois/projects/beep-effect2-worktrees/llm-provider-auth/.beep/ci/jsdoc-documentation.inventory.md,checkout-generated,11967,12288,~/YeeBois/projects/beep-effect2-worktrees/llm-provider-auth,owner-unverified,unverified,source retained; archive from owner checkout,fleet observation only; archive from the owning checkout,foreign-owner
~/YeeBois/projects/beep-effect2-worktrees/p1-hook-writer/.beep/fallow,checkout-material,12906,12288,~/YeeBois/projects/beep-effect2-worktrees/p1-hook-writer,owner-unverified,unverified,source retained; archive from owner checkout,fleet observation only; archive from the owning checkout,foreign-owner
~/YeeBois/projects/beep-effect2-worktrees/p1-hook-writer/.beep/ci/jsdoc-documentation.inventory.jsonc,checkout-generated,16168519,16171008,~/YeeBois/projects/beep-effect2-worktrees/p1-hook-writer,owner-unverified,unverified,source retained; archive from owner checkout,fleet observation only; archive from the owning checkout,foreign-owner
~/YeeBois/projects/beep-effect2-worktrees/p1-hook-writer/.beep/ci/jsdoc-documentation.inventory.md,checkout-generated,217415,221184,~/YeeBois/projects/beep-effect2-worktrees/p1-hook-writer,owner-unverified,unverified,source retained; archive from owner checkout,fleet observation only; archive from the owning checkout,foreign-owner
~/YeeBois/projects/beep-effect2-worktrees/packet-convention-closeout-recovery/.beep/fallow,checkout-material,11644597,11661312,~/YeeBois/projects/beep-effect2-worktrees/packet-convention-closeout-recovery,owner-unverified,unverified,source retained; archive from owner checkout,fleet observation only; archive from the owning checkout,foreign-owner
~/YeeBois/projects/beep-effect2-worktrees/packet-convention-closeout-recovery/.beep/ci/jsdoc-documentation.inventory.jsonc,checkout-generated,20284638,20287488,~/YeeBois/projects/beep-effect2-worktrees/packet-convention-closeout-recovery,owner-unverified,unverified,source retained; archive from owner checkout,fleet observation only; archive from the owning checkout,foreign-owner
~/YeeBois/projects/beep-effect2-worktrees/packet-convention-closeout-recovery/.beep/ci/jsdoc-documentation.inventory.md,checkout-generated,64906,65536,~/YeeBois/projects/beep-effect2-worktrees/packet-convention-closeout-recovery,owner-unverified,unverified,source retained; archive from owner checkout,fleet observation only; archive from the owning checkout,foreign-owner
~/YeeBois/projects/beep-effect2-worktrees/pr-531-lint-oom/.beep/ci/jsdoc-documentation.inventory.jsonc,checkout-generated,14545529,14548992,~/YeeBois/projects/beep-effect2-worktrees/pr-531-lint-oom,owner-unverified,unverified,source retained; archive from owner checkout,fleet observation only; archive from the owning checkout,foreign-owner
~/YeeBois/projects/beep-effect2-worktrees/pr-531-lint-oom/.beep/ci/jsdoc-documentation.inventory.md,checkout-generated,12935,16384,~/YeeBois/projects/beep-effect2-worktrees/pr-531-lint-oom,owner-unverified,unverified,source retained; archive from owner checkout,fleet observation only; archive from the owning checkout,foreign-owner
~/YeeBois/projects/beep-effect2-worktrees/pr-531-lint-oom/.beep/fallow,checkout-material,21567,20480,~/YeeBois/projects/beep-effect2-worktrees/pr-531-lint-oom,owner-unverified,unverified,source retained; archive from owner checkout,fleet observation only; archive from the owning checkout,foreign-owner
~/YeeBois/projects/beep-effect2-worktrees/qualification-acceptance/.beep/qualification-acceptance,checkout-qualification,12426286,10149888,~/YeeBois/projects/beep-effect2-worktrees/qualification-acceptance,owner-unverified,unverified,source retained; archive from owner checkout,fleet observation only; archive from the owning checkout,foreign-owner
~/YeeBois/projects/beep-effect2-worktrees/qualification-approved-workflow/.beep/qualification-signed-implementation,checkout-qualification,195173,208896,~/YeeBois/projects/beep-effect2-worktrees/qualification-approved-workflow,owner-unverified,unverified,source retained; archive from owner checkout,fleet observation only; archive from the owning checkout,foreign-owner
~/YeeBois/projects/beep-effect2-worktrees/qualification-approved-workflow/.beep/cache-signed-pilot,checkout-material,0,0,~/YeeBois/projects/beep-effect2-worktrees/qualification-approved-workflow,owner-unverified,unverified,source retained; archive from owner checkout,fleet observation only; archive from the owning checkout,foreign-owner
~/YeeBois/projects/beep-effect2-worktrees/qualification-approved-workflow/.beep/cache-protocol,checkout-material,0,0,~/YeeBois/projects/beep-effect2-worktrees/qualification-approved-workflow,owner-unverified,unverified,source retained; archive from owner checkout,fleet observation only; archive from the owning checkout,foreign-owner
~/YeeBois/projects/beep-effect2-worktrees/qualification-capture-controls/.beep/qualification-capture-controls,checkout-qualification,3275469,1077248,~/YeeBois/projects/beep-effect2-worktrees/qualification-capture-controls,owner-unverified,unverified,source retained; archive from owner checkout,fleet observation only; archive from the owning checkout,foreign-owner
~/YeeBois/projects/beep-effect2-worktrees/qualification-capture-controls/.beep/cache-signed-pilot,checkout-material,0,0,~/YeeBois/projects/beep-effect2-worktrees/qualification-capture-controls,owner-unverified,unverified,source retained; archive from owner checkout,fleet observation only; archive from the owning checkout,foreign-owner
~/YeeBois/projects/beep-effect2-worktrees/qualification-capture-controls/.beep/qualification-signed-implementation,checkout-qualification,4744,8192,~/YeeBois/projects/beep-effect2-worktrees/qualification-capture-controls,owner-unverified,unverified,source retained; archive from owner checkout,fleet observation only; archive from the owning checkout,foreign-owner
~/YeeBois/projects/beep-effect2-worktrees/qualification-capture-source/.beep/qualification-profile-closure,checkout-qualification,11329749,4349952,~/YeeBois/projects/beep-effect2-worktrees/qualification-capture-source,owner-unverified,unverified,source retained; archive from owner checkout,fleet observation only; archive from the owning checkout,foreign-owner
~/YeeBois/projects/beep-effect2-worktrees/qualification-capture-source/.beep/qualification-ring-attribution,checkout-qualification,338901,192512,~/YeeBois/projects/beep-effect2-worktrees/qualification-capture-source,owner-unverified,unverified,source retained; archive from owner checkout,fleet observation only; archive from the owning checkout,foreign-owner
~/YeeBois/projects/beep-effect2-worktrees/qualification-capture-source/.beep/qualification-descriptor-capture,checkout-qualification,1181707,950272,~/YeeBois/projects/beep-effect2-worktrees/qualification-capture-source,owner-unverified,unverified,source retained; archive from owner checkout,fleet observation only; archive from the owning checkout,foreign-owner
~/YeeBois/projects/beep-effect2-worktrees/qualification-capture-source/.beep/qualification-current-matrix,checkout-qualification,28536192,28561408,~/YeeBois/projects/beep-effect2-worktrees/qualification-capture-source,owner-unverified,unverified,source retained; archive from owner checkout,fleet observation only; archive from the owning checkout,foreign-owner
~/YeeBois/projects/beep-effect2-worktrees/qualification-capture-source/.beep/cache,checkout-material,39,0,~/YeeBois/projects/beep-effect2-worktrees/qualification-capture-source,owner-unverified,unverified,source retained; archive from owner checkout,fleet observation only; archive from the owning checkout,foreign-owner
~/YeeBois/projects/beep-effect2-worktrees/qualification-capture-source/.beep/qualification-local-preflight,checkout-qualification,13121,16384,~/YeeBois/projects/beep-effect2-worktrees/qualification-capture-source,owner-unverified,unverified,source retained; archive from owner checkout,fleet observation only; archive from the owning checkout,foreign-owner
~/YeeBois/projects/beep-effect2-worktrees/qualification-capture-source/.beep/qualification-corrected-matrix,checkout-qualification,765491,761856,~/YeeBois/projects/beep-effect2-worktrees/qualification-capture-source,owner-unverified,unverified,source retained; archive from owner checkout,fleet observation only; archive from the owning checkout,foreign-owner
~/YeeBois/projects/beep-effect2-worktrees/qualification-capture-source/.beep/qualification-procfs-attribution,checkout-qualification,52666629,52670464,~/YeeBois/projects/beep-effect2-worktrees/qualification-capture-source,owner-unverified,unverified,source retained; archive from owner checkout,fleet observation only; archive from the owning checkout,foreign-owner
~/YeeBois/projects/beep-effect2-worktrees/qualification-census-refresh/.beep/dependency-exclusions,checkout-material,33591613,33480704,~/YeeBois/projects/beep-effect2-worktrees/qualification-census-refresh,owner-unverified,unverified,source retained; archive from owner checkout,fleet observation only; archive from the owning checkout,foreign-owner
~/YeeBois/projects/beep-effect2-worktrees/qualification-census-refresh/.beep/qualification-resume-20260925,checkout-qualification,52672,0,~/YeeBois/projects/beep-effect2-worktrees/qualification-census-refresh,owner-unverified,unverified,source retained; archive from owner checkout,fleet observation only; archive from the owning checkout,foreign-owner
~/YeeBois/projects/beep-effect2-worktrees/qualification-census-refresh/.beep/yeet/jobs/<run-id>.log,checkout-jobs,64799,65536,~/YeeBois/projects/beep-effect2-worktrees/qualification-census-refresh,owner-unverified,unverified,source retained; archive from owner checkout,fleet observation only; archive from the owning checkout,foreign-owner
~/YeeBois/projects/beep-effect2-worktrees/qualification-census-refresh/.beep/yeet/jobs/<run-id>.json,checkout-jobs,2393,0,~/YeeBois/projects/beep-effect2-worktrees/qualification-census-refresh,owner-unverified,unverified,source retained; archive from owner checkout,fleet observation only; archive from the owning checkout,foreign-owner
~/YeeBois/projects/beep-effect2-worktrees/qualification-census-refresh/.beep/yeet/jobs/<run-id>.log,checkout-jobs,1696108,1699840,~/YeeBois/projects/beep-effect2-worktrees/qualification-census-refresh,owner-unverified,unverified,source retained; archive from owner checkout,fleet observation only; archive from the owning checkout,foreign-owner
~/YeeBois/projects/beep-effect2-worktrees/qualification-census-refresh/.beep/yeet/jobs/<run-id>.json,checkout-jobs,2399,0,~/YeeBois/projects/beep-effect2-worktrees/qualification-census-refresh,owner-unverified,unverified,source retained; archive from owner checkout,fleet observation only; archive from the owning checkout,foreign-owner
~/YeeBois/projects/beep-effect2-worktrees/qualification-census-refresh/.beep/yeet/jobs/<run-id>.log,checkout-jobs,544338,544768,~/YeeBois/projects/beep-effect2-worktrees/qualification-census-refresh,owner-unverified,unverified,source retained; archive from owner checkout,fleet observation only; archive from the owning checkout,foreign-owner
~/YeeBois/projects/beep-effect2-worktrees/qualification-census-refresh/.beep/yeet/jobs/<run-id>.json,checkout-jobs,2393,0,~/YeeBois/projects/beep-effect2-worktrees/qualification-census-refresh,owner-unverified,unverified,source retained; archive from owner checkout,fleet observation only; archive from the owning checkout,foreign-owner
~/YeeBois/projects/beep-effect2-worktrees/qualification-census-refresh/.beep/yeet/jobs/<run-id>.log,checkout-jobs,271839,274432,~/YeeBois/projects/beep-effect2-worktrees/qualification-census-refresh,owner-unverified,unverified,source retained; archive from owner checkout,fleet observation only; archive from the owning checkout,foreign-owner
~/YeeBois/projects/beep-effect2-worktrees/qualification-census-refresh/.beep/yeet/jobs/<run-id>.json,checkout-jobs,2393,0,~/YeeBois/projects/beep-effect2-worktrees/qualification-census-refresh,owner-unverified,unverified,source retained; archive from owner checkout,fleet observation only; archive from the owning checkout,foreign-owner
~/YeeBois/projects/beep-effect2-worktrees/qualification-census-refresh/.beep/yeet/jobs/<run-id>.log,checkout-jobs,84734,86016,~/YeeBois/projects/beep-effect2-worktrees/qualification-census-refresh,owner-unverified,unverified,source retained; archive from owner checkout,fleet observation only; archive from the owning checkout,foreign-owner
~/YeeBois/projects/beep-effect2-worktrees/qualification-census-refresh/.beep/yeet/jobs/<run-id>.json,checkout-jobs,2393,0,~/YeeBois/projects/beep-effect2-worktrees/qualification-census-refresh,owner-unverified,unverified,source retained; archive from owner checkout,fleet observation only; archive from the owning checkout,foreign-owner
~/YeeBois/projects/beep-effect2-worktrees/qualification-census-refresh/.beep/yeet/jobs/<run-id>.log,checkout-jobs,24208,24576,~/YeeBois/projects/beep-effect2-worktrees/qualification-census-refresh,owner-unverified,unverified,source retained; archive from owner checkout,fleet observation only; archive from the owning checkout,foreign-owner
~/YeeBois/projects/beep-effect2-worktrees/qualification-census-refresh/.beep/yeet/jobs/<run-id>.json,checkout-jobs,2419,0,~/YeeBois/projects/beep-effect2-worktrees/qualification-census-refresh,owner-unverified,unverified,source retained; archive from owner checkout,fleet observation only; archive from the owning checkout,foreign-owner
~/YeeBois/projects/beep-effect2-worktrees/qualification-census-refresh/.beep/yeet/jobs/<run-id>.log,checkout-jobs,6355971,6356992,~/YeeBois/projects/beep-effect2-worktrees/qualification-census-refresh,owner-unverified,unverified,source retained; archive from owner checkout,fleet observation only; archive from the owning checkout,foreign-owner
~/YeeBois/projects/beep-effect2-worktrees/qualification-census-refresh/.beep/yeet/jobs/<run-id>.log,checkout-jobs,3825,0,~/YeeBois/projects/beep-effect2-worktrees/qualification-census-refresh,owner-unverified,unverified,source retained; archive from owner checkout,fleet observation only; archive from the owning checkout,foreign-owner
~/YeeBois/projects/beep-effect2-worktrees/qualification-census-refresh/.beep/yeet/jobs/<run-id>.json,checkout-jobs,2173,0,~/YeeBois/projects/beep-effect2-worktrees/qualification-census-refresh,owner-unverified,unverified,source retained; archive from owner checkout,fleet observation only; archive from the owning checkout,foreign-owner
~/YeeBois/projects/beep-effect2-worktrees/qualification-census-refresh/.beep/yeet/jobs/<run-id>.json,checkout-jobs,2590,0,~/YeeBois/projects/beep-effect2-worktrees/qualification-census-refresh,owner-unverified,unverified,source retained; archive from owner checkout,fleet observation only; archive from the owning checkout,foreign-owner
~/YeeBois/projects/beep-effect2-worktrees/qualification-census-refresh/.beep/fallow,checkout-material,800781,798720,~/YeeBois/projects/beep-effect2-worktrees/qualification-census-refresh,owner-unverified,unverified,source retained; archive from owner checkout,fleet observation only; archive from the owning checkout,foreign-owner
~/YeeBois/projects/beep-effect2-worktrees/qualification-census-refresh/.beep/quality,checkout-material,0,0,~/YeeBois/projects/beep-effect2-worktrees/qualification-census-refresh,owner-unverified,unverified,source retained; archive from owner checkout,fleet observation only; archive from the owning checkout,foreign-owner
~/YeeBois/projects/beep-effect2-worktrees/qualification-census-refresh/.beep/ci/jsdoc-documentation.inventory.jsonc,checkout-generated,20856726,20856832,~/YeeBois/projects/beep-effect2-worktrees/qualification-census-refresh,owner-unverified,unverified,source retained; archive from owner checkout,fleet observation only; archive from the owning checkout,foreign-owner
~/YeeBois/projects/beep-effect2-worktrees/qualification-census-refresh/.beep/ci/jsdoc-documentation.inventory.md,checkout-generated,361249,364544,~/YeeBois/projects/beep-effect2-worktrees/qualification-census-refresh,owner-unverified,unverified,source retained; archive from owner checkout,fleet observation only; archive from the owning checkout,foreign-owner
~/YeeBois/projects/beep-effect2-worktrees/qualification-census-refresh/.beep/cache,checkout-material,23,0,~/YeeBois/projects/beep-effect2-worktrees/qualification-census-refresh,owner-unverified,unverified,source retained; archive from owner checkout,fleet observation only; archive from the owning checkout,foreign-owner
~/YeeBois/projects/beep-effect2-worktrees/qualification-dependency-exclusions/.beep/dependency-exclusions,checkout-material,47109349,46841856,~/YeeBois/projects/beep-effect2-worktrees/qualification-dependency-exclusions,owner-unverified,unverified,source retained; archive from owner checkout,fleet observation only; archive from the owning checkout,foreign-owner
~/YeeBois/projects/beep-effect2-worktrees/qualification-dependency-exclusions/.beep/cache,checkout-material,62,0,~/YeeBois/projects/beep-effect2-worktrees/qualification-dependency-exclusions,owner-unverified,unverified,source retained; archive from owner checkout,fleet observation only; archive from the owning checkout,foreign-owner
~/YeeBois/projects/beep-effect2-worktrees/qualification-dependency-exclusions/.beep/yeet/jobs/<run-id>.log,checkout-jobs,69999,73728,~/YeeBois/projects/beep-effect2-worktrees/qualification-dependency-exclusions,owner-unverified,unverified,source retained; archive from owner checkout,fleet observation only; archive from the owning checkout,foreign-owner
~/YeeBois/projects/beep-effect2-worktrees/qualification-dependency-exclusions/.beep/yeet/jobs/<run-id>.json,checkout-jobs,2466,0,~/YeeBois/projects/beep-effect2-worktrees/qualification-dependency-exclusions,owner-unverified,unverified,source retained; archive from owner checkout,fleet observation only; archive from the owning checkout,foreign-owner
~/YeeBois/projects/beep-effect2-worktrees/qualification-dependency-exclusions/.beep/yeet/jobs/<run-id>.log,checkout-jobs,18391,20480,~/YeeBois/projects/beep-effect2-worktrees/qualification-dependency-exclusions,owner-unverified,unverified,source retained; archive from owner checkout,fleet observation only; archive from the owning checkout,foreign-owner
~/YeeBois/projects/beep-effect2-worktrees/qualification-dependency-exclusions/.beep/yeet/jobs/<run-id>.json,checkout-jobs,2402,0,~/YeeBois/projects/beep-effect2-worktrees/qualification-dependency-exclusions,owner-unverified,unverified,source retained; archive from owner checkout,fleet observation only; archive from the owning checkout,foreign-owner
~/YeeBois/projects/beep-effect2-worktrees/qualification-dependency-exclusions/.beep/yeet/jobs/<run-id>.log,checkout-jobs,55388,57344,~/YeeBois/projects/beep-effect2-worktrees/qualification-dependency-exclusions,owner-unverified,unverified,source retained; archive from owner checkout,fleet observation only; archive from the owning checkout,foreign-owner
~/YeeBois/projects/beep-effect2-worktrees/qualification-dependency-exclusions/.beep/yeet/jobs/<run-id>.json,checkout-jobs,2578,0,~/YeeBois/projects/beep-effect2-worktrees/qualification-dependency-exclusions,owner-unverified,unverified,source retained; archive from owner checkout,fleet observation only; archive from the owning checkout,foreign-owner
~/YeeBois/projects/beep-effect2-worktrees/qualification-dependency-exclusions/.beep/yeet/jobs/<run-id>.log,checkout-jobs,2495855,2498560,~/YeeBois/projects/beep-effect2-worktrees/qualification-dependency-exclusions,owner-unverified,unverified,source retained; archive from owner checkout,fleet observation only; archive from the owning checkout,foreign-owner
~/YeeBois/projects/beep-effect2-worktrees/qualification-dependency-exclusions/.beep/yeet/jobs/<run-id>.json,checkout-jobs,2436,0,~/YeeBois/projects/beep-effect2-worktrees/qualification-dependency-exclusions,owner-unverified,unverified,source retained; archive from owner checkout,fleet observation only; archive from the owning checkout,foreign-owner
~/YeeBois/projects/beep-effect2-worktrees/qualification-dependency-exclusions/.beep/yeet/jobs/<run-id>.log,checkout-jobs,156763,159744,~/YeeBois/projects/beep-effect2-worktrees/qualification-dependency-exclusions,owner-unverified,unverified,source retained; archive from owner checkout,fleet observation only; archive from the owning checkout,foreign-owner
~/YeeBois/projects/beep-effect2-worktrees/qualification-dependency-exclusions/.beep/yeet/jobs/<run-id>.json,checkout-jobs,2432,0,~/YeeBois/projects/beep-effect2-worktrees/qualification-dependency-exclusions,owner-unverified,unverified,source retained; archive from owner checkout,fleet observation only; archive from the owning checkout,foreign-owner
~/YeeBois/projects/beep-effect2-worktrees/qualification-dependency-exclusions/.beep/yeet/jobs/<run-id>.log,checkout-jobs,5345,8192,~/YeeBois/projects/beep-effect2-worktrees/qualification-dependency-exclusions,owner-unverified,unverified,source retained; archive from owner checkout,fleet observation only; archive from the owning checkout,foreign-owner
~/YeeBois/projects/beep-effect2-worktrees/qualification-dependency-exclusions/.beep/yeet/jobs/<run-id>.json,checkout-jobs,2687,0,~/YeeBois/projects/beep-effect2-worktrees/qualification-dependency-exclusions,owner-unverified,unverified,source retained; archive from owner checkout,fleet observation only; archive from the owning checkout,foreign-owner
~/YeeBois/projects/beep-effect2-worktrees/qualification-dependency-exclusions/.beep/yeet/jobs/<run-id>.log,checkout-jobs,2918900,2920448,~/YeeBois/projects/beep-effect2-worktrees/qualification-dependency-exclusions,owner-unverified,unverified,source retained; archive from owner checkout,fleet observation only; archive from the owning checkout,foreign-owner
~/YeeBois/projects/beep-effect2-worktrees/qualification-dependency-exclusions/.beep/yeet/jobs/<run-id>.json,checkout-jobs,2433,0,~/YeeBois/projects/beep-effect2-worktrees/qualification-dependency-exclusions,owner-unverified,unverified,source retained; archive from owner checkout,fleet observation only; archive from the owning checkout,foreign-owner
~/YeeBois/projects/beep-effect2-worktrees/qualification-dependency-exclusions/.beep/yeet/jobs/<run-id>.log,checkout-jobs,5683,8192,~/YeeBois/projects/beep-effect2-worktrees/qualification-dependency-exclusions,owner-unverified,unverified,source retained; archive from owner checkout,fleet observation only; archive from the owning checkout,foreign-owner
~/YeeBois/projects/beep-effect2-worktrees/qualification-dependency-exclusions/.beep/yeet/jobs/<run-id>.json,checkout-jobs,2623,0,~/YeeBois/projects/beep-effect2-worktrees/qualification-dependency-exclusions,owner-unverified,unverified,source retained; archive from owner checkout,fleet observation only; archive from the owning checkout,foreign-owner
~/YeeBois/projects/beep-effect2-worktrees/qualification-dependency-exclusions/.beep/yeet/jobs/<run-id>.log,checkout-jobs,1184036,1187840,~/YeeBois/projects/beep-effect2-worktrees/qualification-dependency-exclusions,owner-unverified,unverified,source retained; archive from owner checkout,fleet observation only; archive from the owning checkout,foreign-owner
~/YeeBois/projects/beep-effect2-worktrees/qualification-dependency-exclusions/.beep/yeet/jobs/<run-id>.json,checkout-jobs,2435,0,~/YeeBois/projects/beep-effect2-worktrees/qualification-dependency-exclusions,owner-unverified,unverified,source retained; archive from owner checkout,fleet observation only; archive from the owning checkout,foreign-owner
~/YeeBois/projects/beep-effect2-worktrees/qualification-dependency-exclusions/.beep/yeet/jobs/<run-id>.log,checkout-jobs,1223016,1224704,~/YeeBois/projects/beep-effect2-worktrees/qualification-dependency-exclusions,owner-unverified,unverified,source retained; archive from owner checkout,fleet observation only; archive from the owning checkout,foreign-owner
~/YeeBois/projects/beep-effect2-worktrees/qualification-dependency-exclusions/.beep/yeet/jobs/<run-id>.json,checkout-jobs,2649,0,~/YeeBois/projects/beep-effect2-worktrees/qualification-dependency-exclusions,owner-unverified,unverified,source retained; archive from owner checkout,fleet observation only; archive from the owning checkout,foreign-owner
~/YeeBois/projects/beep-effect2-worktrees/qualification-dependency-exclusions/.beep/yeet/jobs/<run-id>.log,checkout-jobs,1621740,1622016,~/YeeBois/projects/beep-effect2-worktrees/qualification-dependency-exclusions,owner-unverified,unverified,source retained; archive from owner checkout,fleet observation only; archive from the owning checkout,foreign-owner
~/YeeBois/projects/beep-effect2-worktrees/qualification-dependency-exclusions/.beep/yeet/jobs/<run-id>.json,checkout-jobs,2442,0,~/YeeBois/projects/beep-effect2-worktrees/qualification-dependency-exclusions,owner-unverified,unverified,source retained; archive from owner checkout,fleet observation only; archive from the owning checkout,foreign-owner
~/YeeBois/projects/beep-effect2-worktrees/qualification-dependency-exclusions/.beep/yeet/jobs/<run-id>.log,checkout-jobs,23248,24576,~/YeeBois/projects/beep-effect2-worktrees/qualification-dependency-exclusions,owner-unverified,unverified,source retained; archive from owner checkout,fleet observation only; archive from the owning checkout,foreign-owner
~/YeeBois/projects/beep-effect2-worktrees/qualification-dependency-exclusions/.beep/yeet/jobs/<run-id>.json,checkout-jobs,2468,0,~/YeeBois/projects/beep-effect2-worktrees/qualification-dependency-exclusions,owner-unverified,unverified,source retained; archive from owner checkout,fleet observation only; archive from the owning checkout,foreign-owner
~/YeeBois/projects/beep-effect2-worktrees/qualification-dependency-exclusions/.beep/yeet/jobs/<run-id>.log,checkout-jobs,6212258,6213632,~/YeeBois/projects/beep-effect2-worktrees/qualification-dependency-exclusions,owner-unverified,unverified,source retained; archive from owner checkout,fleet observation only; archive from the owning checkout,foreign-owner
~/YeeBois/projects/beep-effect2-worktrees/qualification-dependency-exclusions/.beep/yeet/jobs/<run-id>.json,checkout-jobs,2655,0,~/YeeBois/projects/beep-effect2-worktrees/qualification-dependency-exclusions,owner-unverified,unverified,source retained; archive from owner checkout,fleet observation only; archive from the owning checkout,foreign-owner
~/YeeBois/projects/beep-effect2-worktrees/qualification-dependency-exclusions/.beep/qualification-resume-20260925,checkout-qualification,52672,0,~/YeeBois/projects/beep-effect2-worktrees/qualification-dependency-exclusions,owner-unverified,unverified,source retained; archive from owner checkout,fleet observation only; archive from the owning checkout,foreign-owner
~/YeeBois/projects/beep-effect2-worktrees/qualification-dependency-exclusions/.beep/fallow,checkout-material,401996,401408,~/YeeBois/projects/beep-effect2-worktrees/qualification-dependency-exclusions,owner-unverified,unverified,source retained; archive from owner checkout,fleet observation only; archive from the owning checkout,foreign-owner
~/YeeBois/projects/beep-effect2-worktrees/qualification-dependency-exclusions/.beep/quality,checkout-material,248,0,~/YeeBois/projects/beep-effect2-worktrees/qualification-dependency-exclusions,owner-unverified,unverified,source retained; archive from owner checkout,fleet observation only; archive from the owning checkout,foreign-owner
~/YeeBois/projects/beep-effect2-worktrees/qualification-dependency-exclusions/.beep/ci/jsdoc-documentation.inventory.jsonc,checkout-generated,20856726,20856832,~/YeeBois/projects/beep-effect2-worktrees/qualification-dependency-exclusions,owner-unverified,unverified,source retained; archive from owner checkout,fleet observation only; archive from the owning checkout,foreign-owner
~/YeeBois/projects/beep-effect2-worktrees/qualification-dependency-exclusions/.beep/ci/jsdoc-documentation.inventory.md,checkout-generated,361249,364544,~/YeeBois/projects/beep-effect2-worktrees/qualification-dependency-exclusions,owner-unverified,unverified,source retained; archive from owner checkout,fleet observation only; archive from the owning checkout,foreign-owner
~/YeeBois/projects/beep-effect2-worktrees/qualification-fresh-pairs/.beep/qualification-current,checkout-qualification,63611,45056,~/YeeBois/projects/beep-effect2-worktrees/qualification-fresh-pairs,owner-unverified,unverified,source retained; archive from owner checkout,fleet observation only; archive from the owning checkout,foreign-owner
~/YeeBois/projects/beep-effect2-worktrees/qualification-fresh-pairs/.beep/qualification-canary,checkout-qualification,74637,65536,~/YeeBois/projects/beep-effect2-worktrees/qualification-fresh-pairs,owner-unverified,unverified,source retained; archive from owner checkout,fleet observation only; archive from the owning checkout,foreign-owner
~/YeeBois/projects/beep-effect2-worktrees/qualification-fresh-pairs/.beep/qualification-invalidation,checkout-qualification,76131,86016,~/YeeBois/projects/beep-effect2-worktrees/qualification-fresh-pairs,owner-unverified,unverified,source retained; archive from owner checkout,fleet observation only; archive from the owning checkout,foreign-owner
~/YeeBois/projects/beep-effect2-worktrees/qualification-fresh-pairs/.beep/qualification-concurrency,checkout-qualification,47480,32768,~/YeeBois/projects/beep-effect2-worktrees/qualification-fresh-pairs,owner-unverified,unverified,source retained; archive from owner checkout,fleet observation only; archive from the owning checkout,foreign-owner
~/YeeBois/projects/beep-effect2-worktrees/qualification-fresh-pairs/.beep/qualification-config-controls,checkout-qualification,37899,36864,~/YeeBois/projects/beep-effect2-worktrees/qualification-fresh-pairs,owner-unverified,unverified,source retained; archive from owner checkout,fleet observation only; archive from the owning checkout,foreign-owner
~/YeeBois/projects/beep-effect2-worktrees/qualification-fresh-pairs/.beep/qualification-capture-controls,checkout-qualification,33510,16384,~/YeeBois/projects/beep-effect2-worktrees/qualification-fresh-pairs,owner-unverified,unverified,source retained; archive from owner checkout,fleet observation only; archive from the owning checkout,foreign-owner
~/YeeBois/projects/beep-effect2-worktrees/qualification-fresh-pairs/.beep/qualification-io-current,checkout-qualification,1030157,1028096,~/YeeBois/projects/beep-effect2-worktrees/qualification-fresh-pairs,owner-unverified,unverified,source retained; archive from owner checkout,fleet observation only; archive from the owning checkout,foreign-owner
~/YeeBois/projects/beep-effect2-worktrees/qualification-fresh-pairs/.beep/qualification-git-controls,checkout-qualification,28184,16384,~/YeeBois/projects/beep-effect2-worktrees/qualification-fresh-pairs,owner-unverified,unverified,source retained; archive from owner checkout,fleet observation only; archive from the owning checkout,foreign-owner
~/YeeBois/projects/beep-effect2-worktrees/qualification-main-06a5-repair/.beep/cache-signed-pilot,checkout-material,11640,0,~/YeeBois/projects/beep-effect2-worktrees/qualification-main-06a5-repair,owner-unverified,unverified,source retained; archive from owner checkout,fleet observation only; archive from the owning checkout,foreign-owner
~/YeeBois/projects/beep-effect2-worktrees/qualification-main-06a5-repair/.beep/qualification-v9,checkout-qualification,4727,0,~/YeeBois/projects/beep-effect2-worktrees/qualification-main-06a5-repair,owner-unverified,unverified,source retained; archive from owner checkout,fleet observation only; archive from the owning checkout,foreign-owner
~/YeeBois/projects/beep-effect2-worktrees/qualification-main-06a5-repair/.beep/cache-protocol,checkout-material,77868,16384,~/YeeBois/projects/beep-effect2-worktrees/qualification-main-06a5-repair,owner-unverified,unverified,source retained; archive from owner checkout,fleet observation only; archive from the owning checkout,foreign-owner
~/YeeBois/projects/beep-effect2-worktrees/qualification-operational-93a1/.beep/qualification-v9,checkout-qualification,4802205,0,~/YeeBois/projects/beep-effect2-worktrees/qualification-operational-93a1,owner-unverified,unverified,source retained; archive from owner checkout,fleet observation only; archive from the owning checkout,foreign-owner
~/YeeBois/projects/beep-effect2-worktrees/qualification-operational-93a1/.beep/cache,checkout-material,23,0,~/YeeBois/projects/beep-effect2-worktrees/qualification-operational-93a1,owner-unverified,unverified,source retained; archive from owner checkout,fleet observation only; archive from the owning checkout,foreign-owner
~/YeeBois/projects/beep-effect2-worktrees/qualification-patched-portability/.beep/qualification-patched-portability-stable,checkout-qualification,9922,16384,~/YeeBois/projects/beep-effect2-worktrees/qualification-patched-portability,owner-unverified,unverified,source retained; archive from owner checkout,fleet observation only; archive from the owning checkout,foreign-owner
~/YeeBois/projects/beep-effect2-worktrees/qualification-patched-portability/.beep/qualification-patched-portability-canary,checkout-qualification,10416,16384,~/YeeBois/projects/beep-effect2-worktrees/qualification-patched-portability,owner-unverified,unverified,source retained; archive from owner checkout,fleet observation only; archive from the owning checkout,foreign-owner
~/YeeBois/projects/beep-effect2-worktrees/qualification-patched-profile/.beep/qualification-patched-profile,checkout-qualification,35035,8192,~/YeeBois/projects/beep-effect2-worktrees/qualification-patched-profile,owner-unverified,unverified,source retained; archive from owner checkout,fleet observation only; archive from the owning checkout,foreign-owner
~/YeeBois/projects/beep-effect2-worktrees/qualification-patched-profile/.beep/qualification-patched-canary,checkout-qualification,33702,8192,~/YeeBois/projects/beep-effect2-worktrees/qualification-patched-profile,owner-unverified,unverified,source retained; archive from owner checkout,fleet observation only; archive from the owning checkout,foreign-owner
~/YeeBois/projects/beep-effect2-worktrees/qualification-patched-profile/.beep/qualification-patched-invalidation,checkout-qualification,22464,16384,~/YeeBois/projects/beep-effect2-worktrees/qualification-patched-profile,owner-unverified,unverified,source retained; archive from owner checkout,fleet observation only; archive from the owning checkout,foreign-owner
~/YeeBois/projects/beep-effect2-worktrees/qualification-patched-profile/.beep/qualification-patched-config,checkout-qualification,23300,24576,~/YeeBois/projects/beep-effect2-worktrees/qualification-patched-profile,owner-unverified,unverified,source retained; archive from owner checkout,fleet observation only; archive from the owning checkout,foreign-owner
~/YeeBois/projects/beep-effect2-worktrees/qualification-patched-profile/.beep/qualification-patched-capture,checkout-qualification,28749,16384,~/YeeBois/projects/beep-effect2-worktrees/qualification-patched-profile,owner-unverified,unverified,source retained; archive from owner checkout,fleet observation only; archive from the owning checkout,foreign-owner
~/YeeBois/projects/beep-effect2-worktrees/qualification-patched-profile/.beep/qualification-patched-concurrency,checkout-qualification,49309,32768,~/YeeBois/projects/beep-effect2-worktrees/qualification-patched-profile,owner-unverified,unverified,source retained; archive from owner checkout,fleet observation only; archive from the owning checkout,foreign-owner
~/YeeBois/projects/beep-effect2-worktrees/qualification-patched-profile/.beep/qualification-patched-concurrency-retry,checkout-qualification,27043,16384,~/YeeBois/projects/beep-effect2-worktrees/qualification-patched-profile,owner-unverified,unverified,source retained; archive from owner checkout,fleet observation only; archive from the owning checkout,foreign-owner
~/YeeBois/projects/beep-effect2-worktrees/qualification-patched-profile/.beep/qualification-patched-git,checkout-qualification,29158,16384,~/YeeBois/projects/beep-effect2-worktrees/qualification-patched-profile,owner-unverified,unverified,source retained; archive from owner checkout,fleet observation only; archive from the owning checkout,foreign-owner
~/YeeBois/projects/beep-effect2-worktrees/qualification-patched-profile/.beep/qualification-patched-portability,checkout-qualification,7490,0,~/YeeBois/projects/beep-effect2-worktrees/qualification-patched-profile,owner-unverified,unverified,source retained; archive from owner checkout,fleet observation only; archive from the owning checkout,foreign-owner
~/YeeBois/projects/beep-effect2-worktrees/qualification-patched-profile/.beep/qualification-patched-io,checkout-qualification,1030034,1040384,~/YeeBois/projects/beep-effect2-worktrees/qualification-patched-profile,owner-unverified,unverified,source retained; archive from owner checkout,fleet observation only; archive from the owning checkout,foreign-owner
~/YeeBois/projects/beep-effect2-worktrees/qualification-patched-profile/.beep/qualification-ring-preflight,checkout-qualification,13093,8192,~/YeeBois/projects/beep-effect2-worktrees/qualification-patched-profile,owner-unverified,unverified,source retained; archive from owner checkout,fleet observation only; archive from the owning checkout,foreign-owner
~/YeeBois/projects/beep-effect2-worktrees/qualification-patched-profile/.beep/qualification-patched-ring,checkout-qualification,67225,16384,~/YeeBois/projects/beep-effect2-worktrees/qualification-patched-profile,owner-unverified,unverified,source retained; archive from owner checkout,fleet observation only; archive from the owning checkout,foreign-owner
~/YeeBois/projects/beep-effect2-worktrees/qualification-patched-profile/.beep/qualification-catchpoint-diagnostic,checkout-qualification,45255,40960,~/YeeBois/projects/beep-effect2-worktrees/qualification-patched-profile,owner-unverified,unverified,source retained; archive from owner checkout,fleet observation only; archive from the owning checkout,foreign-owner
~/YeeBois/projects/beep-effect2-worktrees/qualification-patched-profile/.beep/qualification-patched-matrix,checkout-qualification,884599,884736,~/YeeBois/projects/beep-effect2-worktrees/qualification-patched-profile,owner-unverified,unverified,source retained; archive from owner checkout,fleet observation only; archive from the owning checkout,foreign-owner
~/YeeBois/projects/beep-effect2-worktrees/qualification-patched-profile/.beep/cache,checkout-material,39,0,~/YeeBois/projects/beep-effect2-worktrees/qualification-patched-profile,owner-unverified,unverified,source retained; archive from owner checkout,fleet observation only; archive from the owning checkout,foreign-owner
~/YeeBois/projects/beep-effect2-worktrees/qualification-patched-profile/.beep/qualification-signed-probe,checkout-qualification,99824,90112,~/YeeBois/projects/beep-effect2-worktrees/qualification-patched-profile,owner-unverified,unverified,source retained; archive from owner checkout,fleet observation only; archive from the owning checkout,foreign-owner
~/YeeBois/projects/beep-effect2-worktrees/qualification-patched-profile/.beep/qualification-current-host,checkout-qualification,103402,106496,~/YeeBois/projects/beep-effect2-worktrees/qualification-patched-profile,owner-unverified,unverified,source retained; archive from owner checkout,fleet observation only; archive from the owning checkout,foreign-owner
~/YeeBois/projects/beep-effect2-worktrees/qualification-pilot-a1/.beep/qualification/preflight-stable,checkout-qualification,16790514,16789504,~/YeeBois/projects/beep-effect2-worktrees/qualification-pilot-a1,owner-unverified,unverified,source retained; archive from owner checkout,fleet observation only; archive from the owning checkout,foreign-owner
~/YeeBois/projects/beep-effect2-worktrees/qualification-pilot-a1/.beep/qualification/preflight-stable-native,checkout-qualification,61995167,61997056,~/YeeBois/projects/beep-effect2-worktrees/qualification-pilot-a1,owner-unverified,unverified,source retained; archive from owner checkout,fleet observation only; archive from the owning checkout,foreign-owner
~/YeeBois/projects/beep-effect2-worktrees/qualification-pilot-a1/.beep/qualification/unsafe-warning,checkout-qualification,2457,0,~/YeeBois/projects/beep-effect2-worktrees/qualification-pilot-a1,owner-unverified,unverified,source retained; archive from owner checkout,fleet observation only; archive from the owning checkout,foreign-owner
~/YeeBois/projects/beep-effect2-worktrees/qualification-pilot-a1/.beep/qualification/reporters,checkout-qualification,6316,0,~/YeeBois/projects/beep-effect2-worktrees/qualification-pilot-a1,owner-unverified,unverified,source retained; archive from owner checkout,fleet observation only; archive from the owning checkout,foreign-owner
~/YeeBois/projects/beep-effect2-worktrees/qualification-pilot-a1/.beep/qualification/diagnostic-limit,checkout-qualification,2036,0,~/YeeBois/projects/beep-effect2-worktrees/qualification-pilot-a1,owner-unverified,unverified,source retained; archive from owner checkout,fleet observation only; archive from the owning checkout,foreign-owner
~/YeeBois/projects/beep-effect2-worktrees/qualification-pilot-a1/.beep/qualification/scm-device-el803r5x,checkout-qualification,26138,24576,~/YeeBois/projects/beep-effect2-worktrees/qualification-pilot-a1,owner-unverified,unverified,source retained; archive from owner checkout,fleet observation only; archive from the owning checkout,foreign-owner
~/YeeBois/projects/beep-effect2-worktrees/qualification-pilot-runner/.beep/qualification-runtime,checkout-qualification,1885470,1871872,~/YeeBois/projects/beep-effect2-worktrees/qualification-pilot-runner,owner-unverified,unverified,source retained; archive from owner checkout,fleet observation only; archive from the owning checkout,foreign-owner
~/YeeBois/projects/beep-effect2-worktrees/qualification-pilot-runner/.beep/cache,checkout-material,39,0,~/YeeBois/projects/beep-effect2-worktrees/qualification-pilot-runner,owner-unverified,unverified,source retained; archive from owner checkout,fleet observation only; archive from the owning checkout,foreign-owner
~/YeeBois/projects/beep-effect2-worktrees/qualification-pilot-runner/.beep/qualification-io-v23,checkout-qualification,1432853,1400832,~/YeeBois/projects/beep-effect2-worktrees/qualification-pilot-runner,owner-unverified,unverified,source retained; archive from owner checkout,fleet observation only; archive from the owning checkout,foreign-owner
~/YeeBois/projects/beep-effect2-worktrees/qualification-pilot-runner/.beep/qualification-capture-v23,checkout-qualification,387169,364544,~/YeeBois/projects/beep-effect2-worktrees/qualification-pilot-runner,owner-unverified,unverified,source retained; archive from owner checkout,fleet observation only; archive from the owning checkout,foreign-owner
~/YeeBois/projects/beep-effect2-worktrees/qualification-portability/.beep/qualification-portability,checkout-qualification,245729,241664,~/YeeBois/projects/beep-effect2-worktrees/qualification-portability,owner-unverified,unverified,source retained; archive from owner checkout,fleet observation only; archive from the owning checkout,foreign-owner
~/YeeBois/projects/beep-effect2-worktrees/qualification-portability/.beep/qualification-portability-aligned,checkout-qualification,70313,69632,~/YeeBois/projects/beep-effect2-worktrees/qualification-portability,owner-unverified,unverified,source retained; archive from owner checkout,fleet observation only; archive from the owning checkout,foreign-owner
~/YeeBois/projects/beep-effect2-worktrees/qualification-portability/.beep/qualification-portability-shared-view,checkout-qualification,59392,61440,~/YeeBois/projects/beep-effect2-worktrees/qualification-portability,owner-unverified,unverified,source retained; archive from owner checkout,fleet observation only; archive from the owning checkout,foreign-owner
~/YeeBois/projects/beep-effect2-worktrees/qualification-portability/.beep/qualification-portability-canary-shared-view,checkout-qualification,13676,16384,~/YeeBois/projects/beep-effect2-worktrees/qualification-portability,owner-unverified,unverified,source retained; archive from owner checkout,fleet observation only; archive from the owning checkout,foreign-owner
~/YeeBois/projects/beep-effect2-worktrees/qualification-runtime-current/.beep/runtime-current,checkout-material,29083,8192,~/YeeBois/projects/beep-effect2-worktrees/qualification-runtime-current,owner-unverified,unverified,source retained; archive from owner checkout,fleet observation only; archive from the owning checkout,foreign-owner
~/YeeBois/projects/beep-effect2-worktrees/qualification-security/.beep/qualification-security-install.log,checkout-qualification,169,0,~/YeeBois/projects/beep-effect2-worktrees/qualification-security,owner-unverified,unverified,source retained; archive from owner checkout,fleet observation only; archive from the owning checkout,foreign-owner
~/YeeBois/projects/beep-effect2-worktrees/qualification-security/.beep/qualification-security-install-frozen.log,checkout-qualification,457,0,~/YeeBois/projects/beep-effect2-worktrees/qualification-security,owner-unverified,unverified,source retained; archive from owner checkout,fleet observation only; archive from the owning checkout,foreign-owner
~/YeeBois/projects/beep-effect2-worktrees/qualification-security/.beep/qualification-security-lock-final.log,checkout-qualification,166,0,~/YeeBois/projects/beep-effect2-worktrees/qualification-security,owner-unverified,unverified,source retained; archive from owner checkout,fleet observation only; archive from the owning checkout,foreign-owner
~/YeeBois/projects/beep-effect2-worktrees/qualification-security/.beep/fast-uri-osv.json,checkout-material,2,0,~/YeeBois/projects/beep-effect2-worktrees/qualification-security,owner-unverified,unverified,source retained; archive from owner checkout,fleet observation only; archive from the owning checkout,foreign-owner
~/YeeBois/projects/beep-effect2-worktrees/qualification-security/.beep/security-fix.patch,checkout-material,3393,0,~/YeeBois/projects/beep-effect2-worktrees/qualification-security,owner-unverified,unverified,source retained; archive from owner checkout,fleet observation only; archive from the owning checkout,foreign-owner
~/YeeBois/projects/beep-effect2-worktrees/qualification-security/.beep/undici-before.lock,checkout-material,988547,991232,~/YeeBois/projects/beep-effect2-worktrees/qualification-security,owner-unverified,unverified,source retained; archive from owner checkout,fleet observation only; archive from the owning checkout,foreign-owner
~/YeeBois/projects/beep-effect2-worktrees/qualification-security/.beep/undici-before-package.json,checkout-material,24865,0,~/YeeBois/projects/beep-effect2-worktrees/qualification-security,owner-unverified,unverified,source retained; archive from owner checkout,fleet observation only; archive from the owning checkout,foreign-owner
~/YeeBois/projects/beep-effect2-worktrees/qualification-security/.beep/undici-update.log,checkout-material,667,0,~/YeeBois/projects/beep-effect2-worktrees/qualification-security,owner-unverified,unverified,source retained; archive from owner checkout,fleet observation only; archive from the owning checkout,foreign-owner
~/YeeBois/projects/beep-effect2-worktrees/qualification-security/.beep/undici-frozen-install.log,checkout-material,1142,0,~/YeeBois/projects/beep-effect2-worktrees/qualification-security,owner-unverified,unverified,source retained; archive from owner checkout,fleet observation only; archive from the owning checkout,foreign-owner
~/YeeBois/projects/beep-effect2-worktrees/qualification-security/.beep/undici-osv.json,checkout-material,22,0,~/YeeBois/projects/beep-effect2-worktrees/qualification-security,owner-unverified,unverified,source retained; archive from owner checkout,fleet observation only; archive from the owning checkout,foreign-owner
~/YeeBois/projects/beep-effect2-worktrees/qualification-signed-matrix/.beep/qualification-signed-matrix,checkout-qualification,74257,77824,~/YeeBois/projects/beep-effect2-worktrees/qualification-signed-matrix,owner-unverified,unverified,source retained; archive from owner checkout,fleet observation only; archive from the owning checkout,foreign-owner
~/YeeBois/projects/beep-effect2-worktrees/qualification-signed-matrix/.beep/qualification-signed-concurrency,checkout-qualification,496717,516096,~/YeeBois/projects/beep-effect2-worktrees/qualification-signed-matrix,owner-unverified,unverified,source retained; archive from owner checkout,fleet observation only; archive from the owning checkout,foreign-owner
~/YeeBois/projects/beep-effect2-worktrees/qualification-signed-matrix/.beep/cache-signed-pilot,checkout-material,0,0,~/YeeBois/projects/beep-effect2-worktrees/qualification-signed-matrix,owner-unverified,unverified,source retained; archive from owner checkout,fleet observation only; archive from the owning checkout,foreign-owner
~/YeeBois/projects/beep-effect2-worktrees/qualification-signed-matrix/.beep/qualification-signed-mutations,checkout-qualification,206440,225280,~/YeeBois/projects/beep-effect2-worktrees/qualification-signed-matrix,owner-unverified,unverified,source retained; archive from owner checkout,fleet observation only; archive from the owning checkout,foreign-owner
~/YeeBois/projects/beep-effect2-worktrees/qualification-signed-matrix/.beep/qualification-signed-nonexecution,checkout-qualification,666168,675840,~/YeeBois/projects/beep-effect2-worktrees/qualification-signed-matrix,owner-unverified,unverified,source retained; archive from owner checkout,fleet observation only; archive from the owning checkout,foreign-owner
~/YeeBois/projects/beep-effect2-worktrees/qualification-test-policy-repairs/.beep/test-policy-repairs,checkout-material,3531991,3559424,~/YeeBois/projects/beep-effect2-worktrees/qualification-test-policy-repairs,owner-unverified,unverified,source retained; archive from owner checkout,fleet observation only; archive from the owning checkout,foreign-owner
~/YeeBois/projects/beep-effect2-worktrees/qualification-test-policy-repairs/.beep/qualification-fallow,checkout-qualification,57098,69632,~/YeeBois/projects/beep-effect2-worktrees/qualification-test-policy-repairs,owner-unverified,unverified,source retained; archive from owner checkout,fleet observation only; archive from the owning checkout,foreign-owner
~/YeeBois/projects/beep-effect2-worktrees/qualification-test-policy-repairs/.beep/fallow,checkout-material,443943,446464,~/YeeBois/projects/beep-effect2-worktrees/qualification-test-policy-repairs,owner-unverified,unverified,source retained; archive from owner checkout,fleet observation only; archive from the owning checkout,foreign-owner
~/YeeBois/projects/beep-effect2-worktrees/qualification-test-tsgo-repairs/.beep/qualification-test-tsgo,checkout-qualification,2969944,2973696,~/YeeBois/projects/beep-effect2-worktrees/qualification-test-tsgo-repairs,owner-unverified,unverified,source retained; archive from owner checkout,fleet observation only; archive from the owning checkout,foreign-owner
~/YeeBois/projects/beep-effect2-worktrees/qualification-workflow-v9/.beep/qualification-v9,checkout-qualification,11841788,7966720,~/YeeBois/projects/beep-effect2-worktrees/qualification-workflow-v9,owner-unverified,unverified,source retained; archive from owner checkout,fleet observation only; archive from the owning checkout,foreign-owner
~/YeeBois/projects/beep-effect2-worktrees/qualification-workflow-v9/.beep/cache-signed-pilot,checkout-material,11610,0,~/YeeBois/projects/beep-effect2-worktrees/qualification-workflow-v9,owner-unverified,unverified,source retained; archive from owner checkout,fleet observation only; archive from the owning checkout,foreign-owner
~/YeeBois/projects/beep-effect2-worktrees/qualification-workflow-v9/.beep/cache,checkout-material,2138706,294912,~/YeeBois/projects/beep-effect2-worktrees/qualification-workflow-v9,owner-unverified,unverified,source retained; archive from owner checkout,fleet observation only; archive from the owning checkout,foreign-owner
~/YeeBois/projects/beep-effect2-worktrees/qualification-workflow-v9/.beep/cache-protocol,checkout-material,9203,0,~/YeeBois/projects/beep-effect2-worktrees/qualification-workflow-v9,owner-unverified,unverified,source retained; archive from owner checkout,fleet observation only; archive from the owning checkout,foreign-owner
~/YeeBois/projects/beep-effect2-worktrees/research-corpus-synthesis/.beep/research-library,checkout-material,608709631,513482752,~/YeeBois/projects/beep-effect2-worktrees/research-corpus-synthesis,owner-unverified,unverified,source retained; archive from owner checkout,fleet observation only; archive from the owning checkout,foreign-owner
~/YeeBois/projects/beep-effect2-worktrees/research-corpus-synthesis/.beep/library-adapters-check.json,checkout-material,289,0,~/YeeBois/projects/beep-effect2-worktrees/research-corpus-synthesis,owner-unverified,unverified,source retained; archive from owner checkout,fleet observation only; archive from the owning checkout,foreign-owner
~/YeeBois/projects/beep-effect2-worktrees/research-corpus-synthesis/.beep/library-adapters-check.log,checkout-material,1189,0,~/YeeBois/projects/beep-effect2-worktrees/research-corpus-synthesis,owner-unverified,unverified,source retained; archive from owner checkout,fleet observation only; archive from the owning checkout,foreign-owner
~/YeeBois/projects/beep-effect2-worktrees/research-corpus-synthesis/.beep/library-adapters-package-check.log,checkout-material,0,0,~/YeeBois/projects/beep-effect2-worktrees/research-corpus-synthesis,owner-unverified,unverified,source retained; archive from owner checkout,fleet observation only; archive from the owning checkout,foreign-owner
~/YeeBois/projects/beep-effect2-worktrees/research-corpus-synthesis/.beep/qa-library.mjs,checkout-material,6806,0,~/YeeBois/projects/beep-effect2-worktrees/research-corpus-synthesis,owner-unverified,unverified,source retained; archive from owner checkout,fleet observation only; archive from the owning checkout,foreign-owner
~/YeeBois/projects/beep-effect2-worktrees/research-corpus-synthesis/.beep/library-adapters-tests.log,checkout-material,244,0,~/YeeBois/projects/beep-effect2-worktrees/research-corpus-synthesis,owner-unverified,unverified,source retained; archive from owner checkout,fleet observation only; archive from the owning checkout,foreign-owner
~/YeeBois/projects/beep-effect2-worktrees/research-corpus-synthesis/.beep/library-firecrawl-probe.log,checkout-material,35,0,~/YeeBois/projects/beep-effect2-worktrees/research-corpus-synthesis,owner-unverified,unverified,source retained; archive from owner checkout,fleet observation only; archive from the owning checkout,foreign-owner
~/YeeBois/projects/beep-effect2-worktrees/research-corpus-synthesis/.beep/library-firecrawl-stored-probe.log,checkout-material,48,0,~/YeeBois/projects/beep-effect2-worktrees/research-corpus-synthesis,owner-unverified,unverified,source retained; archive from owner checkout,fleet observation only; archive from the owning checkout,foreign-owner
~/YeeBois/projects/beep-effect2-worktrees/research-corpus-synthesis/.beep/library-firecrawl-stored-probe.json,checkout-material,229533,233472,~/YeeBois/projects/beep-effect2-worktrees/research-corpus-synthesis,owner-unverified,unverified,source retained; archive from owner checkout,fleet observation only; archive from the owning checkout,foreign-owner
~/YeeBois/projects/beep-effect2-worktrees/research-corpus-synthesis/.beep/library-github-qualification.log,checkout-material,337,0,~/YeeBois/projects/beep-effect2-worktrees/research-corpus-synthesis,owner-unverified,unverified,source retained; archive from owner checkout,fleet observation only; archive from the owning checkout,foreign-owner
~/YeeBois/projects/beep-effect2-worktrees/research-corpus-synthesis/.beep/library-firecrawl-qualification.log,checkout-material,340,0,~/YeeBois/projects/beep-effect2-worktrees/research-corpus-synthesis,owner-unverified,unverified,source retained; archive from owner checkout,fleet observation only; archive from the owning checkout,foreign-owner
~/YeeBois/projects/beep-effect2-worktrees/research-corpus-synthesis/.beep/library-adapters-handoff.md,checkout-material,7263,8192,~/YeeBois/projects/beep-effect2-worktrees/research-corpus-synthesis,owner-unverified,unverified,source retained; archive from owner checkout,fleet observation only; archive from the owning checkout,foreign-owner
~/YeeBois/projects/beep-effect2-worktrees/research-corpus-synthesis/.beep/qa/round-1,checkout-qa,2801823,2818048,~/YeeBois/projects/beep-effect2-worktrees/research-corpus-synthesis,owner-unverified,unverified,source retained; archive from owner checkout,fleet observation only; archive from the owning checkout,foreign-owner
~/YeeBois/projects/beep-effect2-worktrees/research-corpus-synthesis/.beep/qa/round-2,checkout-qa,6914634,6934528,~/YeeBois/projects/beep-effect2-worktrees/research-corpus-synthesis,owner-unverified,unverified,source retained; archive from owner checkout,fleet observation only; archive from the owning checkout,foreign-owner
~/YeeBois/projects/beep-effect2-worktrees/research-corpus-synthesis/.beep/qa/round-3,checkout-qa,8154881,8192000,~/YeeBois/projects/beep-effect2-worktrees/research-corpus-synthesis,owner-unverified,unverified,source retained; archive from owner checkout,fleet observation only; archive from the owning checkout,foreign-owner
~/YeeBois/projects/beep-effect2-worktrees/research-corpus-synthesis/.beep/qa/round-4,checkout-qa,7955457,7991296,~/YeeBois/projects/beep-effect2-worktrees/research-corpus-synthesis,owner-unverified,unverified,source retained; archive from owner checkout,fleet observation only; archive from the owning checkout,foreign-owner
~/YeeBois/projects/beep-effect2-worktrees/research-corpus-synthesis/.beep/qa/round-relocation,checkout-qa,919719,929792,~/YeeBois/projects/beep-effect2-worktrees/research-corpus-synthesis,owner-unverified,unverified,source retained; archive from owner checkout,fleet observation only; archive from the owning checkout,foreign-owner
~/YeeBois/projects/beep-effect2-worktrees/research-corpus-synthesis/.beep/qa/round-5,checkout-qa,7909895,7954432,~/YeeBois/projects/beep-effect2-worktrees/research-corpus-synthesis,owner-unverified,unverified,source retained; archive from owner checkout,fleet observation only; archive from the owning checkout,foreign-owner
~/YeeBois/projects/beep-effect2-worktrees/research-corpus-synthesis/.beep/qa/round-relocation-final,checkout-qa,887565,897024,~/YeeBois/projects/beep-effect2-worktrees/research-corpus-synthesis,owner-unverified,unverified,source retained; archive from owner checkout,fleet observation only; archive from the owning checkout,foreign-owner
~/YeeBois/projects/beep-effect2-worktrees/research-corpus-synthesis/.beep/qa/round-6,checkout-qa,7987187,0,~/YeeBois/projects/beep-effect2-worktrees/research-corpus-synthesis,owner-unverified,unverified,source retained; archive from owner checkout,fleet observation only; archive from the owning checkout,foreign-owner
~/YeeBois/projects/beep-effect2-worktrees/research-corpus-synthesis/.beep/qa/round-6-relocation,checkout-qa,887730,0,~/YeeBois/projects/beep-effect2-worktrees/research-corpus-synthesis,owner-unverified,unverified,source retained; archive from owner checkout,fleet observation only; archive from the owning checkout,foreign-owner
~/YeeBois/projects/beep-effect2-worktrees/research-corpus-synthesis/.beep/qa/round-7,checkout-qa,7888509,0,~/YeeBois/projects/beep-effect2-worktrees/research-corpus-synthesis,owner-unverified,unverified,source retained; archive from owner checkout,fleet observation only; archive from the owning checkout,foreign-owner
~/YeeBois/projects/beep-effect2-worktrees/research-corpus-synthesis/.beep/qa/round-7-relocation,checkout-qa,887730,0,~/YeeBois/projects/beep-effect2-worktrees/research-corpus-synthesis,owner-unverified,unverified,source retained; archive from owner checkout,fleet observation only; archive from the owning checkout,foreign-owner
~/YeeBois/projects/beep-effect2-worktrees/research-corpus-synthesis/.beep/qa/round-8,checkout-qa,701763,700416,~/YeeBois/projects/beep-effect2-worktrees/research-corpus-synthesis,owner-unverified,unverified,source retained; archive from owner checkout,fleet observation only; archive from the owning checkout,foreign-owner
~/YeeBois/projects/beep-effect2-worktrees/research-corpus-synthesis/.beep/qa/round-9,checkout-qa,88435492,78409728,~/YeeBois/projects/beep-effect2-worktrees/research-corpus-synthesis,owner-unverified,unverified,source retained; archive from owner checkout,fleet observation only; archive from the owning checkout,foreign-owner
~/YeeBois/projects/beep-effect2-worktrees/research-corpus-synthesis/.beep/qa/round-10,checkout-qa,1420236,1421312,~/YeeBois/projects/beep-effect2-worktrees/research-corpus-synthesis,owner-unverified,unverified,source retained; archive from owner checkout,fleet observation only; archive from the owning checkout,foreign-owner
~/YeeBois/projects/beep-effect2-worktrees/research-corpus-synthesis/.beep/qa/round-11,checkout-qa,4982301,2596864,~/YeeBois/projects/beep-effect2-worktrees/research-corpus-synthesis,owner-unverified,unverified,source retained; archive from owner checkout,fleet observation only; archive from the owning checkout,foreign-owner
~/YeeBois/projects/beep-effect2-worktrees/research-corpus-synthesis/.beep/qa/round-12,checkout-qa,24740142,16023552,~/YeeBois/projects/beep-effect2-worktrees/research-corpus-synthesis,owner-unverified,unverified,source retained; archive from owner checkout,fleet observation only; archive from the owning checkout,foreign-owner
~/YeeBois/projects/beep-effect2-worktrees/research-corpus-synthesis/.beep/library-adapters-integration-tests.log,checkout-material,2142,0,~/YeeBois/projects/beep-effect2-worktrees/research-corpus-synthesis,owner-unverified,unverified,source retained; archive from owner checkout,fleet observation only; archive from the owning checkout,foreign-owner
~/YeeBois/projects/beep-effect2-worktrees/research-corpus-synthesis/.beep/library-live-qualification-check.ts,checkout-material,896,0,~/YeeBois/projects/beep-effect2-worktrees/research-corpus-synthesis,owner-unverified,unverified,source retained; archive from owner checkout,fleet observation only; archive from the owning checkout,foreign-owner
~/YeeBois/projects/beep-effect2-worktrees/research-corpus-synthesis/.beep/library-pr7446-diff.patch,checkout-material,0,0,~/YeeBois/projects/beep-effect2-worktrees/research-corpus-synthesis,owner-unverified,unverified,source retained; archive from owner checkout,fleet observation only; archive from the owning checkout,foreign-owner
~/YeeBois/projects/beep-effect2-worktrees/research-corpus-synthesis/.beep/library-paper-check.log,checkout-material,1396,0,~/YeeBois/projects/beep-effect2-worktrees/research-corpus-synthesis,owner-unverified,unverified,source retained; archive from owner checkout,fleet observation only; archive from the owning checkout,foreign-owner
~/YeeBois/projects/beep-effect2-worktrees/research-corpus-synthesis/.beep/library-paper-tests.log,checkout-material,271,0,~/YeeBois/projects/beep-effect2-worktrees/research-corpus-synthesis,owner-unverified,unverified,source retained; archive from owner checkout,fleet observation only; archive from the owning checkout,foreign-owner
~/YeeBois/projects/beep-effect2-worktrees/research-corpus-synthesis/.beep/library-youtube-check.ts,checkout-material,803,0,~/YeeBois/projects/beep-effect2-worktrees/research-corpus-synthesis,owner-unverified,unverified,source retained; archive from owner checkout,fleet observation only; archive from the owning checkout,foreign-owner
~/YeeBois/projects/beep-effect2-worktrees/research-corpus-synthesis/.beep/library-youtube-check.ndjson,checkout-material,2436,0,~/YeeBois/projects/beep-effect2-worktrees/research-corpus-synthesis,owner-unverified,unverified,source retained; archive from owner checkout,fleet observation only; archive from the owning checkout,foreign-owner
~/YeeBois/projects/beep-effect2-worktrees/research-corpus-synthesis/.beep/library-paper-tests-final.log,checkout-material,271,0,~/YeeBois/projects/beep-effect2-worktrees/research-corpus-synthesis,owner-unverified,unverified,source retained; archive from owner checkout,fleet observation only; archive from the owning checkout,foreign-owner
~/YeeBois/projects/beep-effect2-worktrees/research-corpus-synthesis/.beep/library-producer-final-check.log,checkout-material,30,0,~/YeeBois/projects/beep-effect2-worktrees/research-corpus-synthesis,owner-unverified,unverified,source retained; archive from owner checkout,fleet observation only; archive from the owning checkout,foreign-owner
~/YeeBois/projects/beep-effect2-worktrees/research-corpus-synthesis/.beep/library-producer-final-tests.log,checkout-material,271,0,~/YeeBois/projects/beep-effect2-worktrees/research-corpus-synthesis,owner-unverified,unverified,source retained; archive from owner checkout,fleet observation only; archive from the owning checkout,foreign-owner
~/YeeBois/projects/beep-effect2-worktrees/research-corpus-synthesis/.beep/yeet/jobs/<run-id>.log,checkout-jobs,570631,573440,~/YeeBois/projects/beep-effect2-worktrees/research-corpus-synthesis,owner-unverified,unverified,source retained; archive from owner checkout,fleet observation only; archive from the owning checkout,foreign-owner
~/YeeBois/projects/beep-effect2-worktrees/research-corpus-synthesis/.beep/yeet/jobs/<run-id>.json,checkout-jobs,2554,0,~/YeeBois/projects/beep-effect2-worktrees/research-corpus-synthesis,owner-unverified,unverified,source retained; archive from owner checkout,fleet observation only; archive from the owning checkout,foreign-owner
~/YeeBois/projects/beep-effect2-worktrees/research-corpus-synthesis/.beep/fallow,checkout-material,890527,811008,~/YeeBois/projects/beep-effect2-worktrees/research-corpus-synthesis,owner-unverified,unverified,source retained; archive from owner checkout,fleet observation only; archive from the owning checkout,foreign-owner
~/YeeBois/projects/beep-effect2-worktrees/research-corpus-synthesis/.beep/qa-walkthrough.mjs,checkout-material,6318,0,~/YeeBois/projects/beep-effect2-worktrees/research-corpus-synthesis,owner-unverified,unverified,source retained; archive from owner checkout,fleet observation only; archive from the owning checkout,foreign-owner
~/YeeBois/projects/beep-effect2-worktrees/research-shared-coverage/.beep/research-shared-coverage,checkout-material,5056855,561152,~/YeeBois/projects/beep-effect2-worktrees/research-shared-coverage,owner-unverified,unverified,source retained; archive from owner checkout,fleet observation only; archive from the owning checkout,foreign-owner
~/YeeBois/projects/beep-effect2-worktrees/yeet-rest-pr-discovery/.beep/fallow,checkout-material,451873,450560,~/YeeBois/projects/beep-effect2-worktrees/yeet-rest-pr-discovery,owner-unverified,unverified,source retained; archive from owner checkout,fleet observation only; archive from the owning checkout,foreign-owner
~/YeeBois/projects/beep-effect20/.beep/yeet/jobs/<run-id>.log,checkout-jobs,849,0,~/YeeBois/projects/beep-effect20,owner-unverified,unverified,source retained; archive from owner checkout,fleet observation only; archive from the owning checkout,foreign-owner
~/YeeBois/projects/beep-effect20/.beep/yeet/jobs/<run-id>.json,checkout-jobs,2299,0,~/YeeBois/projects/beep-effect20,owner-unverified,unverified,source retained; archive from owner checkout,fleet observation only; archive from the owning checkout,foreign-owner
~/YeeBois/projects/beep-effect20/.beep/yeet/jobs/<run-id>.log,checkout-jobs,4811240,4812800,~/YeeBois/projects/beep-effect20,owner-unverified,unverified,source retained; archive from owner checkout,fleet observation only; archive from the owning checkout,foreign-owner
~/YeeBois/projects/beep-effect20/.beep/yeet/jobs/<run-id>.log,checkout-jobs,226739,229376,~/YeeBois/projects/beep-effect20,owner-unverified,unverified,source retained; archive from owner checkout,fleet observation only; archive from the owning checkout,foreign-owner
~/YeeBois/projects/beep-effect20/.beep/yeet/jobs/<run-id>.json,checkout-jobs,2302,0,~/YeeBois/projects/beep-effect20,owner-unverified,unverified,source retained; archive from owner checkout,fleet observation only; archive from the owning checkout,foreign-owner
~/YeeBois/projects/beep-effect20/.beep/yeet/jobs/<run-id>.log,checkout-jobs,28838,32768,~/YeeBois/projects/beep-effect20,owner-unverified,unverified,source retained; archive from owner checkout,fleet observation only; archive from the owning checkout,foreign-owner
~/YeeBois/projects/beep-effect20/.beep/yeet/jobs/<run-id>.json,checkout-jobs,1922,0,~/YeeBois/projects/beep-effect20,owner-unverified,unverified,source retained; archive from owner checkout,fleet observation only; archive from the owning checkout,foreign-owner
~/YeeBois/projects/beep-effect20/.beep/yeet/jobs/<run-id>.json,checkout-jobs,1928,0,~/YeeBois/projects/beep-effect20,owner-unverified,unverified,source retained; archive from owner checkout,fleet observation only; archive from the owning checkout,foreign-owner
~/YeeBois/projects/beep-effect20/.beep/ci/jsdoc-documentation.inventory.jsonc,checkout-generated,20599646,20602880,~/YeeBois/projects/beep-effect20,owner-unverified,unverified,source retained; archive from owner checkout,fleet observation only; archive from the owning checkout,foreign-owner
~/YeeBois/projects/beep-effect20/.beep/ci/jsdoc-documentation.inventory.md,checkout-generated,362122,364544,~/YeeBois/projects/beep-effect20,owner-unverified,unverified,source retained; archive from owner checkout,fleet observation only; archive from the owning checkout,foreign-owner
~/YeeBois/projects/beep-effect20/.beep/fallow,checkout-material,392204,389120,~/YeeBois/projects/beep-effect20,owner-unverified,unverified,source retained; archive from owner checkout,fleet observation only; archive from the owning checkout,foreign-owner
~/YeeBois/projects/beep-effect20/.beep/worktrees,checkout-ledgers,0,0,~/YeeBois/projects/beep-effect20,owner-unverified,unverified,source retained; archive from owner checkout,fleet observation only; archive from the owning checkout,foreign-owner
~/YeeBois/projects/beep-effect20/.beep/bun-test-review,checkout-material,536497,528384,~/YeeBois/projects/beep-effect20,owner-unverified,unverified,source retained; archive from owner checkout,fleet observation only; archive from the owning checkout,foreign-owner
~/YeeBois/projects/beep-effect20/.beep/quality,checkout-material,0,0,~/YeeBois/projects/beep-effect20,owner-unverified,unverified,source retained; archive from owner checkout,fleet observation only; archive from the owning checkout,foreign-owner
~/YeeBois/projects/beep-effect20-worktrees/repo-cli-coverage-debt/.beep/fallow,checkout-material,387625,385024,~/YeeBois/projects/beep-effect20-worktrees/repo-cli-coverage-debt,owner-unverified,unverified,source retained; archive from owner checkout,fleet observation only; archive from the owning checkout,foreign-owner
~/YeeBois/projects/beep-effect20-worktrees/repo-cli-coverage-debt/.beep/quality,checkout-material,0,0,~/YeeBois/projects/beep-effect20-worktrees/repo-cli-coverage-debt,owner-unverified,unverified,source retained; archive from owner checkout,fleet observation only; archive from the owning checkout,foreign-owner
~/YeeBois/projects/beep-effect20-worktrees/repo-cli-coverage-debt/.beep/ci/jsdoc-documentation.inventory.jsonc,checkout-generated,20539934,20541440,~/YeeBois/projects/beep-effect20-worktrees/repo-cli-coverage-debt,owner-unverified,unverified,source retained; archive from owner checkout,fleet observation only; archive from the owning checkout,foreign-owner
~/YeeBois/projects/beep-effect20-worktrees/repo-cli-coverage-debt/.beep/ci/jsdoc-documentation.inventory.md,checkout-generated,361704,364544,~/YeeBois/projects/beep-effect20-worktrees/repo-cli-coverage-debt,owner-unverified,unverified,source retained; archive from owner checkout,fleet observation only; archive from the owning checkout,foreign-owner
~/YeeBois/projects/beep-effect20/.claude/worktrees/docs-packet-core-preclose/.beep/fallow,checkout-material,12900,12288,~/YeeBois/projects/beep-effect20/.claude/worktrees/docs-packet-core-preclose,owner-unverified,unverified,source retained; archive from owner checkout,fleet observation only; archive from the owning checkout,foreign-owner
~/YeeBois/projects/beep-effect20/.claude/worktrees/docs-packet-core-preclose/.beep/ci/jsdoc-documentation.inventory.jsonc,checkout-generated,16217554,16220160,~/YeeBois/projects/beep-effect20/.claude/worktrees/docs-packet-core-preclose,owner-unverified,unverified,source retained; archive from owner checkout,fleet observation only; archive from the owning checkout,foreign-owner
~/YeeBois/projects/beep-effect20/.claude/worktrees/docs-packet-core-preclose/.beep/ci/jsdoc-documentation.inventory.md,checkout-generated,72995,73728,~/YeeBois/projects/beep-effect20/.claude/worktrees/docs-packet-core-preclose,owner-unverified,unverified,source retained; archive from owner checkout,fleet observation only; archive from the owning checkout,foreign-owner
~/YeeBois/projects/beep-effect21/.beep/fallow,checkout-material,376124,376832,~/YeeBois/projects/beep-effect21,owner-unverified,unverified,source retained; archive from owner checkout,fleet observation only; archive from the owning checkout,foreign-owner
~/YeeBois/projects/beep-effect21/.beep/ci/jsdoc-documentation.inventory.jsonc,checkout-generated,20408089,20410368,~/YeeBois/projects/beep-effect21,owner-unverified,unverified,source retained; archive from owner checkout,fleet observation only; archive from the owning checkout,foreign-owner
~/YeeBois/projects/beep-effect21/.beep/ci/jsdoc-documentation.inventory.md,checkout-generated,360009,360448,~/YeeBois/projects/beep-effect21,owner-unverified,unverified,source retained; archive from owner checkout,fleet observation only; archive from the owning checkout,foreign-owner
~/YeeBois/projects/beep-effect21/.beep/professional-desktop,checkout-material,43084753,43081728,~/YeeBois/projects/beep-effect21,owner-unverified,unverified,source retained; archive from owner checkout,fleet observation only; archive from the owning checkout,foreign-owner
~/YeeBois/projects/beep-effect21-worktrees/residue-reap/.beep/fallow,checkout-material,27228,24576,~/YeeBois/projects/beep-effect21-worktrees/residue-reap,owner-unverified,unverified,source retained; archive from owner checkout,fleet observation only; archive from the owning checkout,foreign-owner
~/YeeBois/projects/beep-effect21-worktrees/worktree-reap/.beep/fallow,checkout-material,49877,49152,~/YeeBois/projects/beep-effect21-worktrees/worktree-reap,owner-unverified,unverified,source retained; archive from owner checkout,fleet observation only; archive from the owning checkout,foreign-owner
~/YeeBois/projects/beep-effect22/.beep/yeet/jobs/<run-id>.log,checkout-jobs,100290,102400,~/YeeBois/projects/beep-effect22,owner-unverified,unverified,source retained; archive from owner checkout,fleet observation only; archive from the owning checkout,foreign-owner
~/YeeBois/projects/beep-effect22/.beep/yeet/jobs/<run-id>.log,checkout-jobs,11825,12288,~/YeeBois/projects/beep-effect22,owner-unverified,unverified,source retained; archive from owner checkout,fleet observation only; archive from the owning checkout,foreign-owner
~/YeeBois/projects/beep-effect22/.beep/yeet/jobs/<run-id>.json,checkout-jobs,1870,0,~/YeeBois/projects/beep-effect22,owner-unverified,unverified,source retained; archive from owner checkout,fleet observation only; archive from the owning checkout,foreign-owner
~/YeeBois/projects/beep-effect22/.beep/yeet/jobs/<run-id>.json,checkout-jobs,2647,0,~/YeeBois/projects/beep-effect22,owner-unverified,unverified,source retained; archive from owner checkout,fleet observation only; archive from the owning checkout,foreign-owner
~/YeeBois/projects/beep-effect22/.beep/yeet/jobs/<run-id>.log,checkout-jobs,105,0,~/YeeBois/projects/beep-effect22,owner-unverified,unverified,source retained; archive from owner checkout,fleet observation only; archive from the owning checkout,foreign-owner
~/YeeBois/projects/beep-effect22/.beep/yeet/jobs/<run-id>.json,checkout-jobs,2479,0,~/YeeBois/projects/beep-effect22,owner-unverified,unverified,source retained; archive from owner checkout,fleet observation only; archive from the owning checkout,foreign-owner
~/YeeBois/projects/beep-effect22/.beep/yeet/jobs/<run-id>.log,checkout-jobs,3769709,3772416,~/YeeBois/projects/beep-effect22,owner-unverified,unverified,source retained; archive from owner checkout,fleet observation only; archive from the owning checkout,foreign-owner
~/YeeBois/projects/beep-effect22/.beep/yeet/jobs/<run-id>.json,checkout-jobs,2831,0,~/YeeBois/projects/beep-effect22,owner-unverified,unverified,source retained; archive from owner checkout,fleet observation only; archive from the owning checkout,foreign-owner
~/YeeBois/projects/beep-effect22/.beep/yeet/jobs/<run-id>.log,checkout-jobs,1640319,1642496,~/YeeBois/projects/beep-effect22,owner-unverified,unverified,source retained; archive from owner checkout,fleet observation only; archive from the owning checkout,foreign-owner
~/YeeBois/projects/beep-effect22/.beep/yeet/jobs/<run-id>.json,checkout-jobs,1948,0,~/YeeBois/projects/beep-effect22,owner-unverified,unverified,source retained; archive from owner checkout,fleet observation only; archive from the owning checkout,foreign-owner
~/YeeBois/projects/beep-effect22/.beep/yeet/jobs/<run-id>.log,checkout-jobs,24008,24576,~/YeeBois/projects/beep-effect22,owner-unverified,unverified,source retained; archive from owner checkout,fleet observation only; archive from the owning checkout,foreign-owner
~/YeeBois/projects/beep-effect22/.beep/yeet/jobs/<run-id>.json,checkout-jobs,1932,0,~/YeeBois/projects/beep-effect22,owner-unverified,unverified,source retained; archive from owner checkout,fleet observation only; archive from the owning checkout,foreign-owner
~/YeeBois/projects/beep-effect22/.beep/yeet/jobs/<run-id>.log,checkout-jobs,189823,192512,~/YeeBois/projects/beep-effect22,owner-unverified,unverified,source retained; archive from owner checkout,fleet observation only; archive from the owning checkout,foreign-owner
~/YeeBois/projects/beep-effect22/.beep/yeet/jobs/<run-id>.json,checkout-jobs,1943,0,~/YeeBois/projects/beep-effect22,owner-unverified,unverified,source retained; archive from owner checkout,fleet observation only; archive from the owning checkout,foreign-owner
~/YeeBois/projects/beep-effect22/.beep/fallow,checkout-material,399080,397312,~/YeeBois/projects/beep-effect22,owner-unverified,unverified,source retained; archive from owner checkout,fleet observation only; archive from the owning checkout,foreign-owner
~/YeeBois/projects/beep-effect22/.beep/ci/jsdoc-documentation.inventory.jsonc,checkout-generated,20852201,20852736,~/YeeBois/projects/beep-effect22,owner-unverified,unverified,source retained; archive from owner checkout,fleet observation only; archive from the owning checkout,foreign-owner
~/YeeBois/projects/beep-effect22/.beep/ci/jsdoc-documentation.inventory.md,checkout-generated,361244,364544,~/YeeBois/projects/beep-effect22,owner-unverified,unverified,source retained; archive from owner checkout,fleet observation only; archive from the owning checkout,foreign-owner
~/YeeBois/projects/beep-effect22/.beep/turbo-audit,checkout-material,17081985,17108992,~/YeeBois/projects/beep-effect22,owner-unverified,unverified,source retained; archive from owner checkout,fleet observation only; archive from the owning checkout,foreign-owner
~/YeeBois/projects/beep-effect22/.beep/quality,checkout-material,0,0,~/YeeBois/projects/beep-effect22,owner-unverified,unverified,source retained; archive from owner checkout,fleet observation only; archive from the owning checkout,foreign-owner
~/YeeBois/projects/beep-effect3/.beep/yeet/jobs/<run-id>.log,checkout-jobs,94021,94208,~/YeeBois/projects/beep-effect3,owner-unverified,unverified,source retained; archive from owner checkout,fleet observation only; archive from the owning checkout,foreign-owner
~/YeeBois/projects/beep-effect3/.beep/yeet/jobs/<run-id>.log,checkout-jobs,434097,434176,~/YeeBois/projects/beep-effect3,owner-unverified,unverified,source retained; archive from owner checkout,fleet observation only; archive from the owning checkout,foreign-owner
~/YeeBois/projects/beep-effect3/.beep/yeet/jobs/<run-id>.log,checkout-jobs,115205,118784,~/YeeBois/projects/beep-effect3,owner-unverified,unverified,source retained; archive from owner checkout,fleet observation only; archive from the owning checkout,foreign-owner
~/YeeBois/projects/beep-effect3/.beep/yeet/jobs/<run-id>.log,checkout-jobs,57731,61440,~/YeeBois/projects/beep-effect3,owner-unverified,unverified,source retained; archive from owner checkout,fleet observation only; archive from the owning checkout,foreign-owner
~/YeeBois/projects/beep-effect3/.beep/yeet/jobs/<run-id>.log,checkout-jobs,5824150,5824512,~/YeeBois/projects/beep-effect3,owner-unverified,unverified,source retained; archive from owner checkout,fleet observation only; archive from the owning checkout,foreign-owner
~/YeeBois/projects/beep-effect3/.beep/yeet/jobs/<run-id>.log,checkout-jobs,17763,20480,~/YeeBois/projects/beep-effect3,owner-unverified,unverified,source retained; archive from owner checkout,fleet observation only; archive from the owning checkout,foreign-owner
~/YeeBois/projects/beep-effect3/.beep/yeet/jobs/<run-id>.log,checkout-jobs,75879,77824,~/YeeBois/projects/beep-effect3,owner-unverified,unverified,source retained; archive from owner checkout,fleet observation only; archive from the owning checkout,foreign-owner
~/YeeBois/projects/beep-effect3/.beep/yeet/jobs/<run-id>.json,checkout-jobs,2107,0,~/YeeBois/projects/beep-effect3,owner-unverified,unverified,source retained; archive from owner checkout,fleet observation only; archive from the owning checkout,foreign-owner
~/YeeBois/projects/beep-effect3/.beep/yeet/jobs/<run-id>.json,checkout-jobs,2107,0,~/YeeBois/projects/beep-effect3,owner-unverified,unverified,source retained; archive from owner checkout,fleet observation only; archive from the owning checkout,foreign-owner
~/YeeBois/projects/beep-effect3/.beep/yeet/jobs/<run-id>.json,checkout-jobs,2124,0,~/YeeBois/projects/beep-effect3,owner-unverified,unverified,source retained; archive from owner checkout,fleet observation only; archive from the owning checkout,foreign-owner
~/YeeBois/projects/beep-effect3/.beep/yeet/jobs/<run-id>.json,checkout-jobs,1969,0,~/YeeBois/projects/beep-effect3,owner-unverified,unverified,source retained; archive from owner checkout,fleet observation only; archive from the owning checkout,foreign-owner
~/YeeBois/projects/beep-effect3/.beep/yeet/jobs/<run-id>.json,checkout-jobs,2122,0,~/YeeBois/projects/beep-effect3,owner-unverified,unverified,source retained; archive from owner checkout,fleet observation only; archive from the owning checkout,foreign-owner
~/YeeBois/projects/beep-effect3/.beep/yeet/jobs/<run-id>.json,checkout-jobs,2125,0,~/YeeBois/projects/beep-effect3,owner-unverified,unverified,source retained; archive from owner checkout,fleet observation only; archive from the owning checkout,foreign-owner
~/YeeBois/projects/beep-effect3/.beep/yeet/jobs/<run-id>.json,checkout-jobs,2125,0,~/YeeBois/projects/beep-effect3,owner-unverified,unverified,source retained; archive from owner checkout,fleet observation only; archive from the owning checkout,foreign-owner
~/YeeBois/projects/beep-effect3/.beep/yeet/jobs/<run-id>.log,checkout-jobs,84521,86016,~/YeeBois/projects/beep-effect3,owner-unverified,unverified,source retained; archive from owner checkout,fleet observation only; archive from the owning checkout,foreign-owner
~/YeeBois/projects/beep-effect3/.beep/yeet/jobs/<run-id>.json,checkout-jobs,1805,0,~/YeeBois/projects/beep-effect3,owner-unverified,unverified,source retained; archive from owner checkout,fleet observation only; archive from the owning checkout,foreign-owner
~/YeeBois/projects/beep-effect3/.beep/yeet/jobs/<run-id>.log,checkout-jobs,106697,110592,~/YeeBois/projects/beep-effect3,owner-unverified,unverified,source retained; archive from owner checkout,fleet observation only; archive from the owning checkout,foreign-owner
~/YeeBois/projects/beep-effect3/.beep/yeet/jobs/<run-id>.json,checkout-jobs,1797,0,~/YeeBois/projects/beep-effect3,owner-unverified,unverified,source retained; archive from owner checkout,fleet observation only; archive from the owning checkout,foreign-owner
~/YeeBois/projects/beep-effect3/.beep/yeet/jobs/<run-id>.log,checkout-jobs,102695,106496,~/YeeBois/projects/beep-effect3,owner-unverified,unverified,source retained; archive from owner checkout,fleet observation only; archive from the owning checkout,foreign-owner
~/YeeBois/projects/beep-effect3/.beep/yeet/jobs/<run-id>.json,checkout-jobs,2243,0,~/YeeBois/projects/beep-effect3,owner-unverified,unverified,source retained; archive from owner checkout,fleet observation only; archive from the owning checkout,foreign-owner
~/YeeBois/projects/beep-effect3/.beep/yeet/jobs/<run-id>.log,checkout-jobs,32188,32768,~/YeeBois/projects/beep-effect3,owner-unverified,unverified,source retained; archive from owner checkout,fleet observation only; archive from the owning checkout,foreign-owner
~/YeeBois/projects/beep-effect3/.beep/yeet/jobs/<run-id>.json,checkout-jobs,2258,0,~/YeeBois/projects/beep-effect3,owner-unverified,unverified,source retained; archive from owner checkout,fleet observation only; archive from the owning checkout,foreign-owner
~/YeeBois/projects/beep-effect3/.beep/yeet/jobs/<run-id>.log,checkout-jobs,136951,139264,~/YeeBois/projects/beep-effect3,owner-unverified,unverified,source retained; archive from owner checkout,fleet observation only; archive from the owning checkout,foreign-owner
~/YeeBois/projects/beep-effect3/.beep/yeet/jobs/<run-id>.json,checkout-jobs,2298,0,~/YeeBois/projects/beep-effect3,owner-unverified,unverified,source retained; archive from owner checkout,fleet observation only; archive from the owning checkout,foreign-owner
~/YeeBois/projects/beep-effect3/.beep/yeet/jobs/<run-id>.log,checkout-jobs,79050,81920,~/YeeBois/projects/beep-effect3,owner-unverified,unverified,source retained; archive from owner checkout,fleet observation only; archive from the owning checkout,foreign-owner
~/YeeBois/projects/beep-effect3/.beep/yeet/jobs/<run-id>.json,checkout-jobs,2104,0,~/YeeBois/projects/beep-effect3,owner-unverified,unverified,source retained; archive from owner checkout,fleet observation only; archive from the owning checkout,foreign-owner
~/YeeBois/projects/beep-effect3/.beep/yeet/jobs/<run-id>.log,checkout-jobs,280550,282624,~/YeeBois/projects/beep-effect3,owner-unverified,unverified,source retained; archive from owner checkout,fleet observation only; archive from the owning checkout,foreign-owner
~/YeeBois/projects/beep-effect3/.beep/yeet/jobs/<run-id>.json,checkout-jobs,2238,0,~/YeeBois/projects/beep-effect3,owner-unverified,unverified,source retained; archive from owner checkout,fleet observation only; archive from the owning checkout,foreign-owner
~/YeeBois/projects/beep-effect3/.beep/yeet/jobs/<run-id>.log,checkout-jobs,345865,348160,~/YeeBois/projects/beep-effect3,owner-unverified,unverified,source retained; archive from owner checkout,fleet observation only; archive from the owning checkout,foreign-owner
~/YeeBois/projects/beep-effect3/.beep/yeet/jobs/<run-id>.json,checkout-jobs,2261,0,~/YeeBois/projects/beep-effect3,owner-unverified,unverified,source retained; archive from owner checkout,fleet observation only; archive from the owning checkout,foreign-owner
~/YeeBois/projects/beep-effect3/.beep/yeet/jobs/<run-id>.log,checkout-jobs,681308,684032,~/YeeBois/projects/beep-effect3,owner-unverified,unverified,source retained; archive from owner checkout,fleet observation only; archive from the owning checkout,foreign-owner
~/YeeBois/projects/beep-effect3/.beep/yeet/jobs/<run-id>.json,checkout-jobs,2158,0,~/YeeBois/projects/beep-effect3,owner-unverified,unverified,source retained; archive from owner checkout,fleet observation only; archive from the owning checkout,foreign-owner
~/YeeBois/projects/beep-effect3/.beep/fallow,checkout-material,1445082,1454080,~/YeeBois/projects/beep-effect3,owner-unverified,unverified,source retained; archive from owner checkout,fleet observation only; archive from the owning checkout,foreign-owner
~/YeeBois/projects/beep-effect3/.beep/tmp,checkout-material,259193,241664,~/YeeBois/projects/beep-effect3,owner-unverified,unverified,source retained; archive from owner checkout,fleet observation only; archive from the owning checkout,foreign-owner
~/YeeBois/projects/beep-effect3/.beep/professional-desktop,checkout-material,39464101,39460864,~/YeeBois/projects/beep-effect3,owner-unverified,unverified,source retained; archive from owner checkout,fleet observation only; archive from the owning checkout,foreign-owner
~/YeeBois/projects/beep-effect3/.beep/ci/jsdoc-documentation.inventory.jsonc,checkout-generated,19454619,19456000,~/YeeBois/projects/beep-effect3,owner-unverified,unverified,source retained; archive from owner checkout,fleet observation only; archive from the owning checkout,foreign-owner
~/YeeBois/projects/beep-effect3/.beep/ci/jsdoc-documentation.inventory.md,checkout-generated,322467,323584,~/YeeBois/projects/beep-effect3,owner-unverified,unverified,source retained; archive from owner checkout,fleet observation only; archive from the owning checkout,foreign-owner
~/YeeBois/projects/beep-effect3/.beep/tsgo-023-inventory.md,checkout-material,18083,20480,~/YeeBois/projects/beep-effect3,owner-unverified,unverified,source retained; archive from owner checkout,fleet observation only; archive from the owning checkout,foreign-owner
~/YeeBois/projects/beep-effect3/.beep/p0-orchestration,checkout-material,351822,401408,~/YeeBois/projects/beep-effect3,owner-unverified,unverified,source retained; archive from owner checkout,fleet observation only; archive from the owning checkout,foreign-owner
~/YeeBois/projects/beep-effect3/.beep/gitleaks-report.json,checkout-material,2022,0,~/YeeBois/projects/beep-effect3,owner-unverified,unverified,source retained; archive from owner checkout,fleet observation only; archive from the owning checkout,foreign-owner
~/YeeBois/projects/beep-effect3/.beep/gitleaks-report2.json,checkout-material,2022,0,~/YeeBois/projects/beep-effect3,owner-unverified,unverified,source retained; archive from owner checkout,fleet observation only; archive from the owning checkout,foreign-owner
~/YeeBois/projects/beep-effect3/.beep/deps-green,checkout-material,107183880,110034944,~/YeeBois/projects/beep-effect3,owner-unverified,unverified,source retained; archive from owner checkout,fleet observation only; archive from the owning checkout,foreign-owner
~/YeeBois/projects/beep-effect3/.beep/quality,checkout-material,254,0,~/YeeBois/projects/beep-effect3,owner-unverified,unverified,source retained; archive from owner checkout,fleet observation only; archive from the owning checkout,foreign-owner
~/YeeBois/projects/beep-effect3-worktrees/ksa-goals-projection/.beep/fallow,checkout-material,482140,479232,~/YeeBois/projects/beep-effect3-worktrees/ksa-goals-projection,owner-unverified,unverified,source retained; archive from owner checkout,fleet observation only; archive from the owning checkout,foreign-owner
~/YeeBois/projects/beep-effect3-worktrees/per-module-imports-ci-followup/.beep/fallow,checkout-material,477609,475136,~/YeeBois/projects/beep-effect3-worktrees/per-module-imports-ci-followup,owner-unverified,unverified,source retained; archive from owner checkout,fleet observation only; archive from the owning checkout,foreign-owner
~/YeeBois/projects/beep-effect3-worktrees/rsc-a-retire/.beep/rsc-a,checkout-material,5545794,5632000,~/YeeBois/projects/beep-effect3-worktrees/rsc-a-retire,owner-unverified,unverified,source retained; archive from owner checkout,fleet observation only; archive from the owning checkout,foreign-owner
~/YeeBois/projects/beep-effect3-worktrees/rsc-a-retire/.beep/cache,checkout-material,23,0,~/YeeBois/projects/beep-effect3-worktrees/rsc-a-retire,owner-unverified,unverified,source retained; archive from owner checkout,fleet observation only; archive from the owning checkout,foreign-owner
~/YeeBois/projects/beep-effect3-worktrees/rsc-a-retire/.beep/fallow,checkout-material,530005,532480,~/YeeBois/projects/beep-effect3-worktrees/rsc-a-retire,owner-unverified,unverified,source retained; archive from owner checkout,fleet observation only; archive from the owning checkout,foreign-owner
~/YeeBois/projects/beep-effect3-worktrees/rsc-a-retire/.beep/ci/jsdoc-documentation.inventory.jsonc,checkout-generated,19407939,19410944,~/YeeBois/projects/beep-effect3-worktrees/rsc-a-retire,owner-unverified,unverified,source retained; archive from owner checkout,fleet observation only; archive from the owning checkout,foreign-owner
~/YeeBois/projects/beep-effect3-worktrees/rsc-a-retire/.beep/ci/jsdoc-documentation.inventory.md,checkout-generated,175256,176128,~/YeeBois/projects/beep-effect3-worktrees/rsc-a-retire,owner-unverified,unverified,source retained; archive from owner checkout,fleet observation only; archive from the owning checkout,foreign-owner
~/YeeBois/projects/beep-effect3-worktrees/rsc-c-scripts/.beep/rsc-c-cache-before.log,checkout-material,134,0,~/YeeBois/projects/beep-effect3-worktrees/rsc-c-scripts,owner-unverified,unverified,source retained; archive from owner checkout,fleet observation only; archive from the owning checkout,foreign-owner
~/YeeBois/projects/beep-effect3-worktrees/rsc-c-scripts/.beep/rsc-c-cache-after.log,checkout-material,1589,0,~/YeeBois/projects/beep-effect3-worktrees/rsc-c-scripts,owner-unverified,unverified,source retained; archive from owner checkout,fleet observation only; archive from the owning checkout,foreign-owner
~/YeeBois/projects/beep-effect3-worktrees/rsc-c-scripts/.beep/rsc-c-package-verify.log,checkout-material,38505,40960,~/YeeBois/projects/beep-effect3-worktrees/rsc-c-scripts,owner-unverified,unverified,source retained; archive from owner checkout,fleet observation only; archive from the owning checkout,foreign-owner
~/YeeBois/projects/beep-effect3-worktrees/rsc-c-scripts/.beep/rsc-secret-mapping.txt,checkout-material,973,0,~/YeeBois/projects/beep-effect3-worktrees/rsc-c-scripts,owner-unverified,unverified,source retained; archive from owner checkout,fleet observation only; archive from the owning checkout,foreign-owner
~/YeeBois/projects/beep-effect3-worktrees/rsc-c-scripts/.beep/rsc-c-focused-ports.log,checkout-material,8196,12288,~/YeeBois/projects/beep-effect3-worktrees/rsc-c-scripts,owner-unverified,unverified,source retained; archive from owner checkout,fleet observation only; archive from the owning checkout,foreign-owner
~/YeeBois/projects/beep-effect3-worktrees/rsc-c-scripts/.beep/rsc-c-cache-review.json,checkout-material,728,0,~/YeeBois/projects/beep-effect3-worktrees/rsc-c-scripts,owner-unverified,unverified,source retained; archive from owner checkout,fleet observation only; archive from the owning checkout,foreign-owner
~/YeeBois/projects/beep-effect3-worktrees/rsc-c-scripts/.beep/cache,checkout-material,23,0,~/YeeBois/projects/beep-effect3-worktrees/rsc-c-scripts,owner-unverified,unverified,source retained; archive from owner checkout,fleet observation only; archive from the owning checkout,foreign-owner
~/YeeBois/projects/beep-effect3-worktrees/rsc-c-scripts/.beep/rsc-c-knowledge-check.log,checkout-material,512817,516096,~/YeeBois/projects/beep-effect3-worktrees/rsc-c-scripts,owner-unverified,unverified,source retained; archive from owner checkout,fleet observation only; archive from the owning checkout,foreign-owner
~/YeeBois/projects/beep-effect3-worktrees/rsc-c-scripts/.beep/rsc-c-onnx-proof.log,checkout-material,301,0,~/YeeBois/projects/beep-effect3-worktrees/rsc-c-scripts,owner-unverified,unverified,source retained; archive from owner checkout,fleet observation only; archive from the owning checkout,foreign-owner
~/YeeBois/projects/beep-effect3-worktrees/rsc-c-scripts/.beep/rsc-c-test-tsgo.log,checkout-material,37809,40960,~/YeeBois/projects/beep-effect3-worktrees/rsc-c-scripts,owner-unverified,unverified,source retained; archive from owner checkout,fleet observation only; archive from the owning checkout,foreign-owner
~/YeeBois/projects/beep-effect3-worktrees/rsc-c-scripts/.beep/rsc-c-docgen.log,checkout-material,506,0,~/YeeBois/projects/beep-effect3-worktrees/rsc-c-scripts,owner-unverified,unverified,source retained; archive from owner checkout,fleet observation only; archive from the owning checkout,foreign-owner
~/YeeBois/projects/beep-effect3-worktrees/rsc-c-scripts/.beep/rsc-c-jsdoc-ratchet.log,checkout-material,5363,8192,~/YeeBois/projects/beep-effect3-worktrees/rsc-c-scripts,owner-unverified,unverified,source retained; archive from owner checkout,fleet observation only; archive from the owning checkout,foreign-owner
~/YeeBois/projects/beep-effect3-worktrees/rsc-c-scripts/.beep/rsc-c-fallow-audit.log,checkout-material,1448,0,~/YeeBois/projects/beep-effect3-worktrees/rsc-c-scripts,owner-unverified,unverified,source retained; archive from owner checkout,fleet observation only; archive from the owning checkout,foreign-owner
~/YeeBois/projects/beep-effect3-worktrees/rsc-c-scripts/.beep/rsc-c-fallow-health.log,checkout-material,1295,0,~/YeeBois/projects/beep-effect3-worktrees/rsc-c-scripts,owner-unverified,unverified,source retained; archive from owner checkout,fleet observation only; archive from the owning checkout,foreign-owner
~/YeeBois/projects/beep-effect3-worktrees/rsc-c-scripts/.beep/rsc-c-lint-policy.log,checkout-material,12953,16384,~/YeeBois/projects/beep-effect3-worktrees/rsc-c-scripts,owner-unverified,unverified,source retained; archive from owner checkout,fleet observation only; archive from the owning checkout,foreign-owner
~/YeeBois/projects/beep-effect3-worktrees/rsc-c-scripts/.beep/rsc-c-graft-fixtures.log,checkout-material,2423,0,~/YeeBois/projects/beep-effect3-worktrees/rsc-c-scripts,owner-unverified,unverified,source retained; archive from owner checkout,fleet observation only; archive from the owning checkout,foreign-owner
~/YeeBois/projects/beep-effect3-worktrees/rsc-c-scripts/.beep/rsc-c-ci-graft.txt,checkout-material,10538,12288,~/YeeBois/projects/beep-effect3-worktrees/rsc-c-scripts,owner-unverified,unverified,source retained; archive from owner checkout,fleet observation only; archive from the owning checkout,foreign-owner
~/YeeBois/projects/beep-effect3-worktrees/rsc-c-scripts/.beep/rsc-c-removed-callers.txt,checkout-material,587,0,~/YeeBois/projects/beep-effect3-worktrees/rsc-c-scripts,owner-unverified,unverified,source retained; archive from owner checkout,fleet observation only; archive from the owning checkout,foreign-owner
~/YeeBois/projects/beep-effect3-worktrees/rsc-c-scripts/.beep/rsc-c-publish-plan.json,checkout-material,14105,16384,~/YeeBois/projects/beep-effect3-worktrees/rsc-c-scripts,owner-unverified,unverified,source retained; archive from owner checkout,fleet observation only; archive from the owning checkout,foreign-owner
~/YeeBois/projects/beep-effect3-worktrees/rsc-c-scripts/.beep/rsc-c-publish.log,checkout-material,34254,36864,~/YeeBois/projects/beep-effect3-worktrees/rsc-c-scripts,owner-unverified,unverified,source retained; archive from owner checkout,fleet observation only; archive from the owning checkout,foreign-owner
~/YeeBois/projects/beep-effect3-worktrees/rsc-c-scripts/.beep/fallow,checkout-material,483561,491520,~/YeeBois/projects/beep-effect3-worktrees/rsc-c-scripts,owner-unverified,unverified,source retained; archive from owner checkout,fleet observation only; archive from the owning checkout,foreign-owner
~/YeeBois/projects/beep-effect3-worktrees/rsc-c-scripts/.beep/ci/jsdoc-documentation.inventory.jsonc,checkout-generated,19427704,19431424,~/YeeBois/projects/beep-effect3-worktrees/rsc-c-scripts,owner-unverified,unverified,source retained; archive from owner checkout,fleet observation only; archive from the owning checkout,foreign-owner
~/YeeBois/projects/beep-effect3-worktrees/rsc-c-scripts/.beep/ci/jsdoc-documentation.inventory.md,checkout-generated,175256,176128,~/YeeBois/projects/beep-effect3-worktrees/rsc-c-scripts,owner-unverified,unverified,source retained; archive from owner checkout,fleet observation only; archive from the owning checkout,foreign-owner
~/YeeBois/projects/beep-effect3-worktrees/rsc-c-scripts/.beep/rsc-c-run2-focused.log,checkout-material,1513,0,~/YeeBois/projects/beep-effect3-worktrees/rsc-c-scripts,owner-unverified,unverified,source retained; archive from owner checkout,fleet observation only; archive from the owning checkout,foreign-owner
~/YeeBois/projects/beep-effect3-worktrees/rsc-c-scripts/.beep/rsc-c-run2-package.log,checkout-material,36092,36864,~/YeeBois/projects/beep-effect3-worktrees/rsc-c-scripts,owner-unverified,unverified,source retained; archive from owner checkout,fleet observation only; archive from the owning checkout,foreign-owner
~/YeeBois/projects/beep-effect3-worktrees/rsc-c-scripts/.beep/rsc-c-run2-parity.log,checkout-material,18262,20480,~/YeeBois/projects/beep-effect3-worktrees/rsc-c-scripts,owner-unverified,unverified,source retained; archive from owner checkout,fleet observation only; archive from the owning checkout,foreign-owner
~/YeeBois/projects/beep-effect3-worktrees/rsc-c-scripts/.beep/rsc-c-run2-batch.log,checkout-material,0,0,~/YeeBois/projects/beep-effect3-worktrees/rsc-c-scripts,owner-unverified,unverified,source retained; archive from owner checkout,fleet observation only; archive from the owning checkout,foreign-owner
~/YeeBois/projects/beep-effect3-worktrees/rsc-c-scripts/.beep/rsc-c-run2-tsgo.log,checkout-material,1835,0,~/YeeBois/projects/beep-effect3-worktrees/rsc-c-scripts,owner-unverified,unverified,source retained; archive from owner checkout,fleet observation only; archive from the owning checkout,foreign-owner
~/YeeBois/projects/beep-effect3-worktrees/rsc-c-scripts/.beep/rsc-c-run2-fixtures.log,checkout-material,589,0,~/YeeBois/projects/beep-effect3-worktrees/rsc-c-scripts,owner-unverified,unverified,source retained; archive from owner checkout,fleet observation only; archive from the owning checkout,foreign-owner
~/YeeBois/projects/beep-effect3-worktrees/rsc-c-scripts/.beep/rsc-c-run2-fallow-audit.log,checkout-material,881,0,~/YeeBois/projects/beep-effect3-worktrees/rsc-c-scripts,owner-unverified,unverified,source retained; archive from owner checkout,fleet observation only; archive from the owning checkout,foreign-owner
~/YeeBois/projects/beep-effect3-worktrees/rsc-c-scripts/.beep/rsc-c-run2-fallow-health.log,checkout-material,668,0,~/YeeBois/projects/beep-effect3-worktrees/rsc-c-scripts,owner-unverified,unverified,source retained; archive from owner checkout,fleet observation only; archive from the owning checkout,foreign-owner
~/YeeBois/projects/beep-effect3-worktrees/rsc-c-scripts/.beep/rsc-c-run2-results.txt,checkout-material,54,0,~/YeeBois/projects/beep-effect3-worktrees/rsc-c-scripts,owner-unverified,unverified,source retained; archive from owner checkout,fleet observation only; archive from the owning checkout,foreign-owner
~/YeeBois/projects/beep-effect3-worktrees/rsc-c-scripts/.beep/rsc-c-run2-knowledge.log,checkout-material,524446,528384,~/YeeBois/projects/beep-effect3-worktrees/rsc-c-scripts,owner-unverified,unverified,source retained; archive from owner checkout,fleet observation only; archive from the owning checkout,foreign-owner
~/YeeBois/projects/beep-effect3-worktrees/rsc-c-scripts/.beep/rsc-c-merge,checkout-material,1212072,1253376,~/YeeBois/projects/beep-effect3-worktrees/rsc-c-scripts,owner-unverified,unverified,source retained; archive from owner checkout,fleet observation only; archive from the owning checkout,foreign-owner
~/YeeBois/projects/beep-effect3-worktrees/rsc-c-scripts/.beep/rsc-c-run2-final-batch.log,checkout-material,38,0,~/YeeBois/projects/beep-effect3-worktrees/rsc-c-scripts,owner-unverified,unverified,source retained; archive from owner checkout,fleet observation only; archive from the owning checkout,foreign-owner
~/YeeBois/projects/beep-effect3-worktrees/rsc-c-scripts/.beep/rsc-c-run2-publish-plan.json,checkout-material,14105,16384,~/YeeBois/projects/beep-effect3-worktrees/rsc-c-scripts,owner-unverified,unverified,source retained; archive from owner checkout,fleet observation only; archive from the owning checkout,foreign-owner
~/YeeBois/projects/beep-effect3-worktrees/rsc-c-scripts/.beep/rsc-c-run2-tsgo-final.log,checkout-material,819,0,~/YeeBois/projects/beep-effect3-worktrees/rsc-c-scripts,owner-unverified,unverified,source retained; archive from owner checkout,fleet observation only; archive from the owning checkout,foreign-owner
~/YeeBois/projects/beep-effect3-worktrees/rsc-c-scripts/.beep/rsc-c-run2-docgen-scoped.log,checkout-material,2320,0,~/YeeBois/projects/beep-effect3-worktrees/rsc-c-scripts,owner-unverified,unverified,source retained; archive from owner checkout,fleet observation only; archive from the owning checkout,foreign-owner
~/YeeBois/projects/beep-effect3-worktrees/rsc-c-scripts/.beep/rsc-c-run2-audit-fixes-batch.log,checkout-material,38,0,~/YeeBois/projects/beep-effect3-worktrees/rsc-c-scripts,owner-unverified,unverified,source retained; archive from owner checkout,fleet observation only; archive from the owning checkout,foreign-owner
~/YeeBois/projects/beep-effect3-worktrees/rsc-c-scripts/.beep/rsc-c-run2-audit-fixes.log,checkout-material,489,0,~/YeeBois/projects/beep-effect3-worktrees/rsc-c-scripts,owner-unverified,unverified,source retained; archive from owner checkout,fleet observation only; archive from the owning checkout,foreign-owner
~/YeeBois/projects/beep-effect3-worktrees/rsc-c-scripts/.beep/rsc-c-run2-publish.log,checkout-material,38,0,~/YeeBois/projects/beep-effect3-worktrees/rsc-c-scripts,owner-unverified,unverified,source retained; archive from owner checkout,fleet observation only; archive from the owning checkout,foreign-owner
~/YeeBois/projects/beep-effect3-worktrees/rsc-c-scripts/.beep/rsc-c-run2-tsgo-corrected.log,checkout-material,210,0,~/YeeBois/projects/beep-effect3-worktrees/rsc-c-scripts,owner-unverified,unverified,source retained; archive from owner checkout,fleet observation only; archive from the owning checkout,foreign-owner
~/YeeBois/projects/beep-effect3-worktrees/rsc-c-scripts/.beep/rsc-c-run2-audit-fixes-results.txt,checkout-material,26,0,~/YeeBois/projects/beep-effect3-worktrees/rsc-c-scripts,owner-unverified,unverified,source retained; archive from owner checkout,fleet observation only; archive from the owning checkout,foreign-owner
~/YeeBois/projects/beep-effect3-worktrees/rsc-c-scripts/.beep/rsc-c-run2-knowledge-final.log,checkout-material,524091,524288,~/YeeBois/projects/beep-effect3-worktrees/rsc-c-scripts,owner-unverified,unverified,source retained; archive from owner checkout,fleet observation only; archive from the owning checkout,foreign-owner
~/YeeBois/projects/beep-effect3-worktrees/rsc-c-scripts/.beep/rsc-c-run2-package-final-batch.log,checkout-material,38,0,~/YeeBois/projects/beep-effect3-worktrees/rsc-c-scripts,owner-unverified,unverified,source retained; archive from owner checkout,fleet observation only; archive from the owning checkout,foreign-owner
~/YeeBois/projects/beep-effect3-worktrees/rsc-c-scripts/.beep/rsc-c-run3-docgen.log,checkout-material,2733,0,~/YeeBois/projects/beep-effect3-worktrees/rsc-c-scripts,owner-unverified,unverified,source retained; archive from owner checkout,fleet observation only; archive from the owning checkout,foreign-owner
~/YeeBois/projects/beep-effect3-worktrees/rsc-c-scripts/.beep/rsc-c-run3-docgen-result.txt,checkout-material,15,0,~/YeeBois/projects/beep-effect3-worktrees/rsc-c-scripts,owner-unverified,unverified,source retained; archive from owner checkout,fleet observation only; archive from the owning checkout,foreign-owner
~/YeeBois/projects/beep-effect3-worktrees/rsc-c-scripts/.beep/rsc-c-run3-package.log,checkout-material,167,0,~/YeeBois/projects/beep-effect3-worktrees/rsc-c-scripts,owner-unverified,unverified,source retained; archive from owner checkout,fleet observation only; archive from the owning checkout,foreign-owner
~/YeeBois/projects/beep-effect3-worktrees/rsc-c-scripts/.beep/rsc-c-run3-cache.log,checkout-material,292,0,~/YeeBois/projects/beep-effect3-worktrees/rsc-c-scripts,owner-unverified,unverified,source retained; archive from owner checkout,fleet observation only; archive from the owning checkout,foreign-owner
~/YeeBois/projects/beep-effect3-worktrees/rsc-c-scripts/.beep/rsc-c-run3-tsgo.log,checkout-material,210,0,~/YeeBois/projects/beep-effect3-worktrees/rsc-c-scripts,owner-unverified,unverified,source retained; archive from owner checkout,fleet observation only; archive from the owning checkout,foreign-owner
~/YeeBois/projects/beep-effect3-worktrees/rsc-c-scripts/.beep/rsc-c-run3-cache-result.txt,checkout-material,28,0,~/YeeBois/projects/beep-effect3-worktrees/rsc-c-scripts,owner-unverified,unverified,source retained; archive from owner checkout,fleet observation only; archive from the owning checkout,foreign-owner
~/YeeBois/projects/beep-effect3-worktrees/rsc-c-scripts/.beep/rsc-c-run3-package-final.log,checkout-material,250,0,~/YeeBois/projects/beep-effect3-worktrees/rsc-c-scripts,owner-unverified,unverified,source retained; archive from owner checkout,fleet observation only; archive from the owning checkout,foreign-owner
~/YeeBois/projects/beep-effect3-worktrees/rsc-c-scripts/.beep/rsc-c-run3-publish-plan.json,checkout-material,14082,16384,~/YeeBois/projects/beep-effect3-worktrees/rsc-c-scripts,owner-unverified,unverified,source retained; archive from owner checkout,fleet observation only; archive from the owning checkout,foreign-owner
~/YeeBois/projects/beep-effect3-worktrees/rsc-c-scripts/.beep/rsc-c-run3-removed-callers.txt,checkout-material,505,0,~/YeeBois/projects/beep-effect3-worktrees/rsc-c-scripts,owner-unverified,unverified,source retained; archive from owner checkout,fleet observation only; archive from the owning checkout,foreign-owner
~/YeeBois/projects/beep-effect3-worktrees/rsc-c-scripts/.beep/rsc-c-run3-cache-final.log,checkout-material,258,0,~/YeeBois/projects/beep-effect3-worktrees/rsc-c-scripts,owner-unverified,unverified,source retained; archive from owner checkout,fleet observation only; archive from the owning checkout,foreign-owner
~/YeeBois/projects/beep-effect3-worktrees/rsc-c-scripts/.beep/rsc-c-run3-cache-final-result.txt,checkout-material,16,0,~/YeeBois/projects/beep-effect3-worktrees/rsc-c-scripts,owner-unverified,unverified,source retained; archive from owner checkout,fleet observation only; archive from the owning checkout,foreign-owner
~/YeeBois/projects/beep-effect3-worktrees/rsc-c-scripts/.beep/rsc-c-run3-package-final-result.txt,checkout-material,17,0,~/YeeBois/projects/beep-effect3-worktrees/rsc-c-scripts,owner-unverified,unverified,source retained; archive from owner checkout,fleet observation only; archive from the owning checkout,foreign-owner
~/YeeBois/projects/beep-effect3-worktrees/rsc-c-scripts/.beep/rsc-c-run3-lint-policy.log,checkout-material,789796,790528,~/YeeBois/projects/beep-effect3-worktrees/rsc-c-scripts,owner-unverified,unverified,source retained; archive from owner checkout,fleet observation only; archive from the owning checkout,foreign-owner
~/YeeBois/projects/beep-effect3-worktrees/rsc-c-scripts/.beep/rsc-c-run3-lint-policy-findings.txt,checkout-material,12925,16384,~/YeeBois/projects/beep-effect3-worktrees/rsc-c-scripts,owner-unverified,unverified,source retained; archive from owner checkout,fleet observation only; archive from the owning checkout,foreign-owner
~/YeeBois/projects/beep-effect3-worktrees/rsc-c-scripts/.beep/rsc-c-run3-policy-details.txt,checkout-material,129274,131072,~/YeeBois/projects/beep-effect3-worktrees/rsc-c-scripts,owner-unverified,unverified,source retained; archive from owner checkout,fleet observation only; archive from the owning checkout,foreign-owner
~/YeeBois/projects/beep-effect3-worktrees/rsc-c-scripts/.beep/rsc-c-run3-postfix.sh,checkout-material,876,0,~/YeeBois/projects/beep-effect3-worktrees/rsc-c-scripts,owner-unverified,unverified,source retained; archive from owner checkout,fleet observation only; archive from the owning checkout,foreign-owner
~/YeeBois/projects/beep-effect3-worktrees/rsc-c-scripts/.beep/rsc-c-run3-lint-policy-result.txt,checkout-material,52,0,~/YeeBois/projects/beep-effect3-worktrees/rsc-c-scripts,owner-unverified,unverified,source retained; archive from owner checkout,fleet observation only; archive from the owning checkout,foreign-owner
~/YeeBois/projects/beep-effect3-worktrees/rsc-c-scripts/.beep/rsc-c-run3-postfix-fixtures.log,checkout-material,113,0,~/YeeBois/projects/beep-effect3-worktrees/rsc-c-scripts,owner-unverified,unverified,source retained; archive from owner checkout,fleet observation only; archive from the owning checkout,foreign-owner
~/YeeBois/projects/beep-effect3-worktrees/rsc-c-scripts/.beep/rsc-c-run3-postfix-result.txt,checkout-material,49,0,~/YeeBois/projects/beep-effect3-worktrees/rsc-c-scripts,owner-unverified,unverified,source retained; archive from owner checkout,fleet observation only; archive from the owning checkout,foreign-owner
~/YeeBois/projects/beep-effect3-worktrees/rsc-c-scripts/.beep/rsc-c-run4-postfix.sh,checkout-material,900,0,~/YeeBois/projects/beep-effect3-worktrees/rsc-c-scripts,owner-unverified,unverified,source retained; archive from owner checkout,fleet observation only; archive from the owning checkout,foreign-owner
~/YeeBois/projects/beep-effect3-worktrees/rsc-c-scripts/.beep/rsc-c-run4-architecture.json,checkout-material,147917,151552,~/YeeBois/projects/beep-effect3-worktrees/rsc-c-scripts,owner-unverified,unverified,source retained; archive from owner checkout,fleet observation only; archive from the owning checkout,foreign-owner
~/YeeBois/projects/beep-effect3-worktrees/rsc-c-scripts/.beep/rsc-c-run4-script-owner.log,checkout-material,133,0,~/YeeBois/projects/beep-effect3-worktrees/rsc-c-scripts,owner-unverified,unverified,source retained; archive from owner checkout,fleet observation only; archive from the owning checkout,foreign-owner
~/YeeBois/projects/beep-effect3-worktrees/rsc-c-scripts/.beep/rsc-c-run4-cache-owner.log,checkout-material,113,0,~/YeeBois/projects/beep-effect3-worktrees/rsc-c-scripts,owner-unverified,unverified,source retained; archive from owner checkout,fleet observation only; archive from the owning checkout,foreign-owner
~/YeeBois/projects/beep-effect3-worktrees/rsc-c-scripts/.beep/rsc-c-run4-help.log,checkout-material,1565,0,~/YeeBois/projects/beep-effect3-worktrees/rsc-c-scripts,owner-unverified,unverified,source retained; archive from owner checkout,fleet observation only; archive from the owning checkout,foreign-owner
~/YeeBois/projects/beep-effect3-worktrees/rsc-c-scripts/.beep/rsc-c-run4-parity.sh,checkout-material,917,0,~/YeeBois/projects/beep-effect3-worktrees/rsc-c-scripts,owner-unverified,unverified,source retained; archive from owner checkout,fleet observation only; archive from the owning checkout,foreign-owner
~/YeeBois/projects/beep-effect3-worktrees/rsc-c-scripts/.beep/rsc-c-run4-resource-smoke.log,checkout-material,83,0,~/YeeBois/projects/beep-effect3-worktrees/rsc-c-scripts,owner-unverified,unverified,source retained; archive from owner checkout,fleet observation only; archive from the owning checkout,foreign-owner
~/YeeBois/projects/beep-effect3-worktrees/rsc-c-scripts/.beep/rsc-c-run4-resource-success.log,checkout-material,529,0,~/YeeBois/projects/beep-effect3-worktrees/rsc-c-scripts,owner-unverified,unverified,source retained; archive from owner checkout,fleet observation only; archive from the owning checkout,foreign-owner
~/YeeBois/projects/beep-effect3-worktrees/rsc-c-scripts/.beep/rsc-c-run4-parity-tsgo.log,checkout-material,7541,8192,~/YeeBois/projects/beep-effect3-worktrees/rsc-c-scripts,owner-unverified,unverified,source retained; archive from owner checkout,fleet observation only; archive from the owning checkout,foreign-owner
~/YeeBois/projects/beep-effect3-worktrees/rsc-c-scripts/.beep/rsc-c-run4-signal-smoke.log,checkout-material,564,0,~/YeeBois/projects/beep-effect3-worktrees/rsc-c-scripts,owner-unverified,unverified,source retained; archive from owner checkout,fleet observation only; archive from the owning checkout,foreign-owner
~/YeeBois/projects/beep-effect3-worktrees/rsc-c-scripts/.beep/rsc-c-run4-parity-result.txt,checkout-material,72,0,~/YeeBois/projects/beep-effect3-worktrees/rsc-c-scripts,owner-unverified,unverified,source retained; archive from owner checkout,fleet observation only; archive from the owning checkout,foreign-owner
~/YeeBois/projects/beep-effect3-worktrees/rsc-c-scripts/.beep/rsc-c-run4-parity-docgen.log,checkout-material,468,0,~/YeeBois/projects/beep-effect3-worktrees/rsc-c-scripts,owner-unverified,unverified,source retained; archive from owner checkout,fleet observation only; archive from the owning checkout,foreign-owner
~/YeeBois/projects/beep-effect3-worktrees/rsc-c-scripts/.beep/rsc-c-run4-parity-jsdoc.log,checkout-material,5321,8192,~/YeeBois/projects/beep-effect3-worktrees/rsc-c-scripts,owner-unverified,unverified,source retained; archive from owner checkout,fleet observation only; archive from the owning checkout,foreign-owner
~/YeeBois/projects/beep-effect3-worktrees/rsc-c-scripts/.beep/rsc-c-run4-sigint-smoke.log,checkout-material,532,0,~/YeeBois/projects/beep-effect3-worktrees/rsc-c-scripts,owner-unverified,unverified,source retained; archive from owner checkout,fleet observation only; archive from the owning checkout,foreign-owner
~/YeeBois/projects/beep-effect3-worktrees/rsc-c-scripts/.beep/rsc-c-run4-fingerprint-owner.log,checkout-material,110,0,~/YeeBois/projects/beep-effect3-worktrees/rsc-c-scripts,owner-unverified,unverified,source retained; archive from owner checkout,fleet observation only; archive from the owning checkout,foreign-owner
~/YeeBois/projects/beep-effect3-worktrees/rsc-c-scripts/.beep/rsc-c-run4-postfix-fixtures.log,checkout-material,6890,8192,~/YeeBois/projects/beep-effect3-worktrees/rsc-c-scripts,owner-unverified,unverified,source retained; archive from owner checkout,fleet observation only; archive from the owning checkout,foreign-owner
~/YeeBois/projects/beep-effect3-worktrees/rsc-c-scripts/.beep/rsc-c-run4-biome.log,checkout-material,42,0,~/YeeBois/projects/beep-effect3-worktrees/rsc-c-scripts,owner-unverified,unverified,source retained; archive from owner checkout,fleet observation only; archive from the owning checkout,foreign-owner
~/YeeBois/projects/beep-effect3-worktrees/rsc-c-scripts/.beep/rsc-c-run4-postfix-tsgo.log,checkout-material,210,0,~/YeeBois/projects/beep-effect3-worktrees/rsc-c-scripts,owner-unverified,unverified,source retained; archive from owner checkout,fleet observation only; archive from the owning checkout,foreign-owner
~/YeeBois/projects/beep-effect3-worktrees/rsc-c-scripts/.beep/rsc-c-run4-postfix-quick.log,checkout-material,23033,24576,~/YeeBois/projects/beep-effect3-worktrees/rsc-c-scripts,owner-unverified,unverified,source retained; archive from owner checkout,fleet observation only; archive from the owning checkout,foreign-owner
~/YeeBois/projects/beep-effect3-worktrees/rsc-c-scripts/.beep/rsc-c-run4-vitest-scan.log,checkout-material,386,0,~/YeeBois/projects/beep-effect3-worktrees/rsc-c-scripts,owner-unverified,unverified,source retained; archive from owner checkout,fleet observation only; archive from the owning checkout,foreign-owner
~/YeeBois/projects/beep-effect3-worktrees/rsc-c-scripts/.beep/rsc-c-run4-vitest-rows.json,checkout-material,2795626,2863104,~/YeeBois/projects/beep-effect3-worktrees/rsc-c-scripts,owner-unverified,unverified,source retained; archive from owner checkout,fleet observation only; archive from the owning checkout,foreign-owner
~/YeeBois/projects/beep-effect3-worktrees/rsc-c-scripts/.beep/rsc-c-run4-vitest-result.txt,checkout-material,21,0,~/YeeBois/projects/beep-effect3-worktrees/rsc-c-scripts,owner-unverified,unverified,source retained; archive from owner checkout,fleet observation only; archive from the owning checkout,foreign-owner
~/YeeBois/projects/beep-effect3-worktrees/rsc-c-scripts/.beep/rsc-c-run4-postfix-result.txt,checkout-material,39,0,~/YeeBois/projects/beep-effect3-worktrees/rsc-c-scripts,owner-unverified,unverified,source retained; archive from owner checkout,fleet observation only; archive from the owning checkout,foreign-owner
~/YeeBois/projects/beep-effect3-worktrees/rsc-c-scripts/.beep/rsc-c-run4-inbox.json,checkout-material,2868,0,~/YeeBois/projects/beep-effect3-worktrees/rsc-c-scripts,owner-unverified,unverified,source retained; archive from owner checkout,fleet observation only; archive from the owning checkout,foreign-owner
~/YeeBois/projects/beep-effect3-worktrees/rsc-c-scripts/.beep/rsc-c-run4-parity-knowledge.log,checkout-material,524010,524288,~/YeeBois/projects/beep-effect3-worktrees/rsc-c-scripts,owner-unverified,unverified,source retained; archive from owner checkout,fleet observation only; archive from the owning checkout,foreign-owner
~/YeeBois/projects/beep-effect3-worktrees/rsc-c-scripts/.beep/rsc-c-run4-tsconfig-owner.log,checkout-material,129,0,~/YeeBois/projects/beep-effect3-worktrees/rsc-c-scripts,owner-unverified,unverified,source retained; archive from owner checkout,fleet observation only; archive from the owning checkout,foreign-owner
~/YeeBois/projects/beep-effect3-worktrees/rsc-c-scripts/.beep/rsc-c-run4-parity-fallow-audit.log,checkout-material,1448,0,~/YeeBois/projects/beep-effect3-worktrees/rsc-c-scripts,owner-unverified,unverified,source retained; archive from owner checkout,fleet observation only; archive from the owning checkout,foreign-owner
~/YeeBois/projects/beep-effect3-worktrees/rsc-c-scripts/.beep/rsc-c-run4-parity-fallow-health.log,checkout-material,1001,0,~/YeeBois/projects/beep-effect3-worktrees/rsc-c-scripts,owner-unverified,unverified,source retained; archive from owner checkout,fleet observation only; archive from the owning checkout,foreign-owner
~/YeeBois/projects/beep-effect3-worktrees/rsc-c-scripts/.beep/rsc-c-run4-final-qualification.sh,checkout-material,1071,0,~/YeeBois/projects/beep-effect3-worktrees/rsc-c-scripts,owner-unverified,unverified,source retained; archive from owner checkout,fleet observation only; archive from the owning checkout,foreign-owner
~/YeeBois/projects/beep-effect3-worktrees/rsc-c-scripts/.beep/rsc-c-run4-final-fixtures.log,checkout-material,3447,0,~/YeeBois/projects/beep-effect3-worktrees/rsc-c-scripts,owner-unverified,unverified,source retained; archive from owner checkout,fleet observation only; archive from the owning checkout,foreign-owner
~/YeeBois/projects/beep-effect3-worktrees/rsc-c-scripts/.beep/rsc-c-run4-final-result.txt,checkout-material,56,0,~/YeeBois/projects/beep-effect3-worktrees/rsc-c-scripts,owner-unverified,unverified,source retained; archive from owner checkout,fleet observation only; archive from the owning checkout,foreign-owner
~/YeeBois/projects/beep-effect3-worktrees/rsc-c-scripts/.beep/rsc-c-run4-final-tsgo.log,checkout-material,210,0,~/YeeBois/projects/beep-effect3-worktrees/rsc-c-scripts,owner-unverified,unverified,source retained; archive from owner checkout,fleet observation only; archive from the owning checkout,foreign-owner
~/YeeBois/projects/beep-effect3-worktrees/rsc-c-scripts/.beep/rsc-c-run4-final-package.log,checkout-material,42052,45056,~/YeeBois/projects/beep-effect3-worktrees/rsc-c-scripts,owner-unverified,unverified,source retained; archive from owner checkout,fleet observation only; archive from the owning checkout,foreign-owner
~/YeeBois/projects/beep-effect3-worktrees/rsc-c-scripts/.beep/rsc-c-run4-refresh.sh,checkout-material,708,0,~/YeeBois/projects/beep-effect3-worktrees/rsc-c-scripts,owner-unverified,unverified,source retained; archive from owner checkout,fleet observation only; archive from the owning checkout,foreign-owner
~/YeeBois/projects/beep-effect3-worktrees/rsc-c-scripts/.beep/rsc-c-run4-jsdoc-law.txt,checkout-material,17758,0,~/YeeBois/projects/beep-effect3-worktrees/rsc-c-scripts,owner-unverified,unverified,source retained; archive from owner checkout,fleet observation only; archive from the owning checkout,foreign-owner
~/YeeBois/projects/beep-effect3-worktrees/rsc-c-scripts/.beep/rsc-c-run4-removed-callers.txt,checkout-material,547,0,~/YeeBois/projects/beep-effect3-worktrees/rsc-c-scripts,owner-unverified,unverified,source retained; archive from owner checkout,fleet observation only; archive from the owning checkout,foreign-owner
~/YeeBois/projects/beep-effect3-worktrees/rsc-c-scripts/.beep/rsc-c-run4-final-docgen.log,checkout-material,5613,8192,~/YeeBois/projects/beep-effect3-worktrees/rsc-c-scripts,owner-unverified,unverified,source retained; archive from owner checkout,fleet observation only; archive from the owning checkout,foreign-owner
~/YeeBois/projects/beep-effect3-worktrees/rsc-c-scripts/.beep/rsc-c-run4-final-vitest-scan.log,checkout-material,384,0,~/YeeBois/projects/beep-effect3-worktrees/rsc-c-scripts,owner-unverified,unverified,source retained; archive from owner checkout,fleet observation only; archive from the owning checkout,foreign-owner
~/YeeBois/projects/beep-effect3-worktrees/rsc-c-scripts/.beep/rsc-c-run4-final-rows,checkout-material,2795626,2863104,~/YeeBois/projects/beep-effect3-worktrees/rsc-c-scripts,owner-unverified,unverified,source retained; archive from owner checkout,fleet observation only; archive from the owning checkout,foreign-owner
~/YeeBois/projects/beep-effect3-worktrees/rsc-c-scripts/.beep/rsc-c-run4-refresh-fixtures.log,checkout-material,234,0,~/YeeBois/projects/beep-effect3-worktrees/rsc-c-scripts,owner-unverified,unverified,source retained; archive from owner checkout,fleet observation only; archive from the owning checkout,foreign-owner
~/YeeBois/projects/beep-effect3-worktrees/rsc-c-scripts/.beep/rsc-c-run4-refresh-result.txt,checkout-material,57,0,~/YeeBois/projects/beep-effect3-worktrees/rsc-c-scripts,owner-unverified,unverified,source retained; archive from owner checkout,fleet observation only; archive from the owning checkout,foreign-owner
~/YeeBois/projects/beep-effect3-worktrees/rsc-c-scripts/.beep/rsc-c-run4-refresh-tsgo.log,checkout-material,210,0,~/YeeBois/projects/beep-effect3-worktrees/rsc-c-scripts,owner-unverified,unverified,source retained; archive from owner checkout,fleet observation only; archive from the owning checkout,foreign-owner
~/YeeBois/projects/beep-effect3-worktrees/rsc-c-scripts/.beep/rsc-c-run4-refresh-fallow-audit.log,checkout-material,1145,0,~/YeeBois/projects/beep-effect3-worktrees/rsc-c-scripts,owner-unverified,unverified,source retained; archive from owner checkout,fleet observation only; archive from the owning checkout,foreign-owner
~/YeeBois/projects/beep-effect3-worktrees/rsc-c-scripts/.beep/rsc-c-run4-refresh-fallow-health.log,checkout-material,668,0,~/YeeBois/projects/beep-effect3-worktrees/rsc-c-scripts,owner-unverified,unverified,source retained; archive from owner checkout,fleet observation only; archive from the owning checkout,foreign-owner
~/YeeBois/projects/beep-effect3-worktrees/rsc-c-scripts/.beep/rsc-c-run4-compatible.sh,checkout-material,800,0,~/YeeBois/projects/beep-effect3-worktrees/rsc-c-scripts,owner-unverified,unverified,source retained; archive from owner checkout,fleet observation only; archive from the owning checkout,foreign-owner
~/YeeBois/projects/beep-effect3-worktrees/rsc-c-scripts/.beep/rsc-c-run4-compatible-docgen.log,checkout-material,2814,0,~/YeeBois/projects/beep-effect3-worktrees/rsc-c-scripts,owner-unverified,unverified,source retained; archive from owner checkout,fleet observation only; archive from the owning checkout,foreign-owner
~/YeeBois/projects/beep-effect3-worktrees/rsc-c-scripts/.beep/rsc-c-run4-compatible-result.txt,checkout-material,44,0,~/YeeBois/projects/beep-effect3-worktrees/rsc-c-scripts,owner-unverified,unverified,source retained; archive from owner checkout,fleet observation only; archive from the owning checkout,foreign-owner
~/YeeBois/projects/beep-effect3-worktrees/rsc-c-scripts/.beep/rsc-c-run4-compatible-fixtures.log,checkout-material,248,0,~/YeeBois/projects/beep-effect3-worktrees/rsc-c-scripts,owner-unverified,unverified,source retained; archive from owner checkout,fleet observation only; archive from the owning checkout,foreign-owner
~/YeeBois/projects/beep-effect3-worktrees/rsc-c-scripts/.beep/rsc-c-run4-compatible-package.log,checkout-material,15380,16384,~/YeeBois/projects/beep-effect3-worktrees/rsc-c-scripts,owner-unverified,unverified,source retained; archive from owner checkout,fleet observation only; archive from the owning checkout,foreign-owner
~/YeeBois/projects/beep-effect3-worktrees/rsc-c-scripts/.beep/rsc-c-run4-current-knowledge.log,checkout-material,525224,528384,~/YeeBois/projects/beep-effect3-worktrees/rsc-c-scripts,owner-unverified,unverified,source retained; archive from owner checkout,fleet observation only; archive from the owning checkout,foreign-owner
~/YeeBois/projects/beep-effect3-worktrees/rsc-c-scripts/.beep/rsc-c-run4-current-light-result.txt,checkout-material,12,0,~/YeeBois/projects/beep-effect3-worktrees/rsc-c-scripts,owner-unverified,unverified,source retained; archive from owner checkout,fleet observation only; archive from the owning checkout,foreign-owner
~/YeeBois/projects/beep-effect3-worktrees/rsc-c-scripts/.beep/rsc-c-run4-dual-module.sh,checkout-material,949,0,~/YeeBois/projects/beep-effect3-worktrees/rsc-c-scripts,owner-unverified,unverified,source retained; archive from owner checkout,fleet observation only; archive from the owning checkout,foreign-owner
~/YeeBois/projects/beep-effect3-worktrees/rsc-c-scripts/.beep/rsc-c-run4-dual-docgen.log,checkout-material,6446,8192,~/YeeBois/projects/beep-effect3-worktrees/rsc-c-scripts,owner-unverified,unverified,source retained; archive from owner checkout,fleet observation only; archive from the owning checkout,foreign-owner
~/YeeBois/projects/beep-effect3-worktrees/rsc-c-scripts/.beep/rsc-c-run4-dual-result.txt,checkout-material,9,0,~/YeeBois/projects/beep-effect3-worktrees/rsc-c-scripts,owner-unverified,unverified,source retained; archive from owner checkout,fleet observation only; archive from the owning checkout,foreign-owner
~/YeeBois/projects/beep-effect3-worktrees/rsc-c-scripts/.beep/rsc-c-run4-projection.sh,checkout-material,1468,0,~/YeeBois/projects/beep-effect3-worktrees/rsc-c-scripts,owner-unverified,unverified,source retained; archive from owner checkout,fleet observation only; archive from the owning checkout,foreign-owner
~/YeeBois/projects/beep-effect3-worktrees/rsc-c-scripts/.beep/rsc-c-run4-projection-owner.log,checkout-material,96,0,~/YeeBois/projects/beep-effect3-worktrees/rsc-c-scripts,owner-unverified,unverified,source retained; archive from owner checkout,fleet observation only; archive from the owning checkout,foreign-owner
~/YeeBois/projects/beep-effect3-worktrees/rsc-c-scripts/.beep/rsc-c-run4-projection-result.txt,checkout-material,32,0,~/YeeBois/projects/beep-effect3-worktrees/rsc-c-scripts,owner-unverified,unverified,source retained; archive from owner checkout,fleet observation only; archive from the owning checkout,foreign-owner
~/YeeBois/projects/beep-effect3-worktrees/rsc-c-scripts/.beep/rsc-c-run4-projection-docgen.log,checkout-material,2810,0,~/YeeBois/projects/beep-effect3-worktrees/rsc-c-scripts,owner-unverified,unverified,source retained; archive from owner checkout,fleet observation only; archive from the owning checkout,foreign-owner
~/YeeBois/projects/beep-effect3-worktrees/rsc-c-scripts/.beep/rsc-c-run4-projection-tsgo.log,checkout-material,2377,0,~/YeeBois/projects/beep-effect3-worktrees/rsc-c-scripts,owner-unverified,unverified,source retained; archive from owner checkout,fleet observation only; archive from the owning checkout,foreign-owner
~/YeeBois/projects/beep-effect3-worktrees/rsc-c-scripts/.beep/rsc-c-run4-codec.sh,checkout-material,1398,0,~/YeeBois/projects/beep-effect3-worktrees/rsc-c-scripts,owner-unverified,unverified,source retained; archive from owner checkout,fleet observation only; archive from the owning checkout,foreign-owner
~/YeeBois/projects/beep-effect3-worktrees/rsc-c-scripts/.beep/rsc-c-run4-codec-owner.log,checkout-material,96,0,~/YeeBois/projects/beep-effect3-worktrees/rsc-c-scripts,owner-unverified,unverified,source retained; archive from owner checkout,fleet observation only; archive from the owning checkout,foreign-owner
~/YeeBois/projects/beep-effect3-worktrees/rsc-c-scripts/.beep/rsc-c-run4-codec-result.txt,checkout-material,32,0,~/YeeBois/projects/beep-effect3-worktrees/rsc-c-scripts,owner-unverified,unverified,source retained; archive from owner checkout,fleet observation only; archive from the owning checkout,foreign-owner
~/YeeBois/projects/beep-effect3-worktrees/rsc-c-scripts/.beep/rsc-c-run4-codec-docgen.log,checkout-material,2813,0,~/YeeBois/projects/beep-effect3-worktrees/rsc-c-scripts,owner-unverified,unverified,source retained; archive from owner checkout,fleet observation only; archive from the owning checkout,foreign-owner
~/YeeBois/projects/beep-effect3-worktrees/rsc-c-scripts/.beep/rsc-c-run4-codec-tsgo.log,checkout-material,1043,0,~/YeeBois/projects/beep-effect3-worktrees/rsc-c-scripts,owner-unverified,unverified,source retained; archive from owner checkout,fleet observation only; archive from the owning checkout,foreign-owner
~/YeeBois/projects/beep-effect3-worktrees/rsc-c-scripts/.beep/rsc-c-run4-qualified.sh,checkout-material,1209,0,~/YeeBois/projects/beep-effect3-worktrees/rsc-c-scripts,owner-unverified,unverified,source retained; archive from owner checkout,fleet observation only; archive from the owning checkout,foreign-owner
~/YeeBois/projects/beep-effect3-worktrees/rsc-c-scripts/.beep/rsc-c-run4-qualified-owner.log,checkout-material,96,0,~/YeeBois/projects/beep-effect3-worktrees/rsc-c-scripts,owner-unverified,unverified,source retained; archive from owner checkout,fleet observation only; archive from the owning checkout,foreign-owner
~/YeeBois/projects/beep-effect3-worktrees/rsc-c-scripts/.beep/rsc-c-run4-qualified-result.txt,checkout-material,85,0,~/YeeBois/projects/beep-effect3-worktrees/rsc-c-scripts,owner-unverified,unverified,source retained; archive from owner checkout,fleet observation only; archive from the owning checkout,foreign-owner
~/YeeBois/projects/beep-effect3-worktrees/rsc-c-scripts/.beep/rsc-c-run4-qualified-tsgo.log,checkout-material,210,0,~/YeeBois/projects/beep-effect3-worktrees/rsc-c-scripts,owner-unverified,unverified,source retained; archive from owner checkout,fleet observation only; archive from the owning checkout,foreign-owner
~/YeeBois/projects/beep-effect3-worktrees/rsc-c-scripts/.beep/rsc-c-run4-qualified-fixtures.log,checkout-material,248,0,~/YeeBois/projects/beep-effect3-worktrees/rsc-c-scripts,owner-unverified,unverified,source retained; archive from owner checkout,fleet observation only; archive from the owning checkout,foreign-owner
~/YeeBois/projects/beep-effect3-worktrees/rsc-c-scripts/.beep/rsc-c-run4-qualified-fallow-audit.log,checkout-material,1390,0,~/YeeBois/projects/beep-effect3-worktrees/rsc-c-scripts,owner-unverified,unverified,source retained; archive from owner checkout,fleet observation only; archive from the owning checkout,foreign-owner
~/YeeBois/projects/beep-effect3-worktrees/rsc-c-scripts/.beep/rsc-c-run4-qualified-fallow-health.log,checkout-material,668,0,~/YeeBois/projects/beep-effect3-worktrees/rsc-c-scripts,owner-unverified,unverified,source retained; archive from owner checkout,fleet observation only; archive from the owning checkout,foreign-owner
~/YeeBois/projects/beep-effect3-worktrees/rsc-c-scripts/.beep/rsc-c-run4-qualified-package.log,checkout-material,250,0,~/YeeBois/projects/beep-effect3-worktrees/rsc-c-scripts,owner-unverified,unverified,source retained; archive from owner checkout,fleet observation only; archive from the owning checkout,foreign-owner
~/YeeBois/projects/beep-effect3-worktrees/rsc-c-scripts/.beep/rsc-c-run4-merged-knowledge.log,checkout-material,525074,528384,~/YeeBois/projects/beep-effect3-worktrees/rsc-c-scripts,owner-unverified,unverified,source retained; archive from owner checkout,fleet observation only; archive from the owning checkout,foreign-owner
~/YeeBois/projects/beep-effect3-worktrees/rsc-c-scripts/.beep/rsc-c-run4-merged-light-result.txt,checkout-material,12,0,~/YeeBois/projects/beep-effect3-worktrees/rsc-c-scripts,owner-unverified,unverified,source retained; archive from owner checkout,fleet observation only; archive from the owning checkout,foreign-owner
~/YeeBois/projects/beep-effect3-worktrees/rsc-e-github/.beep/rsc-e,checkout-material,20867616,21049344,~/YeeBois/projects/beep-effect3-worktrees/rsc-e-github,owner-unverified,unverified,source retained; archive from owner checkout,fleet observation only; archive from the owning checkout,foreign-owner
~/YeeBois/projects/beep-effect3-worktrees/rsc-e-github/.beep/yeet/jobs/<run-id>.log,checkout-jobs,432968,434176,~/YeeBois/projects/beep-effect3-worktrees/rsc-e-github,owner-unverified,unverified,source retained; archive from owner checkout,fleet observation only; archive from the owning checkout,foreign-owner
~/YeeBois/projects/beep-effect3-worktrees/rsc-e-github/.beep/yeet/jobs/<run-id>.json,checkout-jobs,1935,0,~/YeeBois/projects/beep-effect3-worktrees/rsc-e-github,owner-unverified,unverified,source retained; archive from owner checkout,fleet observation only; archive from the owning checkout,foreign-owner
~/YeeBois/projects/beep-effect3-worktrees/rsc-e-github/.beep/fallow,checkout-material,485696,483328,~/YeeBois/projects/beep-effect3-worktrees/rsc-e-github,owner-unverified,unverified,source retained; archive from owner checkout,fleet observation only; archive from the owning checkout,foreign-owner
~/YeeBois/projects/beep-effect3-worktrees/rsc-e-github/.beep/ci/jsdoc-documentation.inventory.jsonc,checkout-generated,19415688,19419136,~/YeeBois/projects/beep-effect3-worktrees/rsc-e-github,owner-unverified,unverified,source retained; archive from owner checkout,fleet observation only; archive from the owning checkout,foreign-owner
~/YeeBois/projects/beep-effect3-worktrees/rsc-e-github/.beep/ci/jsdoc-documentation.inventory.md,checkout-generated,175256,176128,~/YeeBois/projects/beep-effect3-worktrees/rsc-e-github,owner-unverified,unverified,source retained; archive from owner checkout,fleet observation only; archive from the owning checkout,foreign-owner
~/YeeBois/projects/beep-effect3-worktrees/rsc-g-storage/.beep/rsc-g-census.json,checkout-material,4045079,4046848,~/YeeBois/projects/beep-effect3-worktrees/rsc-g-storage,owner-unverified,unverified,~/YeeBois/projects/beep-effect3-worktrees/rsc-g-storage/.beep/residue-reap/<run-id>/archive/1894,owner-ruling-required,owner-ruling-required
~/YeeBois/projects/beep-effect3-worktrees/rsc-g-storage/.beep/rsc-g-storage,checkout-material,15509922,15646720,~/YeeBois/projects/beep-effect3-worktrees/rsc-g-storage,owner-unverified,unverified,~/YeeBois/projects/beep-effect3-worktrees/rsc-g-storage/.beep/residue-reap/<run-id>/archive/1895,owner-ruling-required,census-failed
~/YeeBois/projects/beep-effect3-worktrees/rsc-g-storage/.beep/fallow,checkout-material,479393,479232,~/YeeBois/projects/beep-effect3-worktrees/rsc-g-storage,owner-unverified,unverified,~/YeeBois/projects/beep-effect3-worktrees/rsc-g-storage/.beep/residue-reap/<run-id>/archive/1896,owner-ruling-required,owner-ruling-required
~/YeeBois/projects/beep-effect3-worktrees/rsc-g-storage/.beep/ci/jsdoc-documentation.inventory.jsonc,checkout-generated,19407939,19410944,~/YeeBois/projects/beep-effect3-worktrees/rsc-g-storage,owner-unverified,unverified,~/YeeBois/projects/beep-effect3-worktrees/rsc-g-storage/.beep/residue-reap/<run-id>/archive/1897,owner-ruling-required,owner-ruling-required
~/YeeBois/projects/beep-effect3-worktrees/rsc-g-storage/.beep/ci/jsdoc-documentation.inventory.md,checkout-generated,175256,176128,~/YeeBois/projects/beep-effect3-worktrees/rsc-g-storage,owner-unverified,unverified,~/YeeBois/projects/beep-effect3-worktrees/rsc-g-storage/.beep/residue-reap/<run-id>/archive/1898,owner-ruling-required,owner-ruling-required
~/YeeBois/projects/beep-effect3-worktrees/rsc-h2-completion/.beep/h2,checkout-material,27078766,27172864,~/YeeBois/projects/beep-effect3-worktrees/rsc-h2-completion,owner-unverified,unverified,source retained; archive from owner checkout,fleet observation only; archive from the owning checkout,foreign-owner
~/YeeBois/projects/beep-effect3-worktrees/rsc-h2-completion/.beep/ci/jsdoc-documentation.inventory.jsonc,checkout-generated,19432737,19435520,~/YeeBois/projects/beep-effect3-worktrees/rsc-h2-completion,owner-unverified,unverified,source retained; archive from owner checkout,fleet observation only; archive from the owning checkout,foreign-owner
~/YeeBois/projects/beep-effect3-worktrees/rsc-h2-completion/.beep/ci/jsdoc-documentation.inventory.md,checkout-generated,175256,176128,~/YeeBois/projects/beep-effect3-worktrees/rsc-h2-completion,owner-unverified,unverified,source retained; archive from owner checkout,fleet observation only; archive from the owning checkout,foreign-owner
~/YeeBois/projects/beep-effect3-worktrees/rsc-h2-completion/.beep/yeet/jobs/<run-id>.log,checkout-jobs,98550,102400,~/YeeBois/projects/beep-effect3-worktrees/rsc-h2-completion,owner-unverified,unverified,source retained; archive from owner checkout,fleet observation only; archive from the owning checkout,foreign-owner
~/YeeBois/projects/beep-effect3-worktrees/rsc-h2-completion/.beep/yeet/jobs/<run-id>.json,checkout-jobs,1913,0,~/YeeBois/projects/beep-effect3-worktrees/rsc-h2-completion,owner-unverified,unverified,source retained; archive from owner checkout,fleet observation only; archive from the owning checkout,foreign-owner
~/YeeBois/projects/beep-effect3-worktrees/rsc-h2-completion/.beep/fallow,checkout-material,482033,483328,~/YeeBois/projects/beep-effect3-worktrees/rsc-h2-completion,owner-unverified,unverified,source retained; archive from owner checkout,fleet observation only; archive from the owning checkout,foreign-owner
~/YeeBois/projects/beep-effect3-worktrees/rsc-h3-telemetry/.beep/h3-baseline-prune.json,checkout-material,361,0,~/YeeBois/projects/beep-effect3-worktrees/rsc-h3-telemetry,owner-unverified,unverified,source retained; archive from owner checkout,fleet observation only; archive from the owning checkout,foreign-owner
~/YeeBois/projects/beep-effect3-worktrees/rsc-h3-telemetry/.beep/h3-ai-check.log,checkout-material,230322,233472,~/YeeBois/projects/beep-effect3-worktrees/rsc-h3-telemetry,owner-unverified,unverified,source retained; archive from owner checkout,fleet observation only; archive from the owning checkout,foreign-owner
~/YeeBois/projects/beep-effect3-worktrees/rsc-h3-telemetry/.beep/h3-cli-check.log,checkout-material,3323616,3325952,~/YeeBois/projects/beep-effect3-worktrees/rsc-h3-telemetry,owner-unverified,unverified,source retained; archive from owner checkout,fleet observation only; archive from the owning checkout,foreign-owner
~/YeeBois/projects/beep-effect3-worktrees/rsc-h3-telemetry/.beep/h3-focused.log,checkout-material,6604,8192,~/YeeBois/projects/beep-effect3-worktrees/rsc-h3-telemetry,owner-unverified,unverified,source retained; archive from owner checkout,fleet observation only; archive from the owning checkout,foreign-owner
~/YeeBois/projects/beep-effect3-worktrees/rsc-h3-telemetry/.beep/h3-codex-prune.json,checkout-material,489,0,~/YeeBois/projects/beep-effect3-worktrees/rsc-h3-telemetry,owner-unverified,unverified,source retained; archive from owner checkout,fleet observation only; archive from the owning checkout,foreign-owner
~/YeeBois/projects/beep-effect3-worktrees/rsc-h3-telemetry/.beep/h3-validation,checkout-material,76722,102400,~/YeeBois/projects/beep-effect3-worktrees/rsc-h3-telemetry,owner-unverified,unverified,source retained; archive from owner checkout,fleet observation only; archive from the owning checkout,foreign-owner
~/YeeBois/projects/beep-effect3-worktrees/rsc-h3-telemetry/.beep/h3-snapshot.json,checkout-material,164779,167936,~/YeeBois/projects/beep-effect3-worktrees/rsc-h3-telemetry,owner-unverified,unverified,source retained; archive from owner checkout,fleet observation only; archive from the owning checkout,foreign-owner
~/YeeBois/projects/beep-effect3-worktrees/rsc-h3-telemetry/.beep/h3-biome.log,checkout-material,43,0,~/YeeBois/projects/beep-effect3-worktrees/rsc-h3-telemetry,owner-unverified,unverified,source retained; archive from owner checkout,fleet observation only; archive from the owning checkout,foreign-owner
~/YeeBois/projects/beep-effect3-worktrees/rsc-h3-telemetry/.beep/h3-lane-reproducer,checkout-material,37679,16384,~/YeeBois/projects/beep-effect3-worktrees/rsc-h3-telemetry,owner-unverified,unverified,source retained; archive from owner checkout,fleet observation only; archive from the owning checkout,foreign-owner
~/YeeBois/projects/beep-effect3-worktrees/rsc-h3-telemetry/.beep/h3-codex-exec-help.txt,checkout-material,4331,8192,~/YeeBois/projects/beep-effect3-worktrees/rsc-h3-telemetry,owner-unverified,unverified,source retained; archive from owner checkout,fleet observation only; archive from the owning checkout,foreign-owner
~/YeeBois/projects/beep-effect3-worktrees/rsc-h3-telemetry/.beep/h3-empty-reconcile.json,checkout-material,285,0,~/YeeBois/projects/beep-effect3-worktrees/rsc-h3-telemetry,owner-unverified,unverified,source retained; archive from owner checkout,fleet observation only; archive from the owning checkout,foreign-owner
~/YeeBois/projects/beep-effect3-worktrees/rsc-h3-telemetry/.beep/h3-focused2.log,checkout-material,276,0,~/YeeBois/projects/beep-effect3-worktrees/rsc-h3-telemetry,owner-unverified,unverified,source retained; archive from owner checkout,fleet observation only; archive from the owning checkout,foreign-owner
~/YeeBois/projects/beep-effect3-worktrees/rsc-h3-telemetry/.beep/h3-package-verify.log,checkout-material,211,0,~/YeeBois/projects/beep-effect3-worktrees/rsc-h3-telemetry,owner-unverified,unverified,source retained; archive from owner checkout,fleet observation only; archive from the owning checkout,foreign-owner
~/YeeBois/projects/beep-effect3-worktrees/rsc-h3-telemetry/.beep/h3-lane-danger.jsonl,checkout-material,794,0,~/YeeBois/projects/beep-effect3-worktrees/rsc-h3-telemetry,owner-unverified,unverified,source retained; archive from owner checkout,fleet observation only; archive from the owning checkout,foreign-owner
~/YeeBois/projects/beep-effect3-worktrees/rsc-h3-telemetry/.beep/h3-lane-danger.log,checkout-material,39,0,~/YeeBois/projects/beep-effect3-worktrees/rsc-h3-telemetry,owner-unverified,unverified,source retained; archive from owner checkout,fleet observation only; archive from the owning checkout,foreign-owner
~/YeeBois/projects/beep-effect3-worktrees/rsc-h3-telemetry/.beep/h3-focused3.log,checkout-material,275,0,~/YeeBois/projects/beep-effect3-worktrees/rsc-h3-telemetry,owner-unverified,unverified,source retained; archive from owner checkout,fleet observation only; archive from the owning checkout,foreign-owner
~/YeeBois/projects/beep-effect3-worktrees/rsc-h3-telemetry/.beep/h3-lane-workspace.jsonl,checkout-material,794,0,~/YeeBois/projects/beep-effect3-worktrees/rsc-h3-telemetry,owner-unverified,unverified,source retained; archive from owner checkout,fleet observation only; archive from the owning checkout,foreign-owner
~/YeeBois/projects/beep-effect3-worktrees/rsc-h3-telemetry/.beep/h3-lane-workspace.log,checkout-material,39,0,~/YeeBois/projects/beep-effect3-worktrees/rsc-h3-telemetry,owner-unverified,unverified,source retained; archive from owner checkout,fleet observation only; archive from the owning checkout,foreign-owner
~/YeeBois/projects/beep-effect3-worktrees/rsc-h3-telemetry/.beep/h3-biome2.log,checkout-material,43,0,~/YeeBois/projects/beep-effect3-worktrees/rsc-h3-telemetry,owner-unverified,unverified,source retained; archive from owner checkout,fleet observation only; archive from the owning checkout,foreign-owner
~/YeeBois/projects/beep-effect3-worktrees/rsc-h3-telemetry/.beep/h3-lane-reproducer-linked,checkout-material,5049,0,~/YeeBois/projects/beep-effect3-worktrees/rsc-h3-telemetry,owner-unverified,unverified,source retained; archive from owner checkout,fleet observation only; archive from the owning checkout,foreign-owner
~/YeeBois/projects/beep-effect3-worktrees/rsc-h3-telemetry/.beep/h3-package-gates.sh,checkout-material,274,0,~/YeeBois/projects/beep-effect3-worktrees/rsc-h3-telemetry,owner-unverified,unverified,source retained; archive from owner checkout,fleet observation only; archive from the owning checkout,foreign-owner
~/YeeBois/projects/beep-effect3-worktrees/rsc-h3-telemetry/.beep/h3-package-gates.log,checkout-material,0,0,~/YeeBois/projects/beep-effect3-worktrees/rsc-h3-telemetry,owner-unverified,unverified,source retained; archive from owner checkout,fleet observation only; archive from the owning checkout,foreign-owner
~/YeeBois/projects/beep-effect3-worktrees/rsc-h3-telemetry/.beep/h3-repo-ai-metrics-verify.log,checkout-material,6048,8192,~/YeeBois/projects/beep-effect3-worktrees/rsc-h3-telemetry,owner-unverified,unverified,source retained; archive from owner checkout,fleet observation only; archive from the owning checkout,foreign-owner
~/YeeBois/projects/beep-effect3-worktrees/rsc-h3-telemetry/.beep/h3-linked-danger.jsonl,checkout-material,794,0,~/YeeBois/projects/beep-effect3-worktrees/rsc-h3-telemetry,owner-unverified,unverified,source retained; archive from owner checkout,fleet observation only; archive from the owning checkout,foreign-owner
~/YeeBois/projects/beep-effect3-worktrees/rsc-h3-telemetry/.beep/h3-linked-danger.log,checkout-material,39,0,~/YeeBois/projects/beep-effect3-worktrees/rsc-h3-telemetry,owner-unverified,unverified,source retained; archive from owner checkout,fleet observation only; archive from the owning checkout,foreign-owner
~/YeeBois/projects/beep-effect3-worktrees/rsc-h3-telemetry/.beep/h3-repo-ai-metrics-verify.result,checkout-material,2,0,~/YeeBois/projects/beep-effect3-worktrees/rsc-h3-telemetry,owner-unverified,unverified,source retained; archive from owner checkout,fleet observation only; archive from the owning checkout,foreign-owner
~/YeeBois/projects/beep-effect3-worktrees/rsc-h3-telemetry/.beep/h3-repo-cli-verify.log,checkout-material,67824,69632,~/YeeBois/projects/beep-effect3-worktrees/rsc-h3-telemetry,owner-unverified,unverified,source retained; archive from owner checkout,fleet observation only; archive from the owning checkout,foreign-owner
~/YeeBois/projects/beep-effect3-worktrees/rsc-h3-telemetry/.beep/h3-inbox.json,checkout-material,1040,0,~/YeeBois/projects/beep-effect3-worktrees/rsc-h3-telemetry,owner-unverified,unverified,source retained; archive from owner checkout,fleet observation only; archive from the owning checkout,foreign-owner
~/YeeBois/projects/beep-effect3-worktrees/rsc-h3-telemetry/.beep/h3-repo-cli-verify.result,checkout-material,2,0,~/YeeBois/projects/beep-effect3-worktrees/rsc-h3-telemetry,owner-unverified,unverified,source retained; archive from owner checkout,fleet observation only; archive from the owning checkout,foreign-owner
~/YeeBois/projects/beep-effect3-worktrees/rsc-h3-telemetry/.beep/h3-biome3.log,checkout-material,43,0,~/YeeBois/projects/beep-effect3-worktrees/rsc-h3-telemetry,owner-unverified,unverified,source retained; archive from owner checkout,fleet observation only; archive from the owning checkout,foreign-owner
~/YeeBois/projects/beep-effect3-worktrees/rsc-h3-telemetry/.beep/h3-commit.log,checkout-material,1801,0,~/YeeBois/projects/beep-effect3-worktrees/rsc-h3-telemetry,owner-unverified,unverified,source retained; archive from owner checkout,fleet observation only; archive from the owning checkout,foreign-owner
~/YeeBois/projects/beep-effect3-worktrees/rsc-h3-telemetry/.beep/h3-claude-help.txt,checkout-material,22116,24576,~/YeeBois/projects/beep-effect3-worktrees/rsc-h3-telemetry,owner-unverified,unverified,source retained; archive from owner checkout,fleet observation only; archive from the owning checkout,foreign-owner
~/YeeBois/projects/beep-effect3-worktrees/rsc-h3-telemetry/.beep/h3-linked-workspace.jsonl,checkout-material,819,0,~/YeeBois/projects/beep-effect3-worktrees/rsc-h3-telemetry,owner-unverified,unverified,source retained; archive from owner checkout,fleet observation only; archive from the owning checkout,foreign-owner
~/YeeBois/projects/beep-effect3-worktrees/rsc-h3-telemetry/.beep/h3-linked-workspace.log,checkout-material,39,0,~/YeeBois/projects/beep-effect3-worktrees/rsc-h3-telemetry,owner-unverified,unverified,source retained; archive from owner checkout,fleet observation only; archive from the owning checkout,foreign-owner
~/YeeBois/projects/beep-effect3-worktrees/rsc-h3-telemetry/.beep/h3-review-prompt.txt,checkout-material,115780,118784,~/YeeBois/projects/beep-effect3-worktrees/rsc-h3-telemetry,owner-unverified,unverified,source retained; archive from owner checkout,fleet observation only; archive from the owning checkout,foreign-owner
~/YeeBois/projects/beep-effect3-worktrees/rsc-h3-telemetry/.beep/h3-review.json,checkout-material,0,0,~/YeeBois/projects/beep-effect3-worktrees/rsc-h3-telemetry,owner-unverified,unverified,source retained; archive from owner checkout,fleet observation only; archive from the owning checkout,foreign-owner
~/YeeBois/projects/beep-effect3-worktrees/rsc-h3-telemetry/.beep/h3-review.log,checkout-material,0,0,~/YeeBois/projects/beep-effect3-worktrees/rsc-h3-telemetry,owner-unverified,unverified,source retained; archive from owner checkout,fleet observation only; archive from the owning checkout,foreign-owner
~/YeeBois/projects/beep-effect3-worktrees/rsc-h3-telemetry/.beep/h3-inbox2.json,checkout-material,2410,0,~/YeeBois/projects/beep-effect3-worktrees/rsc-h3-telemetry,owner-unverified,unverified,source retained; archive from owner checkout,fleet observation only; archive from the owning checkout,foreign-owner
~/YeeBois/projects/beep-effect3-worktrees/rsc-h3-telemetry/.beep/h3-package-gates2.log,checkout-material,38,0,~/YeeBois/projects/beep-effect3-worktrees/rsc-h3-telemetry,owner-unverified,unverified,source retained; archive from owner checkout,fleet observation only; archive from the owning checkout,foreign-owner
~/YeeBois/projects/beep-effect3-worktrees/rsc-h3-telemetry/.beep/h3-linked-positive.jsonl,checkout-material,1154,0,~/YeeBois/projects/beep-effect3-worktrees/rsc-h3-telemetry,owner-unverified,unverified,source retained; archive from owner checkout,fleet observation only; archive from the owning checkout,foreign-owner
~/YeeBois/projects/beep-effect3-worktrees/rsc-h3-telemetry/.beep/h3-linked-positive.log,checkout-material,39,0,~/YeeBois/projects/beep-effect3-worktrees/rsc-h3-telemetry,owner-unverified,unverified,source retained; archive from owner checkout,fleet observation only; archive from the owning checkout,foreign-owner
~/YeeBois/projects/beep-effect3-worktrees/rsc-h3-telemetry/.beep/h3-trusted-danger-full-access.jsonl,checkout-material,1817,0,~/YeeBois/projects/beep-effect3-worktrees/rsc-h3-telemetry,owner-unverified,unverified,source retained; archive from owner checkout,fleet observation only; archive from the owning checkout,foreign-owner
~/YeeBois/projects/beep-effect3-worktrees/rsc-h3-telemetry/.beep/h3-trusted-danger-full-access.log,checkout-material,39,0,~/YeeBois/projects/beep-effect3-worktrees/rsc-h3-telemetry,owner-unverified,unverified,source retained; archive from owner checkout,fleet observation only; archive from the owning checkout,foreign-owner
~/YeeBois/projects/beep-effect3-worktrees/rsc-h3-telemetry/.beep/h3-trusted-workspace-write.jsonl,checkout-material,1802,0,~/YeeBois/projects/beep-effect3-worktrees/rsc-h3-telemetry,owner-unverified,unverified,source retained; archive from owner checkout,fleet observation only; archive from the owning checkout,foreign-owner
~/YeeBois/projects/beep-effect3-worktrees/rsc-h3-telemetry/.beep/h3-trusted-workspace-write.log,checkout-material,39,0,~/YeeBois/projects/beep-effect3-worktrees/rsc-h3-telemetry,owner-unverified,unverified,source retained; archive from owner checkout,fleet observation only; archive from the owning checkout,foreign-owner
~/YeeBois/projects/beep-effect3-worktrees/rsc-h3-telemetry/.beep/h3-biome4.log,checkout-material,43,0,~/YeeBois/projects/beep-effect3-worktrees/rsc-h3-telemetry,owner-unverified,unverified,source retained; archive from owner checkout,fleet observation only; archive from the owning checkout,foreign-owner
~/YeeBois/projects/beep-effect3-worktrees/rsc-h3-telemetry/.beep/h3-fix-commit.log,checkout-material,1694,0,~/YeeBois/projects/beep-effect3-worktrees/rsc-h3-telemetry,owner-unverified,unverified,source retained; archive from owner checkout,fleet observation only; archive from the owning checkout,foreign-owner
~/YeeBois/projects/beep-effect3-worktrees/rsc-h3-telemetry/.beep/h3-inbox3.json,checkout-material,3996,0,~/YeeBois/projects/beep-effect3-worktrees/rsc-h3-telemetry,owner-unverified,unverified,source retained; archive from owner checkout,fleet observation only; archive from the owning checkout,foreign-owner
~/YeeBois/projects/beep-effect3-worktrees/rsc-h3-telemetry/.beep/h3-review2.json,checkout-material,162425,163840,~/YeeBois/projects/beep-effect3-worktrees/rsc-h3-telemetry,owner-unverified,unverified,source retained; archive from owner checkout,fleet observation only; archive from the owning checkout,foreign-owner
~/YeeBois/projects/beep-effect3-worktrees/rsc-h3-telemetry/.beep/h3-review2.log,checkout-material,0,0,~/YeeBois/projects/beep-effect3-worktrees/rsc-h3-telemetry,owner-unverified,unverified,source retained; archive from owner checkout,fleet observation only; archive from the owning checkout,foreign-owner
~/YeeBois/projects/beep-effect3-worktrees/rsc-h3-telemetry/.beep/h3-cursor-help.txt,checkout-material,5991,8192,~/YeeBois/projects/beep-effect3-worktrees/rsc-h3-telemetry,owner-unverified,unverified,source retained; archive from owner checkout,fleet observation only; archive from the owning checkout,foreign-owner
~/YeeBois/projects/beep-effect3-worktrees/rsc-h3-telemetry/.beep/h3-biome5.log,checkout-material,43,0,~/YeeBois/projects/beep-effect3-worktrees/rsc-h3-telemetry,owner-unverified,unverified,source retained; archive from owner checkout,fleet observation only; archive from the owning checkout,foreign-owner
~/YeeBois/projects/beep-effect3-worktrees/rsc-h3-telemetry/.beep/h3-biome6.log,checkout-material,43,0,~/YeeBois/projects/beep-effect3-worktrees/rsc-h3-telemetry,owner-unverified,unverified,source retained; archive from owner checkout,fleet observation only; archive from the owning checkout,foreign-owner
~/YeeBois/projects/beep-effect3-worktrees/rsc-h3-telemetry/.beep/h3-focused4.log,checkout-material,15368,16384,~/YeeBois/projects/beep-effect3-worktrees/rsc-h3-telemetry,owner-unverified,unverified,source retained; archive from owner checkout,fleet observation only; archive from the owning checkout,foreign-owner
~/YeeBois/projects/beep-effect3-worktrees/rsc-h3-telemetry/.beep/h3-forwarder-help.txt,checkout-material,2727,0,~/YeeBois/projects/beep-effect3-worktrees/rsc-h3-telemetry,owner-unverified,unverified,source retained; archive from owner checkout,fleet observation only; archive from the owning checkout,foreign-owner
~/YeeBois/projects/beep-effect3-worktrees/rsc-h3-telemetry/.beep/h3-cursor-live.jsonl,checkout-material,483,0,~/YeeBois/projects/beep-effect3-worktrees/rsc-h3-telemetry,owner-unverified,unverified,source retained; archive from owner checkout,fleet observation only; archive from the owning checkout,foreign-owner
~/YeeBois/projects/beep-effect3-worktrees/rsc-h3-telemetry/.beep/h3-cursor-live.log,checkout-material,263,0,~/YeeBois/projects/beep-effect3-worktrees/rsc-h3-telemetry,owner-unverified,unverified,source retained; archive from owner checkout,fleet observation only; archive from the owning checkout,foreign-owner
~/YeeBois/projects/beep-effect3-worktrees/rsc-h3-telemetry/.beep/h3-claude-live.json,checkout-material,2129,0,~/YeeBois/projects/beep-effect3-worktrees/rsc-h3-telemetry,owner-unverified,unverified,source retained; archive from owner checkout,fleet observation only; archive from the owning checkout,foreign-owner
~/YeeBois/projects/beep-effect3-worktrees/rsc-h3-telemetry/.beep/h3-claude-live.log,checkout-material,0,0,~/YeeBois/projects/beep-effect3-worktrees/rsc-h3-telemetry,owner-unverified,unverified,source retained; archive from owner checkout,fleet observation only; archive from the owning checkout,foreign-owner
~/YeeBois/projects/beep-effect3-worktrees/rsc-h3-telemetry/.beep/h3-fixture-commit.log,checkout-material,269,0,~/YeeBois/projects/beep-effect3-worktrees/rsc-h3-telemetry,owner-unverified,unverified,source retained; archive from owner checkout,fleet observation only; archive from the owning checkout,foreign-owner
~/YeeBois/projects/beep-effect3-worktrees/rsc-h3-telemetry/.beep/h3-fixture-link.log,checkout-material,471,0,~/YeeBois/projects/beep-effect3-worktrees/rsc-h3-telemetry,owner-unverified,unverified,source retained; archive from owner checkout,fleet observation only; archive from the owning checkout,foreign-owner
~/YeeBois/projects/beep-effect3-worktrees/rsc-h3-telemetry/.beep/h3-claude-workflows.sh,checkout-material,789,0,~/YeeBois/projects/beep-effect3-worktrees/rsc-h3-telemetry,owner-unverified,unverified,source retained; archive from owner checkout,fleet observation only; archive from the owning checkout,foreign-owner
~/YeeBois/projects/beep-effect3-worktrees/rsc-h3-telemetry/.beep/h3-claude-primary.json,checkout-material,1804,0,~/YeeBois/projects/beep-effect3-worktrees/rsc-h3-telemetry,owner-unverified,unverified,source retained; archive from owner checkout,fleet observation only; archive from the owning checkout,foreign-owner
~/YeeBois/projects/beep-effect3-worktrees/rsc-h3-telemetry/.beep/h3-claude-primary.log,checkout-material,0,0,~/YeeBois/projects/beep-effect3-worktrees/rsc-h3-telemetry,owner-unverified,unverified,source retained; archive from owner checkout,fleet observation only; archive from the owning checkout,foreign-owner
~/YeeBois/projects/beep-effect3-worktrees/rsc-h3-telemetry/.beep/h3-claude-primary.result,checkout-material,2,0,~/YeeBois/projects/beep-effect3-worktrees/rsc-h3-telemetry,owner-unverified,unverified,source retained; archive from owner checkout,fleet observation only; archive from the owning checkout,foreign-owner
~/YeeBois/projects/beep-effect3-worktrees/rsc-h3-telemetry/.beep/h3-claude-linked.json,checkout-material,0,0,~/YeeBois/projects/beep-effect3-worktrees/rsc-h3-telemetry,owner-unverified,unverified,source retained; archive from owner checkout,fleet observation only; archive from the owning checkout,foreign-owner
~/YeeBois/projects/beep-effect3-worktrees/rsc-h3-telemetry/.beep/h3-claude-linked.log,checkout-material,161,0,~/YeeBois/projects/beep-effect3-worktrees/rsc-h3-telemetry,owner-unverified,unverified,source retained; archive from owner checkout,fleet observation only; archive from the owning checkout,foreign-owner
~/YeeBois/projects/beep-effect3-worktrees/rsc-h3-telemetry/.beep/h3-claude-linked.result,checkout-material,2,0,~/YeeBois/projects/beep-effect3-worktrees/rsc-h3-telemetry,owner-unverified,unverified,source retained; archive from owner checkout,fleet observation only; archive from the owning checkout,foreign-owner
~/YeeBois/projects/beep-effect3-worktrees/rsc-h3-telemetry/.beep/h3-review-codex.txt,checkout-material,97879,98304,~/YeeBois/projects/beep-effect3-worktrees/rsc-h3-telemetry,owner-unverified,unverified,source retained; archive from owner checkout,fleet observation only; archive from the owning checkout,foreign-owner
~/YeeBois/projects/beep-effect3-worktrees/rsc-h3-telemetry/.beep/h3-review-codex.jsonl,checkout-material,6850,8192,~/YeeBois/projects/beep-effect3-worktrees/rsc-h3-telemetry,owner-unverified,unverified,source retained; archive from owner checkout,fleet observation only; archive from the owning checkout,foreign-owner
~/YeeBois/projects/beep-effect3-worktrees/rsc-h3-telemetry/.beep/h3-review-codex.log,checkout-material,0,0,~/YeeBois/projects/beep-effect3-worktrees/rsc-h3-telemetry,owner-unverified,unverified,source retained; archive from owner checkout,fleet observation only; archive from the owning checkout,foreign-owner
~/YeeBois/projects/beep-effect3-worktrees/rsc-h3-telemetry/.beep/h3-forwarder.env,checkout-material,124,0,~/YeeBois/projects/beep-effect3-worktrees/rsc-h3-telemetry,owner-unverified,unverified,source retained; archive from owner checkout,fleet observation only; archive from the owning checkout,foreign-owner
~/YeeBois/projects/beep-effect3-worktrees/rsc-h3-telemetry/.beep/h3-op-preflight.log,checkout-material,104,0,~/YeeBois/projects/beep-effect3-worktrees/rsc-h3-telemetry,owner-unverified,unverified,source retained; archive from owner checkout,fleet observation only; archive from the owning checkout,foreign-owner
~/YeeBois/projects/beep-effect3-worktrees/rsc-h3-telemetry/.beep/h3-op-doctor.log,checkout-material,838,0,~/YeeBois/projects/beep-effect3-worktrees/rsc-h3-telemetry,owner-unverified,unverified,source retained; archive from owner checkout,fleet observation only; archive from the owning checkout,foreign-owner
~/YeeBois/projects/beep-effect3-worktrees/rsc-h3-telemetry/.beep/h3-op-preflight.result,checkout-material,2,0,~/YeeBois/projects/beep-effect3-worktrees/rsc-h3-telemetry,owner-unverified,unverified,source retained; archive from owner checkout,fleet observation only; archive from the owning checkout,foreign-owner
~/YeeBois/projects/beep-effect3-worktrees/rsc-h3-telemetry/.beep/h3-claude-linked-retry.json,checkout-material,1965,0,~/YeeBois/projects/beep-effect3-worktrees/rsc-h3-telemetry,owner-unverified,unverified,source retained; archive from owner checkout,fleet observation only; archive from the owning checkout,foreign-owner
~/YeeBois/projects/beep-effect3-worktrees/rsc-h3-telemetry/.beep/h3-claude-linked-retry.log,checkout-material,0,0,~/YeeBois/projects/beep-effect3-worktrees/rsc-h3-telemetry,owner-unverified,unverified,source retained; archive from owner checkout,fleet observation only; archive from the owning checkout,foreign-owner
~/YeeBois/projects/beep-effect3-worktrees/rsc-h3-telemetry/.beep/h3-gap-commit.log,checkout-material,1703,0,~/YeeBois/projects/beep-effect3-worktrees/rsc-h3-telemetry,owner-unverified,unverified,source retained; archive from owner checkout,fleet observation only; archive from the owning checkout,foreign-owner
~/YeeBois/projects/beep-effect3-worktrees/rsc-h3-telemetry/.beep/h3-claude-linked-final.json,checkout-material,2029,0,~/YeeBois/projects/beep-effect3-worktrees/rsc-h3-telemetry,owner-unverified,unverified,source retained; archive from owner checkout,fleet observation only; archive from the owning checkout,foreign-owner
~/YeeBois/projects/beep-effect3-worktrees/rsc-h3-telemetry/.beep/h3-claude-linked-final.log,checkout-material,0,0,~/YeeBois/projects/beep-effect3-worktrees/rsc-h3-telemetry,owner-unverified,unverified,source retained; archive from owner checkout,fleet observation only; archive from the owning checkout,foreign-owner
~/YeeBois/projects/beep-effect3-worktrees/rsc-h3-telemetry/.beep/h3-codex-final-workflows.py,checkout-material,986,0,~/YeeBois/projects/beep-effect3-worktrees/rsc-h3-telemetry,owner-unverified,unverified,source retained; archive from owner checkout,fleet observation only; archive from the owning checkout,foreign-owner
~/YeeBois/projects/beep-effect3-worktrees/rsc-h3-telemetry/.beep/h3-lane-reproducer-danger-full-access.jsonl,checkout-material,1788,0,~/YeeBois/projects/beep-effect3-worktrees/rsc-h3-telemetry,owner-unverified,unverified,source retained; archive from owner checkout,fleet observation only; archive from the owning checkout,foreign-owner
~/YeeBois/projects/beep-effect3-worktrees/rsc-h3-telemetry/.beep/h3-lane-reproducer-danger-full-access.log,checkout-material,39,0,~/YeeBois/projects/beep-effect3-worktrees/rsc-h3-telemetry,owner-unverified,unverified,source retained; archive from owner checkout,fleet observation only; archive from the owning checkout,foreign-owner
~/YeeBois/projects/beep-effect3-worktrees/rsc-h3-telemetry/.beep/h3-lane-reproducer-danger-full-access.result,checkout-material,2,0,~/YeeBois/projects/beep-effect3-worktrees/rsc-h3-telemetry,owner-unverified,unverified,source retained; archive from owner checkout,fleet observation only; archive from the owning checkout,foreign-owner
~/YeeBois/projects/beep-effect3-worktrees/rsc-h3-telemetry/.beep/h3-lane-reproducer-workspace-write.jsonl,checkout-material,1788,0,~/YeeBois/projects/beep-effect3-worktrees/rsc-h3-telemetry,owner-unverified,unverified,source retained; archive from owner checkout,fleet observation only; archive from the owning checkout,foreign-owner
~/YeeBois/projects/beep-effect3-worktrees/rsc-h3-telemetry/.beep/h3-lane-reproducer-workspace-write.log,checkout-material,39,0,~/YeeBois/projects/beep-effect3-worktrees/rsc-h3-telemetry,owner-unverified,unverified,source retained; archive from owner checkout,fleet observation only; archive from the owning checkout,foreign-owner
~/YeeBois/projects/beep-effect3-worktrees/rsc-h3-telemetry/.beep/h3-lane-reproducer-workspace-write.result,checkout-material,2,0,~/YeeBois/projects/beep-effect3-worktrees/rsc-h3-telemetry,owner-unverified,unverified,source retained; archive from owner checkout,fleet observation only; archive from the owning checkout,foreign-owner
~/YeeBois/projects/beep-effect3-worktrees/rsc-h3-telemetry/.beep/h3-lane-reproducer-linked-danger-full-access.jsonl,checkout-material,1802,0,~/YeeBois/projects/beep-effect3-worktrees/rsc-h3-telemetry,owner-unverified,unverified,source retained; archive from owner checkout,fleet observation only; archive from the owning checkout,foreign-owner
~/YeeBois/projects/beep-effect3-worktrees/rsc-h3-telemetry/.beep/h3-lane-reproducer-linked-danger-full-access.log,checkout-material,39,0,~/YeeBois/projects/beep-effect3-worktrees/rsc-h3-telemetry,owner-unverified,unverified,source retained; archive from owner checkout,fleet observation only; archive from the owning checkout,foreign-owner
~/YeeBois/projects/beep-effect3-worktrees/rsc-h3-telemetry/.beep/h3-lane-reproducer-linked-danger-full-access.result,checkout-material,2,0,~/YeeBois/projects/beep-effect3-worktrees/rsc-h3-telemetry,owner-unverified,unverified,source retained; archive from owner checkout,fleet observation only; archive from the owning checkout,foreign-owner
~/YeeBois/projects/beep-effect3-worktrees/rsc-h3-telemetry/.beep/h3-lane-reproducer-linked-workspace-write.jsonl,checkout-material,1802,0,~/YeeBois/projects/beep-effect3-worktrees/rsc-h3-telemetry,owner-unverified,unverified,source retained; archive from owner checkout,fleet observation only; archive from the owning checkout,foreign-owner
~/YeeBois/projects/beep-effect3-worktrees/rsc-h3-telemetry/.beep/h3-lane-reproducer-linked-workspace-write.log,checkout-material,39,0,~/YeeBois/projects/beep-effect3-worktrees/rsc-h3-telemetry,owner-unverified,unverified,source retained; archive from owner checkout,fleet observation only; archive from the owning checkout,foreign-owner
~/YeeBois/projects/beep-effect3-worktrees/rsc-h3-telemetry/.beep/h3-fallow-audit-help.txt,checkout-material,1318,0,~/YeeBois/projects/beep-effect3-worktrees/rsc-h3-telemetry,owner-unverified,unverified,source retained; archive from owner checkout,fleet observation only; archive from the owning checkout,foreign-owner
~/YeeBois/projects/beep-effect3-worktrees/rsc-h3-telemetry/.beep/h3-lane-reproducer-linked-workspace-write.result,checkout-material,2,0,~/YeeBois/projects/beep-effect3-worktrees/rsc-h3-telemetry,owner-unverified,unverified,source retained; archive from owner checkout,fleet observation only; archive from the owning checkout,foreign-owner
~/YeeBois/projects/beep-effect3-worktrees/rsc-h3-telemetry/.beep/h3-fallow-health-help.txt,checkout-material,1321,0,~/YeeBois/projects/beep-effect3-worktrees/rsc-h3-telemetry,owner-unverified,unverified,source retained; archive from owner checkout,fleet observation only; archive from the owning checkout,foreign-owner
~/YeeBois/projects/beep-effect3-worktrees/rsc-h3-telemetry/.beep/h3-docgen-help.txt,checkout-material,1447,0,~/YeeBois/projects/beep-effect3-worktrees/rsc-h3-telemetry,owner-unverified,unverified,source retained; archive from owner checkout,fleet observation only; archive from the owning checkout,foreign-owner
~/YeeBois/projects/beep-effect3-worktrees/rsc-h3-telemetry/.beep/h3-coverage-read.json,checkout-material,3644,0,~/YeeBois/projects/beep-effect3-worktrees/rsc-h3-telemetry,owner-unverified,unverified,source retained; archive from owner checkout,fleet observation only; archive from the owning checkout,foreign-owner
~/YeeBois/projects/beep-effect3-worktrees/rsc-h3-telemetry/.beep/h3-hosted-parity.sh,checkout-material,738,0,~/YeeBois/projects/beep-effect3-worktrees/rsc-h3-telemetry,owner-unverified,unverified,source retained; archive from owner checkout,fleet observation only; archive from the owning checkout,foreign-owner
~/YeeBois/projects/beep-effect3-worktrees/rsc-h3-telemetry/.beep/h3-biome7.log,checkout-material,42,0,~/YeeBois/projects/beep-effect3-worktrees/rsc-h3-telemetry,owner-unverified,unverified,source retained; archive from owner checkout,fleet observation only; archive from the owning checkout,foreign-owner
~/YeeBois/projects/beep-effect3-worktrees/rsc-h3-telemetry/.beep/h3-biome8.log,checkout-material,961,0,~/YeeBois/projects/beep-effect3-worktrees/rsc-h3-telemetry,owner-unverified,unverified,source retained; archive from owner checkout,fleet observation only; archive from the owning checkout,foreign-owner
~/YeeBois/projects/beep-effect3-worktrees/rsc-h3-telemetry/.beep/h3-biome9.log,checkout-material,42,0,~/YeeBois/projects/beep-effect3-worktrees/rsc-h3-telemetry,owner-unverified,unverified,source retained; archive from owner checkout,fleet observation only; archive from the owning checkout,foreign-owner
~/YeeBois/projects/beep-effect3-worktrees/rsc-h3-telemetry/.beep/h3-codex-features.log,checkout-material,0,0,~/YeeBois/projects/beep-effect3-worktrees/rsc-h3-telemetry,owner-unverified,unverified,source retained; archive from owner checkout,fleet observation only; archive from the owning checkout,foreign-owner
~/YeeBois/projects/beep-effect3-worktrees/rsc-h3-telemetry/.beep/h3-inbox4.json,checkout-material,4434,8192,~/YeeBois/projects/beep-effect3-worktrees/rsc-h3-telemetry,owner-unverified,unverified,source retained; archive from owner checkout,fleet observation only; archive from the owning checkout,foreign-owner
~/YeeBois/projects/beep-effect3-worktrees/rsc-h3-telemetry/.beep/h3-biome10.log,checkout-material,43,0,~/YeeBois/projects/beep-effect3-worktrees/rsc-h3-telemetry,owner-unverified,unverified,source retained; archive from owner checkout,fleet observation only; archive from the owning checkout,foreign-owner
~/YeeBois/projects/beep-effect3-worktrees/rsc-h3-telemetry/.beep/h3-review-fix-commit.log,checkout-material,1699,0,~/YeeBois/projects/beep-effect3-worktrees/rsc-h3-telemetry,owner-unverified,unverified,source retained; archive from owner checkout,fleet observation only; archive from the owning checkout,foreign-owner
~/YeeBois/projects/beep-effect3-worktrees/rsc-h3-telemetry/.beep/h3-refusal-fix-commit.log,checkout-material,1698,0,~/YeeBois/projects/beep-effect3-worktrees/rsc-h3-telemetry,owner-unverified,unverified,source retained; archive from owner checkout,fleet observation only; archive from the owning checkout,foreign-owner
~/YeeBois/projects/beep-effect3-worktrees/rsc-h3-telemetry/.beep/h3-review-final-prompt.txt,checkout-material,214658,217088,~/YeeBois/projects/beep-effect3-worktrees/rsc-h3-telemetry,owner-unverified,unverified,source retained; archive from owner checkout,fleet observation only; archive from the owning checkout,foreign-owner
~/YeeBois/projects/beep-effect3-worktrees/rsc-h3-telemetry/.beep/h3-review-final.jsonl,checkout-material,7193,8192,~/YeeBois/projects/beep-effect3-worktrees/rsc-h3-telemetry,owner-unverified,unverified,source retained; archive from owner checkout,fleet observation only; archive from the owning checkout,foreign-owner
~/YeeBois/projects/beep-effect3-worktrees/rsc-h3-telemetry/.beep/h3-review-final.log,checkout-material,0,0,~/YeeBois/projects/beep-effect3-worktrees/rsc-h3-telemetry,owner-unverified,unverified,source retained; archive from owner checkout,fleet observation only; archive from the owning checkout,foreign-owner
~/YeeBois/projects/beep-effect3-worktrees/rsc-h3-telemetry/.beep/h3-session-open.json,checkout-material,12949,16384,~/YeeBois/projects/beep-effect3-worktrees/rsc-h3-telemetry,owner-unverified,unverified,source retained; archive from owner checkout,fleet observation only; archive from the owning checkout,foreign-owner
~/YeeBois/projects/beep-effect3-worktrees/rsc-h3-telemetry/.beep/h3-main-merge.log,checkout-material,2790,0,~/YeeBois/projects/beep-effect3-worktrees/rsc-h3-telemetry,owner-unverified,unverified,source retained; archive from owner checkout,fleet observation only; archive from the owning checkout,foreign-owner
~/YeeBois/projects/beep-effect3-worktrees/rsc-h3-telemetry/.beep/h3-session-note.log,checkout-material,520,0,~/YeeBois/projects/beep-effect3-worktrees/rsc-h3-telemetry,owner-unverified,unverified,source retained; archive from owner checkout,fleet observation only; archive from the owning checkout,foreign-owner
~/YeeBois/projects/beep-effect3-worktrees/rsc-h3-telemetry/.beep/h3-biome11.log,checkout-material,43,0,~/YeeBois/projects/beep-effect3-worktrees/rsc-h3-telemetry,owner-unverified,unverified,source retained; archive from owner checkout,fleet observation only; archive from the owning checkout,foreign-owner
~/YeeBois/projects/beep-effect3-worktrees/rsc-h3-telemetry/.beep/h3-biome12.log,checkout-material,42,0,~/YeeBois/projects/beep-effect3-worktrees/rsc-h3-telemetry,owner-unverified,unverified,source retained; archive from owner checkout,fleet observation only; archive from the owning checkout,foreign-owner
~/YeeBois/projects/beep-effect3-worktrees/rsc-h3-telemetry/.beep/h3-biome13.log,checkout-material,41,0,~/YeeBois/projects/beep-effect3-worktrees/rsc-h3-telemetry,owner-unverified,unverified,source retained; archive from owner checkout,fleet observation only; archive from the owning checkout,foreign-owner
~/YeeBois/projects/beep-effect3-worktrees/rsc-h3-telemetry/.beep/h3-group-commit.log,checkout-material,1695,0,~/YeeBois/projects/beep-effect3-worktrees/rsc-h3-telemetry,owner-unverified,unverified,source retained; archive from owner checkout,fleet observation only; archive from the owning checkout,foreign-owner
~/YeeBois/projects/beep-effect3-worktrees/rsc-h3-telemetry/.beep/h3-review-round3-prompt.txt,checkout-material,214489,217088,~/YeeBois/projects/beep-effect3-worktrees/rsc-h3-telemetry,owner-unverified,unverified,source retained; archive from owner checkout,fleet observation only; archive from the owning checkout,foreign-owner
~/YeeBois/projects/beep-effect3-worktrees/rsc-h3-telemetry/.beep/h3-review-round3.jsonl,checkout-material,4648,8192,~/YeeBois/projects/beep-effect3-worktrees/rsc-h3-telemetry,owner-unverified,unverified,source retained; archive from owner checkout,fleet observation only; archive from the owning checkout,foreign-owner
~/YeeBois/projects/beep-effect3-worktrees/rsc-h3-telemetry/.beep/h3-review-round3.log,checkout-material,0,0,~/YeeBois/projects/beep-effect3-worktrees/rsc-h3-telemetry,owner-unverified,unverified,source retained; archive from owner checkout,fleet observation only; archive from the owning checkout,foreign-owner
~/YeeBois/projects/beep-effect3-worktrees/rsc-h3-telemetry/.beep/h3-final-claude-workflows.sh,checkout-material,813,0,~/YeeBois/projects/beep-effect3-worktrees/rsc-h3-telemetry,owner-unverified,unverified,source retained; archive from owner checkout,fleet observation only; archive from the owning checkout,foreign-owner
~/YeeBois/projects/beep-effect3-worktrees/rsc-h3-telemetry/.beep/h3-final-claude-primary.json,checkout-material,1989,0,~/YeeBois/projects/beep-effect3-worktrees/rsc-h3-telemetry,owner-unverified,unverified,source retained; archive from owner checkout,fleet observation only; archive from the owning checkout,foreign-owner
~/YeeBois/projects/beep-effect3-worktrees/rsc-h3-telemetry/.beep/h3-final-claude-primary.log,checkout-material,0,0,~/YeeBois/projects/beep-effect3-worktrees/rsc-h3-telemetry,owner-unverified,unverified,source retained; archive from owner checkout,fleet observation only; archive from the owning checkout,foreign-owner
~/YeeBois/projects/beep-effect3-worktrees/rsc-h3-telemetry/.beep/h3-final-claude-primary.result,checkout-material,2,0,~/YeeBois/projects/beep-effect3-worktrees/rsc-h3-telemetry,owner-unverified,unverified,source retained; archive from owner checkout,fleet observation only; archive from the owning checkout,foreign-owner
~/YeeBois/projects/beep-effect3-worktrees/rsc-h3-telemetry/.beep/h3-final-claude-linked.json,checkout-material,1991,0,~/YeeBois/projects/beep-effect3-worktrees/rsc-h3-telemetry,owner-unverified,unverified,source retained; archive from owner checkout,fleet observation only; archive from the owning checkout,foreign-owner
~/YeeBois/projects/beep-effect3-worktrees/rsc-h3-telemetry/.beep/h3-final-claude-linked.log,checkout-material,0,0,~/YeeBois/projects/beep-effect3-worktrees/rsc-h3-telemetry,owner-unverified,unverified,source retained; archive from owner checkout,fleet observation only; archive from the owning checkout,foreign-owner
~/YeeBois/projects/beep-effect3-worktrees/rsc-h3-telemetry/.beep/h3-final-claude-linked.result,checkout-material,2,0,~/YeeBois/projects/beep-effect3-worktrees/rsc-h3-telemetry,owner-unverified,unverified,source retained; archive from owner checkout,fleet observation only; archive from the owning checkout,foreign-owner
~/YeeBois/projects/beep-effect3-worktrees/rsc-h3-telemetry/.beep/h3-package-execution-source.txt,checkout-material,5296,8192,~/YeeBois/projects/beep-effect3-worktrees/rsc-h3-telemetry,owner-unverified,unverified,source retained; archive from owner checkout,fleet observation only; archive from the owning checkout,foreign-owner
~/YeeBois/projects/beep-effect3-worktrees/rsc-h3-telemetry/.beep/h3-mcp-fixture.mjs,checkout-material,449,0,~/YeeBois/projects/beep-effect3-worktrees/rsc-h3-telemetry,owner-unverified,unverified,source retained; archive from owner checkout,fleet observation only; archive from the owning checkout,foreign-owner
~/YeeBois/projects/beep-effect3-worktrees/rsc-h3-telemetry/.beep/h3-mcp-fixture.json,checkout-material,210,0,~/YeeBois/projects/beep-effect3-worktrees/rsc-h3-telemetry,owner-unverified,unverified,source retained; archive from owner checkout,fleet observation only; archive from the owning checkout,foreign-owner
~/YeeBois/projects/beep-effect3-worktrees/rsc-h3-telemetry/.beep/h3-workflow-settings.json,checkout-material,2424,0,~/YeeBois/projects/beep-effect3-worktrees/rsc-h3-telemetry,owner-unverified,unverified,source retained; archive from owner checkout,fleet observation only; archive from the owning checkout,foreign-owner
~/YeeBois/projects/beep-effect3-worktrees/rsc-h3-telemetry/.beep/h3-native-mcp-skill.json,checkout-material,2006,0,~/YeeBois/projects/beep-effect3-worktrees/rsc-h3-telemetry,owner-unverified,unverified,source retained; archive from owner checkout,fleet observation only; archive from the owning checkout,foreign-owner
~/YeeBois/projects/beep-effect3-worktrees/rsc-h3-telemetry/.beep/h3-native-mcp-skill.log,checkout-material,0,0,~/YeeBois/projects/beep-effect3-worktrees/rsc-h3-telemetry,owner-unverified,unverified,source retained; archive from owner checkout,fleet observation only; archive from the owning checkout,foreign-owner
~/YeeBois/projects/beep-effect3-worktrees/rsc-h3-telemetry/.beep/h3-biome14.log,checkout-material,42,0,~/YeeBois/projects/beep-effect3-worktrees/rsc-h3-telemetry,owner-unverified,unverified,source retained; archive from owner checkout,fleet observation only; archive from the owning checkout,foreign-owner
~/YeeBois/projects/beep-effect3-worktrees/rsc-h3-telemetry/.beep/h3-native-mcp-skill-single.json,checkout-material,2172,0,~/YeeBois/projects/beep-effect3-worktrees/rsc-h3-telemetry,owner-unverified,unverified,source retained; archive from owner checkout,fleet observation only; archive from the owning checkout,foreign-owner
~/YeeBois/projects/beep-effect3-worktrees/rsc-h3-telemetry/.beep/h3-native-mcp-skill-single.log,checkout-material,0,0,~/YeeBois/projects/beep-effect3-worktrees/rsc-h3-telemetry,owner-unverified,unverified,source retained; archive from owner checkout,fleet observation only; archive from the owning checkout,foreign-owner
~/YeeBois/projects/beep-effect3-worktrees/rsc-h3-telemetry/.beep/h3-native-children.json,checkout-material,1829,0,~/YeeBois/projects/beep-effect3-worktrees/rsc-h3-telemetry,owner-unverified,unverified,source retained; archive from owner checkout,fleet observation only; archive from the owning checkout,foreign-owner
~/YeeBois/projects/beep-effect3-worktrees/rsc-h3-telemetry/.beep/h3-native-children.log,checkout-material,0,0,~/YeeBois/projects/beep-effect3-worktrees/rsc-h3-telemetry,owner-unverified,unverified,source retained; archive from owner checkout,fleet observation only; archive from the owning checkout,foreign-owner
~/YeeBois/projects/beep-effect3-worktrees/rsc-h3-telemetry/.beep/h3-role-commit.log,checkout-material,1707,0,~/YeeBois/projects/beep-effect3-worktrees/rsc-h3-telemetry,owner-unverified,unverified,source retained; archive from owner checkout,fleet observation only; archive from the owning checkout,foreign-owner
~/YeeBois/projects/beep-effect3-worktrees/rsc-h3-telemetry/.beep/h3-parity-package-ai.log,checkout-material,275,0,~/YeeBois/projects/beep-effect3-worktrees/rsc-h3-telemetry,owner-unverified,unverified,source retained; archive from owner checkout,fleet observation only; archive from the owning checkout,foreign-owner
~/YeeBois/projects/beep-effect3-worktrees/rsc-h3-telemetry/.beep/h3-parity-package-ai.result,checkout-material,2,0,~/YeeBois/projects/beep-effect3-worktrees/rsc-h3-telemetry,owner-unverified,unverified,source retained; archive from owner checkout,fleet observation only; archive from the owning checkout,foreign-owner
~/YeeBois/projects/beep-effect3-worktrees/rsc-h3-telemetry/.beep/h3-parity-package-cli.log,checkout-material,15240,16384,~/YeeBois/projects/beep-effect3-worktrees/rsc-h3-telemetry,owner-unverified,unverified,source retained; archive from owner checkout,fleet observation only; archive from the owning checkout,foreign-owner
~/YeeBois/projects/beep-effect3-worktrees/rsc-h3-telemetry/.beep/h3-parity-package-cli.result,checkout-material,2,0,~/YeeBois/projects/beep-effect3-worktrees/rsc-h3-telemetry,owner-unverified,unverified,source retained; archive from owner checkout,fleet observation only; archive from the owning checkout,foreign-owner
~/YeeBois/projects/beep-effect3-worktrees/rsc-h3-telemetry/.beep/h3-parity-test-tsgo.log,checkout-material,845,0,~/YeeBois/projects/beep-effect3-worktrees/rsc-h3-telemetry,owner-unverified,unverified,source retained; archive from owner checkout,fleet observation only; archive from the owning checkout,foreign-owner
~/YeeBois/projects/beep-effect3-worktrees/rsc-h3-telemetry/.beep/h3-biome15.log,checkout-material,40,0,~/YeeBois/projects/beep-effect3-worktrees/rsc-h3-telemetry,owner-unverified,unverified,source retained; archive from owner checkout,fleet observation only; archive from the owning checkout,foreign-owner
~/YeeBois/projects/beep-effect3-worktrees/rsc-h3-telemetry/.beep/h3-parity-test-tsgo.result,checkout-material,2,0,~/YeeBois/projects/beep-effect3-worktrees/rsc-h3-telemetry,owner-unverified,unverified,source retained; archive from owner checkout,fleet observation only; archive from the owning checkout,foreign-owner
~/YeeBois/projects/beep-effect3-worktrees/rsc-h3-telemetry/.beep/h3-parity-docgen.log,checkout-material,4949,8192,~/YeeBois/projects/beep-effect3-worktrees/rsc-h3-telemetry,owner-unverified,unverified,source retained; archive from owner checkout,fleet observation only; archive from the owning checkout,foreign-owner
~/YeeBois/projects/beep-effect3-worktrees/rsc-h3-telemetry/.beep/h3-fixture-fix-commit.log,checkout-material,1703,0,~/YeeBois/projects/beep-effect3-worktrees/rsc-h3-telemetry,owner-unverified,unverified,source retained; archive from owner checkout,fleet observation only; archive from the owning checkout,foreign-owner
~/YeeBois/projects/beep-effect3-worktrees/rsc-h3-telemetry/.beep/h3-parity-docgen.result,checkout-material,2,0,~/YeeBois/projects/beep-effect3-worktrees/rsc-h3-telemetry,owner-unverified,unverified,source retained; archive from owner checkout,fleet observation only; archive from the owning checkout,foreign-owner
~/YeeBois/projects/beep-effect3-worktrees/rsc-h3-telemetry/.beep/h3-parity-jsdoc.log,checkout-material,5324,8192,~/YeeBois/projects/beep-effect3-worktrees/rsc-h3-telemetry,owner-unverified,unverified,source retained; archive from owner checkout,fleet observation only; archive from the owning checkout,foreign-owner
~/YeeBois/projects/beep-effect3-worktrees/rsc-h3-telemetry/.beep/h3-native-permissions.json,checkout-material,72,0,~/YeeBois/projects/beep-effect3-worktrees/rsc-h3-telemetry,owner-unverified,unverified,source retained; archive from owner checkout,fleet observation only; archive from the owning checkout,foreign-owner
~/YeeBois/projects/beep-effect3-worktrees/rsc-h3-telemetry/.beep/h3-native-project-mcp-skill.json,checkout-material,1999,0,~/YeeBois/projects/beep-effect3-worktrees/rsc-h3-telemetry,owner-unverified,unverified,source retained; archive from owner checkout,fleet observation only; archive from the owning checkout,foreign-owner
~/YeeBois/projects/beep-effect3-worktrees/rsc-h3-telemetry/.beep/h3-native-project-mcp-skill.log,checkout-material,0,0,~/YeeBois/projects/beep-effect3-worktrees/rsc-h3-telemetry,owner-unverified,unverified,source retained; archive from owner checkout,fleet observation only; archive from the owning checkout,foreign-owner
~/YeeBois/projects/beep-effect3-worktrees/rsc-h3-telemetry/.beep/h3-focused5.log,checkout-material,38,0,~/YeeBois/projects/beep-effect3-worktrees/rsc-h3-telemetry,owner-unverified,unverified,source retained; archive from owner checkout,fleet observation only; archive from the owning checkout,foreign-owner
~/YeeBois/projects/beep-effect3-worktrees/rsc-h3-telemetry/.beep/h3-review-round4-prompt.txt,checkout-material,71581,73728,~/YeeBois/projects/beep-effect3-worktrees/rsc-h3-telemetry,owner-unverified,unverified,source retained; archive from owner checkout,fleet observation only; archive from the owning checkout,foreign-owner
~/YeeBois/projects/beep-effect3-worktrees/rsc-h3-telemetry/.beep/h3-review-round4.jsonl,checkout-material,4087,0,~/YeeBois/projects/beep-effect3-worktrees/rsc-h3-telemetry,owner-unverified,unverified,source retained; archive from owner checkout,fleet observation only; archive from the owning checkout,foreign-owner
~/YeeBois/projects/beep-effect3-worktrees/rsc-h3-telemetry/.beep/h3-review-round4.log,checkout-material,0,0,~/YeeBois/projects/beep-effect3-worktrees/rsc-h3-telemetry,owner-unverified,unverified,source retained; archive from owner checkout,fleet observation only; archive from the owning checkout,foreign-owner
~/YeeBois/projects/beep-effect3-worktrees/rsc-h3-telemetry/.beep/h3-claude-core-review.txt,checkout-material,24939,28672,~/YeeBois/projects/beep-effect3-worktrees/rsc-h3-telemetry,owner-unverified,unverified,source retained; archive from owner checkout,fleet observation only; archive from the owning checkout,foreign-owner
~/YeeBois/projects/beep-effect3-worktrees/rsc-h3-telemetry/.beep/h3-claude-core-review.json,checkout-material,53830,57344,~/YeeBois/projects/beep-effect3-worktrees/rsc-h3-telemetry,owner-unverified,unverified,source retained; archive from owner checkout,fleet observation only; archive from the owning checkout,foreign-owner
~/YeeBois/projects/beep-effect3-worktrees/rsc-h3-telemetry/.beep/h3-claude-core-review.log,checkout-material,0,0,~/YeeBois/projects/beep-effect3-worktrees/rsc-h3-telemetry,owner-unverified,unverified,source retained; archive from owner checkout,fleet observation only; archive from the owning checkout,foreign-owner
~/YeeBois/projects/beep-effect3-worktrees/rsc-h3-telemetry/.beep/h3-optional-fix-commit.log,checkout-material,1694,0,~/YeeBois/projects/beep-effect3-worktrees/rsc-h3-telemetry,owner-unverified,unverified,source retained; archive from owner checkout,fleet observation only; archive from the owning checkout,foreign-owner
~/YeeBois/projects/beep-effect3-worktrees/rsc-h3-telemetry/.beep/h3-inbox5.json,checkout-material,5788,8192,~/YeeBois/projects/beep-effect3-worktrees/rsc-h3-telemetry,owner-unverified,unverified,source retained; archive from owner checkout,fleet observation only; archive from the owning checkout,foreign-owner
~/YeeBois/projects/beep-effect3-worktrees/rsc-h3-telemetry/.beep/h3-biome16.log,checkout-material,42,0,~/YeeBois/projects/beep-effect3-worktrees/rsc-h3-telemetry,owner-unverified,unverified,source retained; archive from owner checkout,fleet observation only; archive from the owning checkout,foreign-owner
~/YeeBois/projects/beep-effect3-worktrees/rsc-h3-telemetry/.beep/h3-claude-safe-probe.json,checkout-material,6140,8192,~/YeeBois/projects/beep-effect3-worktrees/rsc-h3-telemetry,owner-unverified,unverified,source retained; archive from owner checkout,fleet observation only; archive from the owning checkout,foreign-owner
~/YeeBois/projects/beep-effect3-worktrees/rsc-h3-telemetry/.beep/h3-claude-safe-probe.log,checkout-material,0,0,~/YeeBois/projects/beep-effect3-worktrees/rsc-h3-telemetry,owner-unverified,unverified,source retained; archive from owner checkout,fleet observation only; archive from the owning checkout,foreign-owner
~/YeeBois/projects/beep-effect3-worktrees/rsc-h3-telemetry/.beep/h3-unknown-fix-commit.log,checkout-material,1710,0,~/YeeBois/projects/beep-effect3-worktrees/rsc-h3-telemetry,owner-unverified,unverified,source retained; archive from owner checkout,fleet observation only; archive from the owning checkout,foreign-owner
~/YeeBois/projects/beep-effect3-worktrees/rsc-h3-telemetry/.beep/ci/jsdoc-documentation.inventory.jsonc,checkout-generated,19416410,19419136,~/YeeBois/projects/beep-effect3-worktrees/rsc-h3-telemetry,owner-unverified,unverified,source retained; archive from owner checkout,fleet observation only; archive from the owning checkout,foreign-owner
~/YeeBois/projects/beep-effect3-worktrees/rsc-h3-telemetry/.beep/ci/jsdoc-documentation.inventory.md,checkout-generated,175256,176128,~/YeeBois/projects/beep-effect3-worktrees/rsc-h3-telemetry,owner-unverified,unverified,source retained; archive from owner checkout,fleet observation only; archive from the owning checkout,foreign-owner
~/YeeBois/projects/beep-effect3-worktrees/rsc-h3-telemetry/.beep/h3-parity-jsdoc.result,checkout-material,2,0,~/YeeBois/projects/beep-effect3-worktrees/rsc-h3-telemetry,owner-unverified,unverified,source retained; archive from owner checkout,fleet observation only; archive from the owning checkout,foreign-owner
~/YeeBois/projects/beep-effect3-worktrees/rsc-h3-telemetry/.beep/h3-parity-knowledge.log,checkout-material,512680,516096,~/YeeBois/projects/beep-effect3-worktrees/rsc-h3-telemetry,owner-unverified,unverified,source retained; archive from owner checkout,fleet observation only; archive from the owning checkout,foreign-owner
~/YeeBois/projects/beep-effect3-worktrees/rsc-h3-telemetry/.beep/h3-parity-knowledge.result,checkout-material,2,0,~/YeeBois/projects/beep-effect3-worktrees/rsc-h3-telemetry,owner-unverified,unverified,source retained; archive from owner checkout,fleet observation only; archive from the owning checkout,foreign-owner
~/YeeBois/projects/beep-effect3-worktrees/rsc-h3-telemetry/.beep/h3-parity-fallow-audit.log,checkout-material,1488,0,~/YeeBois/projects/beep-effect3-worktrees/rsc-h3-telemetry,owner-unverified,unverified,source retained; archive from owner checkout,fleet observation only; archive from the owning checkout,foreign-owner
~/YeeBois/projects/beep-effect3-worktrees/rsc-h3-telemetry/.beep/raw,checkout-material,1911356,1929216,~/YeeBois/projects/beep-effect3-worktrees/rsc-h3-telemetry,owner-unverified,unverified,source retained; archive from owner checkout,fleet observation only; archive from the owning checkout,foreign-owner
~/YeeBois/projects/beep-effect3-worktrees/rsc-h3-telemetry/.beep/h3-fallow-audit.json,checkout-material,1271,0,~/YeeBois/projects/beep-effect3-worktrees/rsc-h3-telemetry,owner-unverified,unverified,source retained; archive from owner checkout,fleet observation only; archive from the owning checkout,foreign-owner
~/YeeBois/projects/beep-effect3-worktrees/rsc-h3-telemetry/.beep/h3-parity-fallow-audit.result,checkout-material,2,0,~/YeeBois/projects/beep-effect3-worktrees/rsc-h3-telemetry,owner-unverified,unverified,source retained; archive from owner checkout,fleet observation only; archive from the owning checkout,foreign-owner
~/YeeBois/projects/beep-effect3-worktrees/rsc-h3-telemetry/.beep/h3-parity-fallow-health.log,checkout-material,1590,0,~/YeeBois/projects/beep-effect3-worktrees/rsc-h3-telemetry,owner-unverified,unverified,source retained; archive from owner checkout,fleet observation only; archive from the owning checkout,foreign-owner
~/YeeBois/projects/beep-effect3-worktrees/rsc-h3-telemetry/.beep/h3-fallow-health.json,checkout-material,1370,0,~/YeeBois/projects/beep-effect3-worktrees/rsc-h3-telemetry,owner-unverified,unverified,source retained; archive from owner checkout,fleet observation only; archive from the owning checkout,foreign-owner
~/YeeBois/projects/beep-effect3-worktrees/rsc-h3-telemetry/.beep/h3-parity-fallow-health.result,checkout-material,2,0,~/YeeBois/projects/beep-effect3-worktrees/rsc-h3-telemetry,owner-unverified,unverified,source retained; archive from owner checkout,fleet observation only; archive from the owning checkout,foreign-owner
~/YeeBois/projects/beep-effect3-worktrees/rsc-h3-telemetry/.beep/h3-biome17.log,checkout-material,42,0,~/YeeBois/projects/beep-effect3-worktrees/rsc-h3-telemetry,owner-unverified,unverified,source retained; archive from owner checkout,fleet observation only; archive from the owning checkout,foreign-owner
~/YeeBois/projects/beep-effect3-worktrees/rsc-h3-telemetry/.beep/h3-refusal-diagnostics-commit.log,checkout-material,1704,0,~/YeeBois/projects/beep-effect3-worktrees/rsc-h3-telemetry,owner-unverified,unverified,source retained; archive from owner checkout,fleet observation only; archive from the owning checkout,foreign-owner
~/YeeBois/projects/beep-effect3-worktrees/rsc-h3-telemetry/.beep/h3-biome18.log,checkout-material,40,0,~/YeeBois/projects/beep-effect3-worktrees/rsc-h3-telemetry,owner-unverified,unverified,source retained; archive from owner checkout,fleet observation only; archive from the owning checkout,foreign-owner
~/YeeBois/projects/beep-effect3-worktrees/rsc-h3-telemetry/.beep/h3-scanner-commit.log,checkout-material,1702,0,~/YeeBois/projects/beep-effect3-worktrees/rsc-h3-telemetry,owner-unverified,unverified,source retained; archive from owner checkout,fleet observation only; archive from the owning checkout,foreign-owner
~/YeeBois/projects/beep-effect3-worktrees/rsc-h3-telemetry/.beep/h3-final-gates.sh,checkout-material,1982,0,~/YeeBois/projects/beep-effect3-worktrees/rsc-h3-telemetry,owner-unverified,unverified,source retained; archive from owner checkout,fleet observation only; archive from the owning checkout,foreign-owner
~/YeeBois/projects/beep-effect3-worktrees/rsc-h3-telemetry/.beep/h3-biome19.log,checkout-material,42,0,~/YeeBois/projects/beep-effect3-worktrees/rsc-h3-telemetry,owner-unverified,unverified,source retained; archive from owner checkout,fleet observation only; archive from the owning checkout,foreign-owner
~/YeeBois/projects/beep-effect3-worktrees/rsc-h3-telemetry/.beep/h3-guards-commit.log,checkout-material,1708,0,~/YeeBois/projects/beep-effect3-worktrees/rsc-h3-telemetry,owner-unverified,unverified,source retained; archive from owner checkout,fleet observation only; archive from the owning checkout,foreign-owner
~/YeeBois/projects/beep-effect3-worktrees/rsc-h3-telemetry/.beep/h3-biome20.log,checkout-material,40,0,~/YeeBois/projects/beep-effect3-worktrees/rsc-h3-telemetry,owner-unverified,unverified,source retained; archive from owner checkout,fleet observation only; archive from the owning checkout,foreign-owner
~/YeeBois/projects/beep-effect3-worktrees/rsc-h3-telemetry/.beep/h3-diagnostics-test-commit.log,checkout-material,1689,0,~/YeeBois/projects/beep-effect3-worktrees/rsc-h3-telemetry,owner-unverified,unverified,source retained; archive from owner checkout,fleet observation only; archive from the owning checkout,foreign-owner
~/YeeBois/projects/beep-effect3-worktrees/rsc-h3-telemetry/.beep/h3-final-fallow-audit.head,checkout-material,41,0,~/YeeBois/projects/beep-effect3-worktrees/rsc-h3-telemetry,owner-unverified,unverified,source retained; archive from owner checkout,fleet observation only; archive from the owning checkout,foreign-owner
~/YeeBois/projects/beep-effect3-worktrees/rsc-h3-telemetry/.beep/h3-final-fallow-audit.log,checkout-material,1060,0,~/YeeBois/projects/beep-effect3-worktrees/rsc-h3-telemetry,owner-unverified,unverified,source retained; archive from owner checkout,fleet observation only; archive from the owning checkout,foreign-owner
~/YeeBois/projects/beep-effect3-worktrees/rsc-h3-telemetry/.beep/h3-final-fallow-audit.json,checkout-material,837,0,~/YeeBois/projects/beep-effect3-worktrees/rsc-h3-telemetry,owner-unverified,unverified,source retained; archive from owner checkout,fleet observation only; archive from the owning checkout,foreign-owner
~/YeeBois/projects/beep-effect3-worktrees/rsc-h3-telemetry/.beep/h3-final-fallow-audit.result,checkout-material,2,0,~/YeeBois/projects/beep-effect3-worktrees/rsc-h3-telemetry,owner-unverified,unverified,source retained; archive from owner checkout,fleet observation only; archive from the owning checkout,foreign-owner
~/YeeBois/projects/beep-effect3-worktrees/rsc-h3-telemetry/.beep/h3-final-fallow-health.head,checkout-material,41,0,~/YeeBois/projects/beep-effect3-worktrees/rsc-h3-telemetry,owner-unverified,unverified,source retained; archive from owner checkout,fleet observation only; archive from the owning checkout,foreign-owner
~/YeeBois/projects/beep-effect3-worktrees/rsc-h3-telemetry/.beep/h3-final-fallow-health.log,checkout-material,1102,0,~/YeeBois/projects/beep-effect3-worktrees/rsc-h3-telemetry,owner-unverified,unverified,source retained; archive from owner checkout,fleet observation only; archive from the owning checkout,foreign-owner
~/YeeBois/projects/beep-effect3-worktrees/rsc-h3-telemetry/.beep/h3-final-fallow-health.json,checkout-material,876,0,~/YeeBois/projects/beep-effect3-worktrees/rsc-h3-telemetry,owner-unverified,unverified,source retained; archive from owner checkout,fleet observation only; archive from the owning checkout,foreign-owner
~/YeeBois/projects/beep-effect3-worktrees/rsc-h3-telemetry/.beep/h3-final-fallow-health.result,checkout-material,2,0,~/YeeBois/projects/beep-effect3-worktrees/rsc-h3-telemetry,owner-unverified,unverified,source retained; archive from owner checkout,fleet observation only; archive from the owning checkout,foreign-owner
~/YeeBois/projects/beep-effect3-worktrees/rsc-h3-telemetry/.beep/h3-final-test-tsgo.head,checkout-material,41,0,~/YeeBois/projects/beep-effect3-worktrees/rsc-h3-telemetry,owner-unverified,unverified,source retained; archive from owner checkout,fleet observation only; archive from the owning checkout,foreign-owner
~/YeeBois/projects/beep-effect3-worktrees/rsc-h3-telemetry/.beep/h3-final-test-tsgo.log,checkout-material,210,0,~/YeeBois/projects/beep-effect3-worktrees/rsc-h3-telemetry,owner-unverified,unverified,source retained; archive from owner checkout,fleet observation only; archive from the owning checkout,foreign-owner
~/YeeBois/projects/beep-effect3-worktrees/rsc-h3-telemetry/.beep/h3-final-test-tsgo.result,checkout-material,2,0,~/YeeBois/projects/beep-effect3-worktrees/rsc-h3-telemetry,owner-unverified,unverified,source retained; archive from owner checkout,fleet observation only; archive from the owning checkout,foreign-owner
~/YeeBois/projects/beep-effect3-worktrees/rsc-h3-telemetry/.beep/h3-final-package-ai.head,checkout-material,41,0,~/YeeBois/projects/beep-effect3-worktrees/rsc-h3-telemetry,owner-unverified,unverified,source retained; archive from owner checkout,fleet observation only; archive from the owning checkout,foreign-owner
~/YeeBois/projects/beep-effect3-worktrees/rsc-h3-telemetry/.beep/h3-final-package-ai.log,checkout-material,6644,8192,~/YeeBois/projects/beep-effect3-worktrees/rsc-h3-telemetry,owner-unverified,unverified,source retained; archive from owner checkout,fleet observation only; archive from the owning checkout,foreign-owner
~/YeeBois/projects/beep-effect3-worktrees/rsc-h3-telemetry/.beep/h3-final-package-ai.result,checkout-material,2,0,~/YeeBois/projects/beep-effect3-worktrees/rsc-h3-telemetry,owner-unverified,unverified,source retained; archive from owner checkout,fleet observation only; archive from the owning checkout,foreign-owner
~/YeeBois/projects/beep-effect3-worktrees/rsc-h3-telemetry/.beep/h3-final-package-cli.head,checkout-material,41,0,~/YeeBois/projects/beep-effect3-worktrees/rsc-h3-telemetry,owner-unverified,unverified,source retained; archive from owner checkout,fleet observation only; archive from the owning checkout,foreign-owner
~/YeeBois/projects/beep-effect3-worktrees/rsc-h3-telemetry/.beep/h3-final-package-cli.log,checkout-material,37334,40960,~/YeeBois/projects/beep-effect3-worktrees/rsc-h3-telemetry,owner-unverified,unverified,source retained; archive from owner checkout,fleet observation only; archive from the owning checkout,foreign-owner
~/YeeBois/projects/beep-effect3-worktrees/rsc-h3-telemetry/.beep/h3-forwarder-join-commit.log,checkout-material,1698,0,~/YeeBois/projects/beep-effect3-worktrees/rsc-h3-telemetry,owner-unverified,unverified,source retained; archive from owner checkout,fleet observation only; archive from the owning checkout,foreign-owner
~/YeeBois/projects/beep-effect3-worktrees/rsc-h3-telemetry/.beep/h3-terminal-review-prompt.txt,checkout-material,474697,475136,~/YeeBois/projects/beep-effect3-worktrees/rsc-h3-telemetry,owner-unverified,unverified,source retained; archive from owner checkout,fleet observation only; archive from the owning checkout,foreign-owner
~/YeeBois/projects/beep-effect3-worktrees/rsc-h3-telemetry/.beep/h3-terminal-diff-review.txt,checkout-material,154577,155648,~/YeeBois/projects/beep-effect3-worktrees/rsc-h3-telemetry,owner-unverified,unverified,source retained; archive from owner checkout,fleet observation only; archive from the owning checkout,foreign-owner
~/YeeBois/projects/beep-effect3-worktrees/rsc-h3-telemetry/.beep/h3-terminal-claude-review.json,checkout-material,105544,106496,~/YeeBois/projects/beep-effect3-worktrees/rsc-h3-telemetry,owner-unverified,unverified,source retained; archive from owner checkout,fleet observation only; archive from the owning checkout,foreign-owner
~/YeeBois/projects/beep-effect3-worktrees/rsc-h3-telemetry/.beep/h3-terminal-claude-review.log,checkout-material,0,0,~/YeeBois/projects/beep-effect3-worktrees/rsc-h3-telemetry,owner-unverified,unverified,source retained; archive from owner checkout,fleet observation only; archive from the owning checkout,foreign-owner
~/YeeBois/projects/beep-effect3-worktrees/rsc-h3-telemetry/.beep/h3-terminal-codex-review.jsonl,checkout-material,1156,0,~/YeeBois/projects/beep-effect3-worktrees/rsc-h3-telemetry,owner-unverified,unverified,source retained; archive from owner checkout,fleet observation only; archive from the owning checkout,foreign-owner
~/YeeBois/projects/beep-effect3-worktrees/rsc-h3-telemetry/.beep/h3-terminal-codex-review.log,checkout-material,0,0,~/YeeBois/projects/beep-effect3-worktrees/rsc-h3-telemetry,owner-unverified,unverified,source retained; archive from owner checkout,fleet observation only; archive from the owning checkout,foreign-owner
~/YeeBois/projects/beep-effect3-worktrees/rsc-h3-telemetry/.beep/h3-final-census.py,checkout-material,972,0,~/YeeBois/projects/beep-effect3-worktrees/rsc-h3-telemetry,owner-unverified,unverified,source retained; archive from owner checkout,fleet observation only; archive from the owning checkout,foreign-owner
~/YeeBois/projects/beep-effect3-worktrees/rsc-h3-telemetry/.beep/h3-session-final-open.txt,checkout-material,13814,16384,~/YeeBois/projects/beep-effect3-worktrees/rsc-h3-telemetry,owner-unverified,unverified,source retained; archive from owner checkout,fleet observation only; archive from the owning checkout,foreign-owner
~/YeeBois/projects/beep-effect3-worktrees/rsc-h3-telemetry/.beep/h3-row-role-format.log,checkout-material,41,0,~/YeeBois/projects/beep-effect3-worktrees/rsc-h3-telemetry,owner-unverified,unverified,source retained; archive from owner checkout,fleet observation only; archive from the owning checkout,foreign-owner
~/YeeBois/projects/beep-effect3-worktrees/rsc-h3-telemetry/.beep/h3-row-role-commit.log,checkout-material,1694,0,~/YeeBois/projects/beep-effect3-worktrees/rsc-h3-telemetry,owner-unverified,unverified,source retained; archive from owner checkout,fleet observation only; archive from the owning checkout,foreign-owner
~/YeeBois/projects/beep-effect3-worktrees/rsc-h3-telemetry/.beep/h3-final-main-merge.log,checkout-material,408,0,~/YeeBois/projects/beep-effect3-worktrees/rsc-h3-telemetry,owner-unverified,unverified,source retained; archive from owner checkout,fleet observation only; archive from the owning checkout,foreign-owner
~/YeeBois/projects/beep-effect3-worktrees/rsc-h3-telemetry/.beep/h3-filesystem-api.txt,checkout-material,4901,8192,~/YeeBois/projects/beep-effect3-worktrees/rsc-h3-telemetry,owner-unverified,unverified,source retained; archive from owner checkout,fleet observation only; archive from the owning checkout,foreign-owner
~/YeeBois/projects/beep-effect3-worktrees/rsc-h3-telemetry/.beep/h3-final-review-format.log,checkout-material,40,0,~/YeeBois/projects/beep-effect3-worktrees/rsc-h3-telemetry,owner-unverified,unverified,source retained; archive from owner checkout,fleet observation only; archive from the owning checkout,foreign-owner
~/YeeBois/projects/beep-effect3-worktrees/rsc-h3-telemetry/.beep/h3-final-review-fixes-commit.log,checkout-material,1706,0,~/YeeBois/projects/beep-effect3-worktrees/rsc-h3-telemetry,owner-unverified,unverified,source retained; archive from owner checkout,fleet observation only; archive from the owning checkout,foreign-owner
~/YeeBois/projects/beep-effect3-worktrees/rsc-h3-telemetry/.beep/h3-packet-before-main.patch,checkout-material,12420,12288,~/YeeBois/projects/beep-effect3-worktrees/rsc-h3-telemetry,owner-unverified,unverified,source retained; archive from owner checkout,fleet observation only; archive from the owning checkout,foreign-owner
~/YeeBois/projects/beep-effect3-worktrees/rsc-h3-telemetry/.beep/h3-main-merge-commit.log,checkout-material,1607,0,~/YeeBois/projects/beep-effect3-worktrees/rsc-h3-telemetry,owner-unverified,unverified,source retained; archive from owner checkout,fleet observation only; archive from the owning checkout,foreign-owner
~/YeeBois/projects/beep-effect3-worktrees/rsc-h3-telemetry/.beep/h3-regression-format.log,checkout-material,44,0,~/YeeBois/projects/beep-effect3-worktrees/rsc-h3-telemetry,owner-unverified,unverified,source retained; archive from owner checkout,fleet observation only; archive from the owning checkout,foreign-owner
~/YeeBois/projects/beep-effect3-worktrees/rsc-h3-telemetry/.beep/h3-final-regression-commit.log,checkout-material,1707,0,~/YeeBois/projects/beep-effect3-worktrees/rsc-h3-telemetry,owner-unverified,unverified,source retained; archive from owner checkout,fleet observation only; archive from the owning checkout,foreign-owner
~/YeeBois/projects/beep-effect3-worktrees/rsc-h3-telemetry/.beep/h3-terminal2-review.txt,checkout-material,157665,159744,~/YeeBois/projects/beep-effect3-worktrees/rsc-h3-telemetry,owner-unverified,unverified,source retained; archive from owner checkout,fleet observation only; archive from the owning checkout,foreign-owner
~/YeeBois/projects/beep-effect3-worktrees/rsc-h3-telemetry/.beep/h3-terminal2-claude-review.json,checkout-material,144362,147456,~/YeeBois/projects/beep-effect3-worktrees/rsc-h3-telemetry,owner-unverified,unverified,source retained; archive from owner checkout,fleet observation only; archive from the owning checkout,foreign-owner
~/YeeBois/projects/beep-effect3-worktrees/rsc-h3-telemetry/.beep/h3-terminal2-claude-review.log,checkout-material,0,0,~/YeeBois/projects/beep-effect3-worktrees/rsc-h3-telemetry,owner-unverified,unverified,source retained; archive from owner checkout,fleet observation only; archive from the owning checkout,foreign-owner
~/YeeBois/projects/beep-effect3-worktrees/rsc-h3-telemetry/.beep/h3-terminal2-codex-review.jsonl,checkout-material,494,0,~/YeeBois/projects/beep-effect3-worktrees/rsc-h3-telemetry,owner-unverified,unverified,source retained; archive from owner checkout,fleet observation only; archive from the owning checkout,foreign-owner
~/YeeBois/projects/beep-effect3-worktrees/rsc-h3-telemetry/.beep/h3-terminal2-codex-review.log,checkout-material,0,0,~/YeeBois/projects/beep-effect3-worktrees/rsc-h3-telemetry,owner-unverified,unverified,source retained; archive from owner checkout,fleet observation only; archive from the owning checkout,foreign-owner
~/YeeBois/projects/beep-effect3-worktrees/rsc-h3-telemetry/.beep/h3-session-progress-note.log,checkout-material,536,0,~/YeeBois/projects/beep-effect3-worktrees/rsc-h3-telemetry,owner-unverified,unverified,source retained; archive from owner checkout,fleet observation only; archive from the owning checkout,foreign-owner
~/YeeBois/projects/beep-effect3-worktrees/rsc-h3-telemetry/.beep/h3-final-package-cli.result,checkout-material,2,0,~/YeeBois/projects/beep-effect3-worktrees/rsc-h3-telemetry,owner-unverified,unverified,source retained; archive from owner checkout,fleet observation only; archive from the owning checkout,foreign-owner
~/YeeBois/projects/beep-effect3-worktrees/rsc-h3-telemetry/.beep/h3-final-docgen.head,checkout-material,41,0,~/YeeBois/projects/beep-effect3-worktrees/rsc-h3-telemetry,owner-unverified,unverified,source retained; archive from owner checkout,fleet observation only; archive from the owning checkout,foreign-owner
~/YeeBois/projects/beep-effect3-worktrees/rsc-h3-telemetry/.beep/h3-final-docgen.log,checkout-material,7422,8192,~/YeeBois/projects/beep-effect3-worktrees/rsc-h3-telemetry,owner-unverified,unverified,source retained; archive from owner checkout,fleet observation only; archive from the owning checkout,foreign-owner
~/YeeBois/projects/beep-effect3-worktrees/rsc-h3-telemetry/.beep/h3-write-receipt.py,checkout-material,7543,8192,~/YeeBois/projects/beep-effect3-worktrees/rsc-h3-telemetry,owner-unverified,unverified,source retained; archive from owner checkout,fleet observation only; archive from the owning checkout,foreign-owner
~/YeeBois/projects/beep-effect3-worktrees/rsc-h3-telemetry/.beep/h3-final-docgen.result,checkout-material,2,0,~/YeeBois/projects/beep-effect3-worktrees/rsc-h3-telemetry,owner-unverified,unverified,source retained; archive from owner checkout,fleet observation only; archive from the owning checkout,foreign-owner
~/YeeBois/projects/beep-effect3-worktrees/rsc-h3-telemetry/.beep/h3-final-jsdoc.head,checkout-material,41,0,~/YeeBois/projects/beep-effect3-worktrees/rsc-h3-telemetry,owner-unverified,unverified,source retained; archive from owner checkout,fleet observation only; archive from the owning checkout,foreign-owner
~/YeeBois/projects/beep-effect3-worktrees/rsc-h3-telemetry/.beep/h3-final-jsdoc.log,checkout-material,5324,8192,~/YeeBois/projects/beep-effect3-worktrees/rsc-h3-telemetry,owner-unverified,unverified,source retained; archive from owner checkout,fleet observation only; archive from the owning checkout,foreign-owner
~/YeeBois/projects/beep-effect3-worktrees/rsc-h3-telemetry/.beep/h3-opening-format.log,checkout-material,42,0,~/YeeBois/projects/beep-effect3-worktrees/rsc-h3-telemetry,owner-unverified,unverified,source retained; archive from owner checkout,fleet observation only; archive from the owning checkout,foreign-owner
~/YeeBois/projects/beep-effect3-worktrees/rsc-h3-telemetry/.beep/h3-final-jsdoc.result,checkout-material,2,0,~/YeeBois/projects/beep-effect3-worktrees/rsc-h3-telemetry,owner-unverified,unverified,source retained; archive from owner checkout,fleet observation only; archive from the owning checkout,foreign-owner
~/YeeBois/projects/beep-effect3-worktrees/rsc-h3-telemetry/.beep/h3-final-knowledge.head,checkout-material,41,0,~/YeeBois/projects/beep-effect3-worktrees/rsc-h3-telemetry,owner-unverified,unverified,source retained; archive from owner checkout,fleet observation only; archive from the owning checkout,foreign-owner
~/YeeBois/projects/beep-effect3-worktrees/rsc-h3-telemetry/.beep/h3-final-knowledge.log,checkout-material,512680,516096,~/YeeBois/projects/beep-effect3-worktrees/rsc-h3-telemetry,owner-unverified,unverified,source retained; archive from owner checkout,fleet observation only; archive from the owning checkout,foreign-owner
~/YeeBois/projects/beep-effect3-worktrees/rsc-h3-telemetry/.beep/h3-final-knowledge.result,checkout-material,2,0,~/YeeBois/projects/beep-effect3-worktrees/rsc-h3-telemetry,owner-unverified,unverified,source retained; archive from owner checkout,fleet observation only; archive from the owning checkout,foreign-owner
~/YeeBois/projects/beep-effect3-worktrees/rsc-h3-telemetry/.beep/h3-opening-tests-format.log,checkout-material,45,0,~/YeeBois/projects/beep-effect3-worktrees/rsc-h3-telemetry,owner-unverified,unverified,source retained; archive from owner checkout,fleet observation only; archive from the owning checkout,foreign-owner
~/YeeBois/projects/beep-effect3-worktrees/rsc-h3-telemetry/.beep/h3-opening-commit.log,checkout-material,1703,0,~/YeeBois/projects/beep-effect3-worktrees/rsc-h3-telemetry,owner-unverified,unverified,source retained; archive from owner checkout,fleet observation only; archive from the owning checkout,foreign-owner
~/YeeBois/projects/beep-effect3-worktrees/rsc-h3-telemetry/.beep/h3-final-census.head,checkout-material,41,0,~/YeeBois/projects/beep-effect3-worktrees/rsc-h3-telemetry,owner-unverified,unverified,source retained; archive from owner checkout,fleet observation only; archive from the owning checkout,foreign-owner
~/YeeBois/projects/beep-effect3-worktrees/rsc-h3-telemetry/.beep/h3-final-census.log,checkout-material,354,0,~/YeeBois/projects/beep-effect3-worktrees/rsc-h3-telemetry,owner-unverified,unverified,source retained; archive from owner checkout,fleet observation only; archive from the owning checkout,foreign-owner
~/YeeBois/projects/beep-effect3-worktrees/rsc-h3-telemetry/.beep/h3-final-census.result,checkout-material,2,0,~/YeeBois/projects/beep-effect3-worktrees/rsc-h3-telemetry,owner-unverified,unverified,source retained; archive from owner checkout,fleet observation only; archive from the owning checkout,foreign-owner
~/YeeBois/projects/beep-effect3-worktrees/rsc-h3-telemetry/.beep/h3-final-prune-claude.head,checkout-material,41,0,~/YeeBois/projects/beep-effect3-worktrees/rsc-h3-telemetry,owner-unverified,unverified,source retained; archive from owner checkout,fleet observation only; archive from the owning checkout,foreign-owner
~/YeeBois/projects/beep-effect3-worktrees/rsc-h3-telemetry/.beep/h3-final-prune-claude.log,checkout-material,922,0,~/YeeBois/projects/beep-effect3-worktrees/rsc-h3-telemetry,owner-unverified,unverified,source retained; archive from owner checkout,fleet observation only; archive from the owning checkout,foreign-owner
~/YeeBois/projects/beep-effect3-worktrees/rsc-h3-telemetry/.beep/h3-final-prune-claude.result,checkout-material,2,0,~/YeeBois/projects/beep-effect3-worktrees/rsc-h3-telemetry,owner-unverified,unverified,source retained; archive from owner checkout,fleet observation only; archive from the owning checkout,foreign-owner
~/YeeBois/projects/beep-effect3-worktrees/rsc-h3-telemetry/.beep/h3-opening-contract-format.log,checkout-material,41,0,~/YeeBois/projects/beep-effect3-worktrees/rsc-h3-telemetry,owner-unverified,unverified,source retained; archive from owner checkout,fleet observation only; archive from the owning checkout,foreign-owner
~/YeeBois/projects/beep-effect3-worktrees/rsc-h3-telemetry/.beep/h3-opening-contract-commit.log,checkout-material,1687,0,~/YeeBois/projects/beep-effect3-worktrees/rsc-h3-telemetry,owner-unverified,unverified,source retained; archive from owner checkout,fleet observation only; archive from the owning checkout,foreign-owner
~/YeeBois/projects/beep-effect3-worktrees/rsc-h3-telemetry/.beep/h3-opening-inbox-ack.log,checkout-material,354,0,~/YeeBois/projects/beep-effect3-worktrees/rsc-h3-telemetry,owner-unverified,unverified,source retained; archive from owner checkout,fleet observation only; archive from the owning checkout,foreign-owner
~/YeeBois/projects/beep-effect3-worktrees/rsc-h3-telemetry/.beep/h3-final-prune-codex.head,checkout-material,41,0,~/YeeBois/projects/beep-effect3-worktrees/rsc-h3-telemetry,owner-unverified,unverified,source retained; archive from owner checkout,fleet observation only; archive from the owning checkout,foreign-owner
~/YeeBois/projects/beep-effect3-worktrees/rsc-h3-telemetry/.beep/h3-final-prune-codex.log,checkout-material,917,0,~/YeeBois/projects/beep-effect3-worktrees/rsc-h3-telemetry,owner-unverified,unverified,source retained; archive from owner checkout,fleet observation only; archive from the owning checkout,foreign-owner
~/YeeBois/projects/beep-effect3-worktrees/rsc-h3-telemetry/.beep/h3-final-prune-codex.result,checkout-material,2,0,~/YeeBois/projects/beep-effect3-worktrees/rsc-h3-telemetry,owner-unverified,unverified,source retained; archive from owner checkout,fleet observation only; archive from the owning checkout,foreign-owner
~/YeeBois/projects/beep-effect3-worktrees/rsc-h3-telemetry/.beep/h3-final-prune-cursor.head,checkout-material,41,0,~/YeeBois/projects/beep-effect3-worktrees/rsc-h3-telemetry,owner-unverified,unverified,source retained; archive from owner checkout,fleet observation only; archive from the owning checkout,foreign-owner
~/YeeBois/projects/beep-effect3-worktrees/rsc-h3-telemetry/.beep/h3-final-prune-cursor.log,checkout-material,914,0,~/YeeBois/projects/beep-effect3-worktrees/rsc-h3-telemetry,owner-unverified,unverified,source retained; archive from owner checkout,fleet observation only; archive from the owning checkout,foreign-owner
~/YeeBois/projects/beep-effect3-worktrees/rsc-h3-telemetry/.beep/h3-final-prune-cursor.result,checkout-material,2,0,~/YeeBois/projects/beep-effect3-worktrees/rsc-h3-telemetry,owner-unverified,unverified,source retained; archive from owner checkout,fleet observation only; archive from the owning checkout,foreign-owner
~/YeeBois/projects/beep-effect3-worktrees/rsc-h3-telemetry/.beep/h3-fold-format.log,checkout-material,44,0,~/YeeBois/projects/beep-effect3-worktrees/rsc-h3-telemetry,owner-unverified,unverified,source retained; archive from owner checkout,fleet observation only; archive from the owning checkout,foreign-owner
~/YeeBois/projects/beep-effect3-worktrees/rsc-h3-telemetry/.beep/h3-fold-commit.log,checkout-material,1701,0,~/YeeBois/projects/beep-effect3-worktrees/rsc-h3-telemetry,owner-unverified,unverified,source retained; archive from owner checkout,fleet observation only; archive from the owning checkout,foreign-owner
~/YeeBois/projects/beep-effect3-worktrees/rsc-h3-telemetry/.beep/h3-post-review-gates.sh,checkout-material,1448,0,~/YeeBois/projects/beep-effect3-worktrees/rsc-h3-telemetry,owner-unverified,unverified,source retained; archive from owner checkout,fleet observation only; archive from the owning checkout,foreign-owner
~/YeeBois/projects/beep-effect3-worktrees/rsc-h3-telemetry/.beep/h3-post-review-admission.log,checkout-material,38,0,~/YeeBois/projects/beep-effect3-worktrees/rsc-h3-telemetry,owner-unverified,unverified,source retained; archive from owner checkout,fleet observation only; archive from the owning checkout,foreign-owner
~/YeeBois/projects/beep-effect3-worktrees/rsc-h3-telemetry/.beep/h3-terminal3-review.txt,checkout-material,166211,167936,~/YeeBois/projects/beep-effect3-worktrees/rsc-h3-telemetry,owner-unverified,unverified,source retained; archive from owner checkout,fleet observation only; archive from the owning checkout,foreign-owner
~/YeeBois/projects/beep-effect3-worktrees/rsc-h3-telemetry/.beep/h3-terminal3-claude-review.json,checkout-material,107775,110592,~/YeeBois/projects/beep-effect3-worktrees/rsc-h3-telemetry,owner-unverified,unverified,source retained; archive from owner checkout,fleet observation only; archive from the owning checkout,foreign-owner
~/YeeBois/projects/beep-effect3-worktrees/rsc-h3-telemetry/.beep/h3-terminal3-claude-review.log,checkout-material,0,0,~/YeeBois/projects/beep-effect3-worktrees/rsc-h3-telemetry,owner-unverified,unverified,source retained; archive from owner checkout,fleet observation only; archive from the owning checkout,foreign-owner
~/YeeBois/projects/beep-effect3-worktrees/rsc-h3-telemetry/.beep/h3-terminal3-codex-review.jsonl,checkout-material,1873,0,~/YeeBois/projects/beep-effect3-worktrees/rsc-h3-telemetry,owner-unverified,unverified,source retained; archive from owner checkout,fleet observation only; archive from the owning checkout,foreign-owner
~/YeeBois/projects/beep-effect3-worktrees/rsc-h3-telemetry/.beep/h3-terminal3-codex-review.log,checkout-material,0,0,~/YeeBois/projects/beep-effect3-worktrees/rsc-h3-telemetry,owner-unverified,unverified,source retained; archive from owner checkout,fleet observation only; archive from the owning checkout,foreign-owner
~/YeeBois/projects/beep-effect3-worktrees/rsc-h3-telemetry/.beep/h3-opening-claude-workflows.sh,checkout-material,821,0,~/YeeBois/projects/beep-effect3-worktrees/rsc-h3-telemetry,owner-unverified,unverified,source retained; archive from owner checkout,fleet observation only; archive from the owning checkout,foreign-owner
~/YeeBois/projects/beep-effect3-worktrees/rsc-h3-telemetry/.beep/h3-opening-claude-workflows.log,checkout-material,0,0,~/YeeBois/projects/beep-effect3-worktrees/rsc-h3-telemetry,owner-unverified,unverified,source retained; archive from owner checkout,fleet observation only; archive from the owning checkout,foreign-owner
~/YeeBois/projects/beep-effect3-worktrees/rsc-h3-telemetry/.beep/h3-opening-claude-primary.json,checkout-material,1825,0,~/YeeBois/projects/beep-effect3-worktrees/rsc-h3-telemetry,owner-unverified,unverified,source retained; archive from owner checkout,fleet observation only; archive from the owning checkout,foreign-owner
~/YeeBois/projects/beep-effect3-worktrees/rsc-h3-telemetry/.beep/h3-opening-claude-primary.log,checkout-material,0,0,~/YeeBois/projects/beep-effect3-worktrees/rsc-h3-telemetry,owner-unverified,unverified,source retained; archive from owner checkout,fleet observation only; archive from the owning checkout,foreign-owner
~/YeeBois/projects/beep-effect3-worktrees/rsc-h3-telemetry/.beep/h3-opening-claude-primary.result,checkout-material,2,0,~/YeeBois/projects/beep-effect3-worktrees/rsc-h3-telemetry,owner-unverified,unverified,source retained; archive from owner checkout,fleet observation only; archive from the owning checkout,foreign-owner
~/YeeBois/projects/beep-effect3-worktrees/rsc-h3-telemetry/.beep/h3-opening-claude-linked.json,checkout-material,1955,0,~/YeeBois/projects/beep-effect3-worktrees/rsc-h3-telemetry,owner-unverified,unverified,source retained; archive from owner checkout,fleet observation only; archive from the owning checkout,foreign-owner
~/YeeBois/projects/beep-effect3-worktrees/rsc-h3-telemetry/.beep/h3-opening-claude-linked.log,checkout-material,0,0,~/YeeBois/projects/beep-effect3-worktrees/rsc-h3-telemetry,owner-unverified,unverified,source retained; archive from owner checkout,fleet observation only; archive from the owning checkout,foreign-owner
~/YeeBois/projects/beep-effect3-worktrees/rsc-h3-telemetry/.beep/h3-opening-claude-linked.result,checkout-material,2,0,~/YeeBois/projects/beep-effect3-worktrees/rsc-h3-telemetry,owner-unverified,unverified,source retained; archive from owner checkout,fleet observation only; archive from the owning checkout,foreign-owner
~/YeeBois/projects/beep-effect3-worktrees/rsc-h3-telemetry/.beep/h3-final-join-format.log,checkout-material,44,0,~/YeeBois/projects/beep-effect3-worktrees/rsc-h3-telemetry,owner-unverified,unverified,source retained; archive from owner checkout,fleet observation only; archive from the owning checkout,foreign-owner
~/YeeBois/projects/beep-effect3-worktrees/rsc-h3-telemetry/.beep/h3-final-join-commit.log,checkout-material,1711,0,~/YeeBois/projects/beep-effect3-worktrees/rsc-h3-telemetry,owner-unverified,unverified,source retained; archive from owner checkout,fleet observation only; archive from the owning checkout,foreign-owner
~/YeeBois/projects/beep-effect3-worktrees/rsc-h3-telemetry/.beep/h3-terminal4-review.txt,checkout-material,166702,167936,~/YeeBois/projects/beep-effect3-worktrees/rsc-h3-telemetry,owner-unverified,unverified,source retained; archive from owner checkout,fleet observation only; archive from the owning checkout,foreign-owner
~/YeeBois/projects/beep-effect3-worktrees/rsc-h3-telemetry/.beep/h3-terminal4-codex-review.jsonl,checkout-material,952,0,~/YeeBois/projects/beep-effect3-worktrees/rsc-h3-telemetry,owner-unverified,unverified,source retained; archive from owner checkout,fleet observation only; archive from the owning checkout,foreign-owner
~/YeeBois/projects/beep-effect3-worktrees/rsc-h3-telemetry/.beep/h3-terminal4-codex-review.log,checkout-material,0,0,~/YeeBois/projects/beep-effect3-worktrees/rsc-h3-telemetry,owner-unverified,unverified,source retained; archive from owner checkout,fleet observation only; archive from the owning checkout,foreign-owner
~/YeeBois/projects/beep-effect3-worktrees/rsc-h3-telemetry/.beep/h3-receipt-commit.log,checkout-material,1881,0,~/YeeBois/projects/beep-effect3-worktrees/rsc-h3-telemetry,owner-unverified,unverified,source retained; archive from owner checkout,fleet observation only; archive from the owning checkout,foreign-owner
~/YeeBois/projects/beep-effect3-worktrees/rsc-h3-telemetry/.beep/h3-terminal4-claude-review.json,checkout-material,89736,90112,~/YeeBois/projects/beep-effect3-worktrees/rsc-h3-telemetry,owner-unverified,unverified,source retained; archive from owner checkout,fleet observation only; archive from the owning checkout,foreign-owner
~/YeeBois/projects/beep-effect3-worktrees/rsc-h3-telemetry/.beep/h3-terminal4-claude-review.log,checkout-material,0,0,~/YeeBois/projects/beep-effect3-worktrees/rsc-h3-telemetry,owner-unverified,unverified,source retained; archive from owner checkout,fleet observation only; archive from the owning checkout,foreign-owner
~/YeeBois/projects/beep-effect3-worktrees/rsc-h3-telemetry/.beep/h3-otel-opening-format.log,checkout-material,40,0,~/YeeBois/projects/beep-effect3-worktrees/rsc-h3-telemetry,owner-unverified,unverified,source retained; archive from owner checkout,fleet observation only; archive from the owning checkout,foreign-owner
~/YeeBois/projects/beep-effect3-worktrees/rsc-h3-telemetry/.beep/h3-otel-opening-commit.log,checkout-material,1696,0,~/YeeBois/projects/beep-effect3-worktrees/rsc-h3-telemetry,owner-unverified,unverified,source retained; archive from owner checkout,fleet observation only; archive from the owning checkout,foreign-owner
~/YeeBois/projects/beep-effect3-worktrees/rsc-h3-telemetry/.beep/h3-terminal5-review.txt,checkout-material,168225,172032,~/YeeBois/projects/beep-effect3-worktrees/rsc-h3-telemetry,owner-unverified,unverified,source retained; archive from owner checkout,fleet observation only; archive from the owning checkout,foreign-owner
~/YeeBois/projects/beep-effect3-worktrees/rsc-h3-telemetry/.beep/h3-terminal5-codex-review.jsonl,checkout-material,482,0,~/YeeBois/projects/beep-effect3-worktrees/rsc-h3-telemetry,owner-unverified,unverified,source retained; archive from owner checkout,fleet observation only; archive from the owning checkout,foreign-owner
~/YeeBois/projects/beep-effect3-worktrees/rsc-h3-telemetry/.beep/h3-terminal5-codex-review.log,checkout-material,0,0,~/YeeBois/projects/beep-effect3-worktrees/rsc-h3-telemetry,owner-unverified,unverified,source retained; archive from owner checkout,fleet observation only; archive from the owning checkout,foreign-owner
~/YeeBois/projects/beep-effect3-worktrees/rsc-h3-telemetry/.beep/h3-inbox-final-scan.json,checkout-material,6545,8192,~/YeeBois/projects/beep-effect3-worktrees/rsc-h3-telemetry,owner-unverified,unverified,source retained; archive from owner checkout,fleet observation only; archive from the owning checkout,foreign-owner
~/YeeBois/projects/beep-effect3-worktrees/rsc-h3-telemetry/.beep/h3-terminal5-claude-review.json,checkout-material,156035,159744,~/YeeBois/projects/beep-effect3-worktrees/rsc-h3-telemetry,owner-unverified,unverified,source retained; archive from owner checkout,fleet observation only; archive from the owning checkout,foreign-owner
~/YeeBois/projects/beep-effect3-worktrees/rsc-h3-telemetry/.beep/h3-terminal5-claude-review.log,checkout-material,0,0,~/YeeBois/projects/beep-effect3-worktrees/rsc-h3-telemetry,owner-unverified,unverified,source retained; archive from owner checkout,fleet observation only; archive from the owning checkout,foreign-owner
~/YeeBois/projects/beep-effect3-worktrees/rsc-h3-telemetry/.beep/h3-parent-group-format.log,checkout-material,40,0,~/YeeBois/projects/beep-effect3-worktrees/rsc-h3-telemetry,owner-unverified,unverified,source retained; archive from owner checkout,fleet observation only; archive from the owning checkout,foreign-owner
~/YeeBois/projects/beep-effect3-worktrees/rsc-h3-telemetry/.beep/h3-parent-group-commit.log,checkout-material,1699,0,~/YeeBois/projects/beep-effect3-worktrees/rsc-h3-telemetry,owner-unverified,unverified,source retained; archive from owner checkout,fleet observation only; archive from the owning checkout,foreign-owner
~/YeeBois/projects/beep-effect3-worktrees/rsc-h3-telemetry/.beep/h3-terminal6-review.txt,checkout-material,167692,167936,~/YeeBois/projects/beep-effect3-worktrees/rsc-h3-telemetry,owner-unverified,unverified,source retained; archive from owner checkout,fleet observation only; archive from the owning checkout,foreign-owner
~/YeeBois/projects/beep-effect3-worktrees/rsc-h3-telemetry/.beep/h3-terminal6-codex-review.jsonl,checkout-material,894,0,~/YeeBois/projects/beep-effect3-worktrees/rsc-h3-telemetry,owner-unverified,unverified,source retained; archive from owner checkout,fleet observation only; archive from the owning checkout,foreign-owner
~/YeeBois/projects/beep-effect3-worktrees/rsc-h3-telemetry/.beep/h3-terminal6-codex-review.log,checkout-material,0,0,~/YeeBois/projects/beep-effect3-worktrees/rsc-h3-telemetry,owner-unverified,unverified,source retained; archive from owner checkout,fleet observation only; archive from the owning checkout,foreign-owner
~/YeeBois/projects/beep-effect3-worktrees/rsc-h3-telemetry/.beep/h3-root-only-format.log,checkout-material,44,0,~/YeeBois/projects/beep-effect3-worktrees/rsc-h3-telemetry,owner-unverified,unverified,source retained; archive from owner checkout,fleet observation only; archive from the owning checkout,foreign-owner
~/YeeBois/projects/beep-effect3-worktrees/rsc-h3-telemetry/.beep/h3-root-only-commit.log,checkout-material,1703,0,~/YeeBois/projects/beep-effect3-worktrees/rsc-h3-telemetry,owner-unverified,unverified,source retained; archive from owner checkout,fleet observation only; archive from the owning checkout,foreign-owner
~/YeeBois/projects/beep-effect3-worktrees/rsc-h3-telemetry/.beep/h3-start-order-format.log,checkout-material,45,0,~/YeeBois/projects/beep-effect3-worktrees/rsc-h3-telemetry,owner-unverified,unverified,source retained; archive from owner checkout,fleet observation only; archive from the owning checkout,foreign-owner
~/YeeBois/projects/beep-effect3-worktrees/rsc-h3-telemetry/.beep/h3-start-order-commit.log,checkout-material,1715,0,~/YeeBois/projects/beep-effect3-worktrees/rsc-h3-telemetry,owner-unverified,unverified,source retained; archive from owner checkout,fleet observation only; archive from the owning checkout,foreign-owner
~/YeeBois/projects/beep-effect3-worktrees/rsc-h3-telemetry/.beep/h3-start-order-inbox-ack.log,checkout-material,354,0,~/YeeBois/projects/beep-effect3-worktrees/rsc-h3-telemetry,owner-unverified,unverified,source retained; archive from owner checkout,fleet observation only; archive from the owning checkout,foreign-owner
~/YeeBois/projects/beep-effect3-worktrees/rsc-h3-telemetry/.beep/h3-inbox-latest.json,checkout-material,7653,8192,~/YeeBois/projects/beep-effect3-worktrees/rsc-h3-telemetry,owner-unverified,unverified,source retained; archive from owner checkout,fleet observation only; archive from the owning checkout,foreign-owner
~/YeeBois/projects/beep-effect3-worktrees/rsc-h3-telemetry/.beep/h3-order-docgen-inbox-ack.log,checkout-material,354,0,~/YeeBois/projects/beep-effect3-worktrees/rsc-h3-telemetry,owner-unverified,unverified,source retained; archive from owner checkout,fleet observation only; archive from the owning checkout,foreign-owner
~/YeeBois/projects/beep-effect3-worktrees/rsc-h3-telemetry/.beep/h3-partial-reader-format.log,checkout-material,42,0,~/YeeBois/projects/beep-effect3-worktrees/rsc-h3-telemetry,owner-unverified,unverified,source retained; archive from owner checkout,fleet observation only; archive from the owning checkout,foreign-owner
~/YeeBois/projects/beep-effect3-worktrees/rsc-h3-telemetry/.beep/h3-reader-tests-format.log,checkout-material,41,0,~/YeeBois/projects/beep-effect3-worktrees/rsc-h3-telemetry,owner-unverified,unverified,source retained; archive from owner checkout,fleet observation only; archive from the owning checkout,foreign-owner
~/YeeBois/projects/beep-effect3-worktrees/rsc-h3-telemetry/.beep/h3-reader-tests-commit.log,checkout-material,1721,0,~/YeeBois/projects/beep-effect3-worktrees/rsc-h3-telemetry,owner-unverified,unverified,source retained; archive from owner checkout,fleet observation only; archive from the owning checkout,foreign-owner
~/YeeBois/projects/beep-effect3-worktrees/rsc-h3-telemetry/.beep/h3-terminal7-review.txt,checkout-material,211645,212992,~/YeeBois/projects/beep-effect3-worktrees/rsc-h3-telemetry,owner-unverified,unverified,source retained; archive from owner checkout,fleet observation only; archive from the owning checkout,foreign-owner
~/YeeBois/projects/beep-effect3-worktrees/rsc-h3-telemetry/.beep/h3-terminal7-claude-review.json,checkout-material,140155,143360,~/YeeBois/projects/beep-effect3-worktrees/rsc-h3-telemetry,owner-unverified,unverified,source retained; archive from owner checkout,fleet observation only; archive from the owning checkout,foreign-owner
~/YeeBois/projects/beep-effect3-worktrees/rsc-h3-telemetry/.beep/h3-terminal7-claude-review.log,checkout-material,0,0,~/YeeBois/projects/beep-effect3-worktrees/rsc-h3-telemetry,owner-unverified,unverified,source retained; archive from owner checkout,fleet observation only; archive from the owning checkout,foreign-owner
~/YeeBois/projects/beep-effect3-worktrees/rsc-h3-telemetry/.beep/h3-terminal7-codex-review.jsonl,checkout-material,1048,0,~/YeeBois/projects/beep-effect3-worktrees/rsc-h3-telemetry,owner-unverified,unverified,source retained; archive from owner checkout,fleet observation only; archive from the owning checkout,foreign-owner
~/YeeBois/projects/beep-effect3-worktrees/rsc-h3-telemetry/.beep/h3-terminal7-codex-review.log,checkout-material,0,0,~/YeeBois/projects/beep-effect3-worktrees/rsc-h3-telemetry,owner-unverified,unverified,source retained; archive from owner checkout,fleet observation only; archive from the owning checkout,foreign-owner
~/YeeBois/projects/beep-effect3-worktrees/rsc-h3-telemetry/.beep/h3-publish-handoff-commit.log,checkout-material,1667,0,~/YeeBois/projects/beep-effect3-worktrees/rsc-h3-telemetry,owner-unverified,unverified,source retained; archive from owner checkout,fleet observation only; archive from the owning checkout,foreign-owner
~/YeeBois/projects/beep-effect3-worktrees/rsc-h3-telemetry/.beep/h3-publish.log,checkout-material,38,0,~/YeeBois/projects/beep-effect3-worktrees/rsc-h3-telemetry,owner-unverified,unverified,source retained; archive from owner checkout,fleet observation only; archive from the owning checkout,foreign-owner
~/YeeBois/projects/beep-effect3-worktrees/rsc-h3-telemetry/.beep/h3-depth-format.log,checkout-material,41,0,~/YeeBois/projects/beep-effect3-worktrees/rsc-h3-telemetry,owner-unverified,unverified,source retained; archive from owner checkout,fleet observation only; archive from the owning checkout,foreign-owner
~/YeeBois/projects/beep-effect3-worktrees/rsc-h3-telemetry/.beep/h3-depth-commit.log,checkout-material,1712,0,~/YeeBois/projects/beep-effect3-worktrees/rsc-h3-telemetry,owner-unverified,unverified,source retained; archive from owner checkout,fleet observation only; archive from the owning checkout,foreign-owner
~/YeeBois/projects/beep-effect3-worktrees/rsc-h3-telemetry/.beep/h3-bounded-writer-format.log,checkout-material,40,0,~/YeeBois/projects/beep-effect3-worktrees/rsc-h3-telemetry,owner-unverified,unverified,source retained; archive from owner checkout,fleet observation only; archive from the owning checkout,foreign-owner
~/YeeBois/projects/beep-effect3-worktrees/rsc-h3-telemetry/.beep/h3-bounded-writer-commit.log,checkout-material,1719,0,~/YeeBois/projects/beep-effect3-worktrees/rsc-h3-telemetry,owner-unverified,unverified,source retained; archive from owner checkout,fleet observation only; archive from the owning checkout,foreign-owner
~/YeeBois/projects/beep-effect3-worktrees/rsc-h3-telemetry/.beep/h3-timeout-test-format.log,checkout-material,44,0,~/YeeBois/projects/beep-effect3-worktrees/rsc-h3-telemetry,owner-unverified,unverified,source retained; archive from owner checkout,fleet observation only; archive from the owning checkout,foreign-owner
~/YeeBois/projects/beep-effect3-worktrees/rsc-h3-telemetry/.beep/h3-timeout-test-commit.log,checkout-material,1714,0,~/YeeBois/projects/beep-effect3-worktrees/rsc-h3-telemetry,owner-unverified,unverified,source retained; archive from owner checkout,fleet observation only; archive from the owning checkout,foreign-owner
~/YeeBois/projects/beep-effect3-worktrees/rsc-h3-telemetry/.beep/h3-terminal8-review.txt,checkout-material,215119,217088,~/YeeBois/projects/beep-effect3-worktrees/rsc-h3-telemetry,owner-unverified,unverified,source retained; archive from owner checkout,fleet observation only; archive from the owning checkout,foreign-owner
~/YeeBois/projects/beep-effect3-worktrees/rsc-h3-telemetry/.beep/h3-terminal8-claude-review.json,checkout-material,176745,180224,~/YeeBois/projects/beep-effect3-worktrees/rsc-h3-telemetry,owner-unverified,unverified,source retained; archive from owner checkout,fleet observation only; archive from the owning checkout,foreign-owner
~/YeeBois/projects/beep-effect3-worktrees/rsc-h3-telemetry/.beep/h3-terminal8-claude-review.log,checkout-material,0,0,~/YeeBois/projects/beep-effect3-worktrees/rsc-h3-telemetry,owner-unverified,unverified,source retained; archive from owner checkout,fleet observation only; archive from the owning checkout,foreign-owner
~/YeeBois/projects/beep-effect3-worktrees/rsc-h3-telemetry/.beep/h3-terminal8-codex-review.jsonl,checkout-material,1467,0,~/YeeBois/projects/beep-effect3-worktrees/rsc-h3-telemetry,owner-unverified,unverified,source retained; archive from owner checkout,fleet observation only; archive from the owning checkout,foreign-owner
~/YeeBois/projects/beep-effect3-worktrees/rsc-h3-telemetry/.beep/h3-terminal8-codex-review.log,checkout-material,0,0,~/YeeBois/projects/beep-effect3-worktrees/rsc-h3-telemetry,owner-unverified,unverified,source retained; archive from owner checkout,fleet observation only; archive from the owning checkout,foreign-owner
~/YeeBois/projects/beep-effect3-worktrees/rsc-h3-telemetry/.beep/h3-source-boundary-smoke.log,checkout-material,32,0,~/YeeBois/projects/beep-effect3-worktrees/rsc-h3-telemetry,owner-unverified,unverified,source retained; archive from owner checkout,fleet observation only; archive from the owning checkout,foreign-owner
~/YeeBois/projects/beep-effect3-worktrees/rsc-h3-telemetry/.beep/h3-proven-focused.head,checkout-material,41,0,~/YeeBois/projects/beep-effect3-worktrees/rsc-h3-telemetry,owner-unverified,unverified,source retained; archive from owner checkout,fleet observation only; archive from the owning checkout,foreign-owner
~/YeeBois/projects/beep-effect3-worktrees/rsc-h3-telemetry/.beep/h3-proven-focused.log,checkout-material,6627,8192,~/YeeBois/projects/beep-effect3-worktrees/rsc-h3-telemetry,owner-unverified,unverified,source retained; archive from owner checkout,fleet observation only; archive from the owning checkout,foreign-owner
~/YeeBois/projects/beep-effect3-worktrees/rsc-h3-telemetry/.beep/h3-proven-focused.result,checkout-material,2,0,~/YeeBois/projects/beep-effect3-worktrees/rsc-h3-telemetry,owner-unverified,unverified,source retained; archive from owner checkout,fleet observation only; archive from the owning checkout,foreign-owner
~/YeeBois/projects/beep-effect3-worktrees/rsc-h3-telemetry/.beep/h3-proven-package-ai.head,checkout-material,41,0,~/YeeBois/projects/beep-effect3-worktrees/rsc-h3-telemetry,owner-unverified,unverified,source retained; archive from owner checkout,fleet observation only; archive from the owning checkout,foreign-owner
~/YeeBois/projects/beep-effect3-worktrees/rsc-h3-telemetry/.beep/h3-proven-package-ai.log,checkout-material,6537,8192,~/YeeBois/projects/beep-effect3-worktrees/rsc-h3-telemetry,owner-unverified,unverified,source retained; archive from owner checkout,fleet observation only; archive from the owning checkout,foreign-owner
~/YeeBois/projects/beep-effect3-worktrees/rsc-h3-telemetry/.beep/h3-ancestry-parity-format.log,checkout-material,42,0,~/YeeBois/projects/beep-effect3-worktrees/rsc-h3-telemetry,owner-unverified,unverified,source retained; archive from owner checkout,fleet observation only; archive from the owning checkout,foreign-owner
~/YeeBois/projects/beep-effect3-worktrees/rsc-h3-telemetry/.beep/h3-ancestry-parity-commit.log,checkout-material,1713,0,~/YeeBois/projects/beep-effect3-worktrees/rsc-h3-telemetry,owner-unverified,unverified,source retained; archive from owner checkout,fleet observation only; archive from the owning checkout,foreign-owner
~/YeeBois/projects/beep-effect3-worktrees/rsc-h3-telemetry/.beep/h3-proven-package-ai.result,checkout-material,2,0,~/YeeBois/projects/beep-effect3-worktrees/rsc-h3-telemetry,owner-unverified,unverified,source retained; archive from owner checkout,fleet observation only; archive from the owning checkout,foreign-owner
~/YeeBois/projects/beep-effect3-worktrees/rsc-h3-telemetry/.beep/h3-proven-fallow-audit.head,checkout-material,41,0,~/YeeBois/projects/beep-effect3-worktrees/rsc-h3-telemetry,owner-unverified,unverified,source retained; archive from owner checkout,fleet observation only; archive from the owning checkout,foreign-owner
~/YeeBois/projects/beep-effect3-worktrees/rsc-h3-telemetry/.beep/h3-proven-fallow-audit.log,checkout-material,1291,0,~/YeeBois/projects/beep-effect3-worktrees/rsc-h3-telemetry,owner-unverified,unverified,source retained; archive from owner checkout,fleet observation only; archive from the owning checkout,foreign-owner
~/YeeBois/projects/beep-effect3-worktrees/rsc-h3-telemetry/.beep/h3-proven-fallow-audit.json,checkout-material,1067,0,~/YeeBois/projects/beep-effect3-worktrees/rsc-h3-telemetry,owner-unverified,unverified,source retained; archive from owner checkout,fleet observation only; archive from the owning checkout,foreign-owner
~/YeeBois/projects/beep-effect3-worktrees/rsc-h3-telemetry/.beep/h3-proven-fallow-audit.result,checkout-material,2,0,~/YeeBois/projects/beep-effect3-worktrees/rsc-h3-telemetry,owner-unverified,unverified,source retained; archive from owner checkout,fleet observation only; archive from the owning checkout,foreign-owner
~/YeeBois/projects/beep-effect3-worktrees/rsc-h3-telemetry/.beep/h3-proven-fallow-health.head,checkout-material,41,0,~/YeeBois/projects/beep-effect3-worktrees/rsc-h3-telemetry,owner-unverified,unverified,source retained; archive from owner checkout,fleet observation only; archive from the owning checkout,foreign-owner
~/YeeBois/projects/beep-effect3-worktrees/rsc-h3-telemetry/.beep/h3-proven-fallow-health.log,checkout-material,1363,0,~/YeeBois/projects/beep-effect3-worktrees/rsc-h3-telemetry,owner-unverified,unverified,source retained; archive from owner checkout,fleet observation only; archive from the owning checkout,foreign-owner
~/YeeBois/projects/beep-effect3-worktrees/rsc-h3-telemetry/.beep/h3-proven-fallow-health.json,checkout-material,1136,0,~/YeeBois/projects/beep-effect3-worktrees/rsc-h3-telemetry,owner-unverified,unverified,source retained; archive from owner checkout,fleet observation only; archive from the owning checkout,foreign-owner
~/YeeBois/projects/beep-effect3-worktrees/rsc-h3-telemetry/.beep/h3-proven-fallow-health.result,checkout-material,2,0,~/YeeBois/projects/beep-effect3-worktrees/rsc-h3-telemetry,owner-unverified,unverified,source retained; archive from owner checkout,fleet observation only; archive from the owning checkout,foreign-owner
~/YeeBois/projects/beep-effect3-worktrees/rsc-h3-telemetry/.beep/h3-proven-test-tsgo.head,checkout-material,41,0,~/YeeBois/projects/beep-effect3-worktrees/rsc-h3-telemetry,owner-unverified,unverified,source retained; archive from owner checkout,fleet observation only; archive from the owning checkout,foreign-owner
~/YeeBois/projects/beep-effect3-worktrees/rsc-h3-telemetry/.beep/h3-proven-test-tsgo.log,checkout-material,2808,0,~/YeeBois/projects/beep-effect3-worktrees/rsc-h3-telemetry,owner-unverified,unverified,source retained; archive from owner checkout,fleet observation only; archive from the owning checkout,foreign-owner
~/YeeBois/projects/beep-effect3-worktrees/rsc-h3-telemetry/.beep/h3-proven-test-tsgo.result,checkout-material,2,0,~/YeeBois/projects/beep-effect3-worktrees/rsc-h3-telemetry,owner-unverified,unverified,source retained; archive from owner checkout,fleet observation only; archive from the owning checkout,foreign-owner
~/YeeBois/projects/beep-effect3-worktrees/rsc-h3-telemetry/.beep/h3-proven-census.head,checkout-material,41,0,~/YeeBois/projects/beep-effect3-worktrees/rsc-h3-telemetry,owner-unverified,unverified,source retained; archive from owner checkout,fleet observation only; archive from the owning checkout,foreign-owner
~/YeeBois/projects/beep-effect3-worktrees/rsc-h3-telemetry/.beep/h3-proven-census.log,checkout-material,357,0,~/YeeBois/projects/beep-effect3-worktrees/rsc-h3-telemetry,owner-unverified,unverified,source retained; archive from owner checkout,fleet observation only; archive from the owning checkout,foreign-owner
~/YeeBois/projects/beep-effect3-worktrees/rsc-h3-telemetry/.beep/h3-proven-census.result,checkout-material,2,0,~/YeeBois/projects/beep-effect3-worktrees/rsc-h3-telemetry,owner-unverified,unverified,source retained; archive from owner checkout,fleet observation only; archive from the owning checkout,foreign-owner
~/YeeBois/projects/beep-effect3-worktrees/rsc-h3-telemetry/.beep/h3-proven-prune-claude.head,checkout-material,41,0,~/YeeBois/projects/beep-effect3-worktrees/rsc-h3-telemetry,owner-unverified,unverified,source retained; archive from owner checkout,fleet observation only; archive from the owning checkout,foreign-owner
~/YeeBois/projects/beep-effect3-worktrees/rsc-h3-telemetry/.beep/h3-proven-prune-claude.log,checkout-material,922,0,~/YeeBois/projects/beep-effect3-worktrees/rsc-h3-telemetry,owner-unverified,unverified,source retained; archive from owner checkout,fleet observation only; archive from the owning checkout,foreign-owner
~/YeeBois/projects/beep-effect3-worktrees/rsc-h3-telemetry/.beep/h3-proven-prune-claude.result,checkout-material,2,0,~/YeeBois/projects/beep-effect3-worktrees/rsc-h3-telemetry,owner-unverified,unverified,source retained; archive from owner checkout,fleet observation only; archive from the owning checkout,foreign-owner
~/YeeBois/projects/beep-effect3-worktrees/rsc-h3-telemetry/.beep/h3-proven-prune-codex.head,checkout-material,41,0,~/YeeBois/projects/beep-effect3-worktrees/rsc-h3-telemetry,owner-unverified,unverified,source retained; archive from owner checkout,fleet observation only; archive from the owning checkout,foreign-owner
~/YeeBois/projects/beep-effect3-worktrees/rsc-h3-telemetry/.beep/h3-proven-prune-codex.log,checkout-material,917,0,~/YeeBois/projects/beep-effect3-worktrees/rsc-h3-telemetry,owner-unverified,unverified,source retained; archive from owner checkout,fleet observation only; archive from the owning checkout,foreign-owner
~/YeeBois/projects/beep-effect3-worktrees/rsc-h3-telemetry/.beep/h3-proven-prune-codex.result,checkout-material,2,0,~/YeeBois/projects/beep-effect3-worktrees/rsc-h3-telemetry,owner-unverified,unverified,source retained; archive from owner checkout,fleet observation only; archive from the owning checkout,foreign-owner
~/YeeBois/projects/beep-effect3-worktrees/rsc-h3-telemetry/.beep/h3-proven-prune-cursor.head,checkout-material,41,0,~/YeeBois/projects/beep-effect3-worktrees/rsc-h3-telemetry,owner-unverified,unverified,source retained; archive from owner checkout,fleet observation only; archive from the owning checkout,foreign-owner
~/YeeBois/projects/beep-effect3-worktrees/rsc-h3-telemetry/.beep/h3-proven-prune-cursor.log,checkout-material,914,0,~/YeeBois/projects/beep-effect3-worktrees/rsc-h3-telemetry,owner-unverified,unverified,source retained; archive from owner checkout,fleet observation only; archive from the owning checkout,foreign-owner
~/YeeBois/projects/beep-effect3-worktrees/rsc-h3-telemetry/.beep/h3-proven-prune-cursor.result,checkout-material,2,0,~/YeeBois/projects/beep-effect3-worktrees/rsc-h3-telemetry,owner-unverified,unverified,source retained; archive from owner checkout,fleet observation only; archive from the owning checkout,foreign-owner
~/YeeBois/projects/beep-effect3-worktrees/rsc-h3-telemetry/.beep/h3-proven-package-cli.head,checkout-material,41,0,~/YeeBois/projects/beep-effect3-worktrees/rsc-h3-telemetry,owner-unverified,unverified,source retained; archive from owner checkout,fleet observation only; archive from the owning checkout,foreign-owner
~/YeeBois/projects/beep-effect3-worktrees/rsc-h3-telemetry/.beep/h3-proven-package-cli.log,checkout-material,20907,24576,~/YeeBois/projects/beep-effect3-worktrees/rsc-h3-telemetry,owner-unverified,unverified,source retained; archive from owner checkout,fleet observation only; archive from the owning checkout,foreign-owner
~/YeeBois/projects/beep-effect3-worktrees/rsc-h3-telemetry/.beep/h3-proven-package-cli.result,checkout-material,2,0,~/YeeBois/projects/beep-effect3-worktrees/rsc-h3-telemetry,owner-unverified,unverified,source retained; archive from owner checkout,fleet observation only; archive from the owning checkout,foreign-owner
~/YeeBois/projects/beep-effect3-worktrees/rsc-h3-telemetry/.beep/h3-proven-docgen.head,checkout-material,41,0,~/YeeBois/projects/beep-effect3-worktrees/rsc-h3-telemetry,owner-unverified,unverified,source retained; archive from owner checkout,fleet observation only; archive from the owning checkout,foreign-owner
~/YeeBois/projects/beep-effect3-worktrees/rsc-h3-telemetry/.beep/h3-proven-docgen.log,checkout-material,9087,12288,~/YeeBois/projects/beep-effect3-worktrees/rsc-h3-telemetry,owner-unverified,unverified,source retained; archive from owner checkout,fleet observation only; archive from the owning checkout,foreign-owner
~/YeeBois/projects/beep-effect3-worktrees/rsc-h3-telemetry/.beep/h3-proven-docgen.result,checkout-material,2,0,~/YeeBois/projects/beep-effect3-worktrees/rsc-h3-telemetry,owner-unverified,unverified,source retained; archive from owner checkout,fleet observation only; archive from the owning checkout,foreign-owner
~/YeeBois/projects/beep-effect3-worktrees/rsc-h3-telemetry/.beep/h3-proven-jsdoc.head,checkout-material,41,0,~/YeeBois/projects/beep-effect3-worktrees/rsc-h3-telemetry,owner-unverified,unverified,source retained; archive from owner checkout,fleet observation only; archive from the owning checkout,foreign-owner
~/YeeBois/projects/beep-effect3-worktrees/rsc-h3-telemetry/.beep/h3-proven-jsdoc.log,checkout-material,5323,8192,~/YeeBois/projects/beep-effect3-worktrees/rsc-h3-telemetry,owner-unverified,unverified,source retained; archive from owner checkout,fleet observation only; archive from the owning checkout,foreign-owner
~/YeeBois/projects/beep-effect3-worktrees/rsc-h3-telemetry/.beep/h3-proven-jsdoc.result,checkout-material,2,0,~/YeeBois/projects/beep-effect3-worktrees/rsc-h3-telemetry,owner-unverified,unverified,source retained; archive from owner checkout,fleet observation only; archive from the owning checkout,foreign-owner
~/YeeBois/projects/beep-effect3-worktrees/rsc-h3-telemetry/.beep/h3-proven-knowledge.head,checkout-material,41,0,~/YeeBois/projects/beep-effect3-worktrees/rsc-h3-telemetry,owner-unverified,unverified,source retained; archive from owner checkout,fleet observation only; archive from the owning checkout,foreign-owner
~/YeeBois/projects/beep-effect3-worktrees/rsc-h3-telemetry/.beep/h3-proven-knowledge.log,checkout-material,512814,516096,~/YeeBois/projects/beep-effect3-worktrees/rsc-h3-telemetry,owner-unverified,unverified,source retained; archive from owner checkout,fleet observation only; archive from the owning checkout,foreign-owner
~/YeeBois/projects/beep-effect3-worktrees/rsc-h3-telemetry/.beep/h3-proven-knowledge.result,checkout-material,2,0,~/YeeBois/projects/beep-effect3-worktrees/rsc-h3-telemetry,owner-unverified,unverified,source retained; archive from owner checkout,fleet observation only; archive from the owning checkout,foreign-owner
~/YeeBois/projects/beep-effect3-worktrees/rsc-h3-telemetry/.beep/h3-verified-gates.sh,checkout-material,2150,0,~/YeeBois/projects/beep-effect3-worktrees/rsc-h3-telemetry,owner-unverified,unverified,source retained; archive from owner checkout,fleet observation only; archive from the owning checkout,foreign-owner
~/YeeBois/projects/beep-effect3-worktrees/rsc-h3-telemetry/.beep/h3-terminal9-review.txt,checkout-material,261655,262144,~/YeeBois/projects/beep-effect3-worktrees/rsc-h3-telemetry,owner-unverified,unverified,source retained; archive from owner checkout,fleet observation only; archive from the owning checkout,foreign-owner
~/YeeBois/projects/beep-effect3-worktrees/rsc-h3-telemetry/.beep/h3-verified-admission.log,checkout-material,38,0,~/YeeBois/projects/beep-effect3-worktrees/rsc-h3-telemetry,owner-unverified,unverified,source retained; archive from owner checkout,fleet observation only; archive from the owning checkout,foreign-owner
~/YeeBois/projects/beep-effect3-worktrees/rsc-h3-telemetry/.beep/h3-terminal9-claude-review.json,checkout-material,159831,163840,~/YeeBois/projects/beep-effect3-worktrees/rsc-h3-telemetry,owner-unverified,unverified,source retained; archive from owner checkout,fleet observation only; archive from the owning checkout,foreign-owner
~/YeeBois/projects/beep-effect3-worktrees/rsc-h3-telemetry/.beep/h3-terminal9-claude-review.log,checkout-material,0,0,~/YeeBois/projects/beep-effect3-worktrees/rsc-h3-telemetry,owner-unverified,unverified,source retained; archive from owner checkout,fleet observation only; archive from the owning checkout,foreign-owner
~/YeeBois/projects/beep-effect3-worktrees/rsc-h3-telemetry/.beep/h3-terminal9-codex-review.jsonl,checkout-material,4162,8192,~/YeeBois/projects/beep-effect3-worktrees/rsc-h3-telemetry,owner-unverified,unverified,source retained; archive from owner checkout,fleet observation only; archive from the owning checkout,foreign-owner
~/YeeBois/projects/beep-effect3-worktrees/rsc-h3-telemetry/.beep/h3-terminal9-codex-review.log,checkout-material,0,0,~/YeeBois/projects/beep-effect3-worktrees/rsc-h3-telemetry,owner-unverified,unverified,source retained; archive from owner checkout,fleet observation only; archive from the owning checkout,foreign-owner
~/YeeBois/projects/beep-effect3-worktrees/rsc-h3-telemetry/.beep/h3-inbox-after-api.json,checkout-material,9724,12288,~/YeeBois/projects/beep-effect3-worktrees/rsc-h3-telemetry,owner-unverified,unverified,source retained; archive from owner checkout,fleet observation only; archive from the owning checkout,foreign-owner
~/YeeBois/projects/beep-effect3-worktrees/rsc-h3-telemetry/.beep/h3-bounded-claude-workflows.sh,checkout-material,821,0,~/YeeBois/projects/beep-effect3-worktrees/rsc-h3-telemetry,owner-unverified,unverified,source retained; archive from owner checkout,fleet observation only; archive from the owning checkout,foreign-owner
~/YeeBois/projects/beep-effect3-worktrees/rsc-h3-telemetry/.beep/h3-bounded-claude-primary.json,checkout-material,1799,0,~/YeeBois/projects/beep-effect3-worktrees/rsc-h3-telemetry,owner-unverified,unverified,source retained; archive from owner checkout,fleet observation only; archive from the owning checkout,foreign-owner
~/YeeBois/projects/beep-effect3-worktrees/rsc-h3-telemetry/.beep/h3-bounded-claude-primary.log,checkout-material,0,0,~/YeeBois/projects/beep-effect3-worktrees/rsc-h3-telemetry,owner-unverified,unverified,source retained; archive from owner checkout,fleet observation only; archive from the owning checkout,foreign-owner
~/YeeBois/projects/beep-effect3-worktrees/rsc-h3-telemetry/.beep/h3-bounded-claude-primary.result,checkout-material,2,0,~/YeeBois/projects/beep-effect3-worktrees/rsc-h3-telemetry,owner-unverified,unverified,source retained; archive from owner checkout,fleet observation only; archive from the owning checkout,foreign-owner
~/YeeBois/projects/beep-effect3-worktrees/rsc-h3-telemetry/.beep/h3-bounded-claude-linked.json,checkout-material,1797,0,~/YeeBois/projects/beep-effect3-worktrees/rsc-h3-telemetry,owner-unverified,unverified,source retained; archive from owner checkout,fleet observation only; archive from the owning checkout,foreign-owner
~/YeeBois/projects/beep-effect3-worktrees/rsc-h3-telemetry/.beep/h3-bounded-claude-linked.log,checkout-material,0,0,~/YeeBois/projects/beep-effect3-worktrees/rsc-h3-telemetry,owner-unverified,unverified,source retained; archive from owner checkout,fleet observation only; archive from the owning checkout,foreign-owner
~/YeeBois/projects/beep-effect3-worktrees/rsc-h3-telemetry/.beep/h3-bounded-claude-linked.result,checkout-material,2,0,~/YeeBois/projects/beep-effect3-worktrees/rsc-h3-telemetry,owner-unverified,unverified,source retained; archive from owner checkout,fleet observation only; archive from the owning checkout,foreign-owner
~/YeeBois/projects/beep-effect3-worktrees/rsc-h3-telemetry/.beep/h3-verified-focused.head,checkout-material,41,0,~/YeeBois/projects/beep-effect3-worktrees/rsc-h3-telemetry,owner-unverified,unverified,source retained; archive from owner checkout,fleet observation only; archive from the owning checkout,foreign-owner
~/YeeBois/projects/beep-effect3-worktrees/rsc-h3-telemetry/.beep/h3-verified-focused.log,checkout-material,2335,0,~/YeeBois/projects/beep-effect3-worktrees/rsc-h3-telemetry,owner-unverified,unverified,source retained; archive from owner checkout,fleet observation only; archive from the owning checkout,foreign-owner
~/YeeBois/projects/beep-effect3-worktrees/rsc-h3-telemetry/.beep/h3-verified-focused.result,checkout-material,2,0,~/YeeBois/projects/beep-effect3-worktrees/rsc-h3-telemetry,owner-unverified,unverified,source retained; archive from owner checkout,fleet observation only; archive from the owning checkout,foreign-owner
~/YeeBois/projects/beep-effect3-worktrees/rsc-h3-telemetry/.beep/h3-verified-package-ai.head,checkout-material,41,0,~/YeeBois/projects/beep-effect3-worktrees/rsc-h3-telemetry,owner-unverified,unverified,source retained; archive from owner checkout,fleet observation only; archive from the owning checkout,foreign-owner
~/YeeBois/projects/beep-effect3-worktrees/rsc-h3-telemetry/.beep/h3-verified-package-ai.log,checkout-material,359,0,~/YeeBois/projects/beep-effect3-worktrees/rsc-h3-telemetry,owner-unverified,unverified,source retained; archive from owner checkout,fleet observation only; archive from the owning checkout,foreign-owner
~/YeeBois/projects/beep-effect3-worktrees/rsc-h3-telemetry/.beep/h3-verified-package-ai.result,checkout-material,2,0,~/YeeBois/projects/beep-effect3-worktrees/rsc-h3-telemetry,owner-unverified,unverified,source retained; archive from owner checkout,fleet observation only; archive from the owning checkout,foreign-owner
~/YeeBois/projects/beep-effect3-worktrees/rsc-h3-telemetry/.beep/h3-verified-fallow-audit.head,checkout-material,41,0,~/YeeBois/projects/beep-effect3-worktrees/rsc-h3-telemetry,owner-unverified,unverified,source retained; archive from owner checkout,fleet observation only; archive from the owning checkout,foreign-owner
~/YeeBois/projects/beep-effect3-worktrees/rsc-h3-telemetry/.beep/h3-verified-fallow-audit.log,checkout-material,414,0,~/YeeBois/projects/beep-effect3-worktrees/rsc-h3-telemetry,owner-unverified,unverified,source retained; archive from owner checkout,fleet observation only; archive from the owning checkout,foreign-owner
~/YeeBois/projects/beep-effect3-worktrees/rsc-h3-telemetry/.beep/h3-verified-fallow-audit.json,checkout-material,626,0,~/YeeBois/projects/beep-effect3-worktrees/rsc-h3-telemetry,owner-unverified,unverified,source retained; archive from owner checkout,fleet observation only; archive from the owning checkout,foreign-owner
~/YeeBois/projects/beep-effect3-worktrees/rsc-h3-telemetry/.beep/h3-verified-fallow-audit.result,checkout-material,2,0,~/YeeBois/projects/beep-effect3-worktrees/rsc-h3-telemetry,owner-unverified,unverified,source retained; archive from owner checkout,fleet observation only; archive from the owning checkout,foreign-owner
~/YeeBois/projects/beep-effect3-worktrees/rsc-h3-telemetry/.beep/h3-verified-fallow-health.head,checkout-material,41,0,~/YeeBois/projects/beep-effect3-worktrees/rsc-h3-telemetry,owner-unverified,unverified,source retained; archive from owner checkout,fleet observation only; archive from the owning checkout,foreign-owner
~/YeeBois/projects/beep-effect3-worktrees/rsc-h3-telemetry/.beep/h3-verified-fallow-health.log,checkout-material,416,0,~/YeeBois/projects/beep-effect3-worktrees/rsc-h3-telemetry,owner-unverified,unverified,source retained; archive from owner checkout,fleet observation only; archive from the owning checkout,foreign-owner
~/YeeBois/projects/beep-effect3-worktrees/rsc-h3-telemetry/.beep/h3-verified-fallow-health.json,checkout-material,631,0,~/YeeBois/projects/beep-effect3-worktrees/rsc-h3-telemetry,owner-unverified,unverified,source retained; archive from owner checkout,fleet observation only; archive from the owning checkout,foreign-owner
~/YeeBois/projects/beep-effect3-worktrees/rsc-h3-telemetry/.beep/h3-verified-fallow-health.result,checkout-material,2,0,~/YeeBois/projects/beep-effect3-worktrees/rsc-h3-telemetry,owner-unverified,unverified,source retained; archive from owner checkout,fleet observation only; archive from the owning checkout,foreign-owner
~/YeeBois/projects/beep-effect3-worktrees/rsc-h3-telemetry/.beep/h3-verified-test-tsgo.head,checkout-material,41,0,~/YeeBois/projects/beep-effect3-worktrees/rsc-h3-telemetry,owner-unverified,unverified,source retained; archive from owner checkout,fleet observation only; archive from the owning checkout,foreign-owner
~/YeeBois/projects/beep-effect3-worktrees/rsc-h3-telemetry/.beep/h3-verified-test-tsgo.log,checkout-material,210,0,~/YeeBois/projects/beep-effect3-worktrees/rsc-h3-telemetry,owner-unverified,unverified,source retained; archive from owner checkout,fleet observation only; archive from the owning checkout,foreign-owner
~/YeeBois/projects/beep-effect3-worktrees/rsc-h3-telemetry/.beep/h3-verified-test-tsgo.result,checkout-material,2,0,~/YeeBois/projects/beep-effect3-worktrees/rsc-h3-telemetry,owner-unverified,unverified,source retained; archive from owner checkout,fleet observation only; archive from the owning checkout,foreign-owner
~/YeeBois/projects/beep-effect3-worktrees/rsc-h3-telemetry/.beep/h3-verified-census.head,checkout-material,41,0,~/YeeBois/projects/beep-effect3-worktrees/rsc-h3-telemetry,owner-unverified,unverified,source retained; archive from owner checkout,fleet observation only; archive from the owning checkout,foreign-owner
~/YeeBois/projects/beep-effect3-worktrees/rsc-h3-telemetry/.beep/h3-verified-census.log,checkout-material,357,0,~/YeeBois/projects/beep-effect3-worktrees/rsc-h3-telemetry,owner-unverified,unverified,source retained; archive from owner checkout,fleet observation only; archive from the owning checkout,foreign-owner
~/YeeBois/projects/beep-effect3-worktrees/rsc-h3-telemetry/.beep/h3-verified-census.result,checkout-material,2,0,~/YeeBois/projects/beep-effect3-worktrees/rsc-h3-telemetry,owner-unverified,unverified,source retained; archive from owner checkout,fleet observation only; archive from the owning checkout,foreign-owner
~/YeeBois/projects/beep-effect3-worktrees/rsc-h3-telemetry/.beep/h3-verified-prune-claude.head,checkout-material,41,0,~/YeeBois/projects/beep-effect3-worktrees/rsc-h3-telemetry,owner-unverified,unverified,source retained; archive from owner checkout,fleet observation only; archive from the owning checkout,foreign-owner
~/YeeBois/projects/beep-effect3-worktrees/rsc-h3-telemetry/.beep/h3-verified-prune-claude.log,checkout-material,922,0,~/YeeBois/projects/beep-effect3-worktrees/rsc-h3-telemetry,owner-unverified,unverified,source retained; archive from owner checkout,fleet observation only; archive from the owning checkout,foreign-owner
~/YeeBois/projects/beep-effect3-worktrees/rsc-h3-telemetry/.beep/h3-verified-prune-claude.result,checkout-material,2,0,~/YeeBois/projects/beep-effect3-worktrees/rsc-h3-telemetry,owner-unverified,unverified,source retained; archive from owner checkout,fleet observation only; archive from the owning checkout,foreign-owner
~/YeeBois/projects/beep-effect3-worktrees/rsc-h3-telemetry/.beep/h3-verified-prune-codex.head,checkout-material,41,0,~/YeeBois/projects/beep-effect3-worktrees/rsc-h3-telemetry,owner-unverified,unverified,source retained; archive from owner checkout,fleet observation only; archive from the owning checkout,foreign-owner
~/YeeBois/projects/beep-effect3-worktrees/rsc-h3-telemetry/.beep/h3-verified-prune-codex.log,checkout-material,917,0,~/YeeBois/projects/beep-effect3-worktrees/rsc-h3-telemetry,owner-unverified,unverified,source retained; archive from owner checkout,fleet observation only; archive from the owning checkout,foreign-owner
~/YeeBois/projects/beep-effect3-worktrees/rsc-h3-telemetry/.beep/h3-verified-prune-codex.result,checkout-material,2,0,~/YeeBois/projects/beep-effect3-worktrees/rsc-h3-telemetry,owner-unverified,unverified,source retained; archive from owner checkout,fleet observation only; archive from the owning checkout,foreign-owner
~/YeeBois/projects/beep-effect3-worktrees/rsc-h3-telemetry/.beep/h3-verified-prune-cursor.head,checkout-material,41,0,~/YeeBois/projects/beep-effect3-worktrees/rsc-h3-telemetry,owner-unverified,unverified,source retained; archive from owner checkout,fleet observation only; archive from the owning checkout,foreign-owner
~/YeeBois/projects/beep-effect3-worktrees/rsc-h3-telemetry/.beep/h3-verified-prune-cursor.log,checkout-material,914,0,~/YeeBois/projects/beep-effect3-worktrees/rsc-h3-telemetry,owner-unverified,unverified,source retained; archive from owner checkout,fleet observation only; archive from the owning checkout,foreign-owner
~/YeeBois/projects/beep-effect3-worktrees/rsc-h3-telemetry/.beep/h3-verified-prune-cursor.result,checkout-material,2,0,~/YeeBois/projects/beep-effect3-worktrees/rsc-h3-telemetry,owner-unverified,unverified,source retained; archive from owner checkout,fleet observation only; archive from the owning checkout,foreign-owner
~/YeeBois/projects/beep-effect3-worktrees/rsc-h3-telemetry/.beep/h3-verified-package-cli.head,checkout-material,41,0,~/YeeBois/projects/beep-effect3-worktrees/rsc-h3-telemetry,owner-unverified,unverified,source retained; archive from owner checkout,fleet observation only; archive from the owning checkout,foreign-owner
~/YeeBois/projects/beep-effect3-worktrees/rsc-h3-telemetry/.beep/h3-verified-package-cli.log,checkout-material,72733,73728,~/YeeBois/projects/beep-effect3-worktrees/rsc-h3-telemetry,owner-unverified,unverified,source retained; archive from owner checkout,fleet observation only; archive from the owning checkout,foreign-owner
~/YeeBois/projects/beep-effect3-worktrees/rsc-h3-telemetry/.beep/h3-terminal10-review.txt,checkout-material,291127,294912,~/YeeBois/projects/beep-effect3-worktrees/rsc-h3-telemetry,owner-unverified,unverified,source retained; archive from owner checkout,fleet observation only; archive from the owning checkout,foreign-owner
~/YeeBois/projects/beep-effect3-worktrees/rsc-h3-telemetry/.beep/h3-accepted-gates.sh,checkout-material,1458,0,~/YeeBois/projects/beep-effect3-worktrees/rsc-h3-telemetry,owner-unverified,unverified,source retained; archive from owner checkout,fleet observation only; archive from the owning checkout,foreign-owner
~/YeeBois/projects/beep-effect3-worktrees/rsc-h3-telemetry/.beep/h3-terminal10-claude-review.json,checkout-material,0,0,~/YeeBois/projects/beep-effect3-worktrees/rsc-h3-telemetry,owner-unverified,unverified,source retained; archive from owner checkout,fleet observation only; archive from the owning checkout,foreign-owner
~/YeeBois/projects/beep-effect3-worktrees/rsc-h3-telemetry/.beep/h3-terminal10-claude-review.log,checkout-material,0,0,~/YeeBois/projects/beep-effect3-worktrees/rsc-h3-telemetry,owner-unverified,unverified,source retained; archive from owner checkout,fleet observation only; archive from the owning checkout,foreign-owner
~/YeeBois/projects/beep-effect3-worktrees/rsc-h3-telemetry/.beep/h3-terminal10-codex-review.jsonl,checkout-material,1896,0,~/YeeBois/projects/beep-effect3-worktrees/rsc-h3-telemetry,owner-unverified,unverified,source retained; archive from owner checkout,fleet observation only; archive from the owning checkout,foreign-owner
~/YeeBois/projects/beep-effect3-worktrees/rsc-h3-telemetry/.beep/h3-terminal10-codex-review.log,checkout-material,0,0,~/YeeBois/projects/beep-effect3-worktrees/rsc-h3-telemetry,owner-unverified,unverified,source retained; archive from owner checkout,fleet observation only; archive from the owning checkout,foreign-owner
~/YeeBois/projects/beep-effect3-worktrees/rsc-h3-telemetry/.beep/h3-verified-package-cli.result,checkout-material,2,0,~/YeeBois/projects/beep-effect3-worktrees/rsc-h3-telemetry,owner-unverified,unverified,source retained; archive from owner checkout,fleet observation only; archive from the owning checkout,foreign-owner
~/YeeBois/projects/beep-effect3-worktrees/rsc-h3-telemetry/.beep/h3-verified-docgen.head,checkout-material,41,0,~/YeeBois/projects/beep-effect3-worktrees/rsc-h3-telemetry,owner-unverified,unverified,source retained; archive from owner checkout,fleet observation only; archive from the owning checkout,foreign-owner
~/YeeBois/projects/beep-effect3-worktrees/rsc-h3-telemetry/.beep/h3-verified-docgen.log,checkout-material,346,0,~/YeeBois/projects/beep-effect3-worktrees/rsc-h3-telemetry,owner-unverified,unverified,source retained; archive from owner checkout,fleet observation only; archive from the owning checkout,foreign-owner
~/YeeBois/projects/beep-effect3-worktrees/rsc-h3-telemetry/.beep/h3-verified-docgen.result,checkout-material,2,0,~/YeeBois/projects/beep-effect3-worktrees/rsc-h3-telemetry,owner-unverified,unverified,source retained; archive from owner checkout,fleet observation only; archive from the owning checkout,foreign-owner
~/YeeBois/projects/beep-effect3-worktrees/rsc-h3-telemetry/.beep/h3-verified-jsdoc.head,checkout-material,41,0,~/YeeBois/projects/beep-effect3-worktrees/rsc-h3-telemetry,owner-unverified,unverified,source retained; archive from owner checkout,fleet observation only; archive from the owning checkout,foreign-owner
~/YeeBois/projects/beep-effect3-worktrees/rsc-h3-telemetry/.beep/h3-verified-jsdoc.log,checkout-material,746,0,~/YeeBois/projects/beep-effect3-worktrees/rsc-h3-telemetry,owner-unverified,unverified,source retained; archive from owner checkout,fleet observation only; archive from the owning checkout,foreign-owner
~/YeeBois/projects/beep-effect3-worktrees/rsc-h3-telemetry/.beep/h3-verified-jsdoc.result,checkout-material,2,0,~/YeeBois/projects/beep-effect3-worktrees/rsc-h3-telemetry,owner-unverified,unverified,source retained; archive from owner checkout,fleet observation only; archive from the owning checkout,foreign-owner
~/YeeBois/projects/beep-effect3-worktrees/rsc-h3-telemetry/.beep/h3-verified-knowledge.head,checkout-material,41,0,~/YeeBois/projects/beep-effect3-worktrees/rsc-h3-telemetry,owner-unverified,unverified,source retained; archive from owner checkout,fleet observation only; archive from the owning checkout,foreign-owner
~/YeeBois/projects/beep-effect3-worktrees/rsc-h3-telemetry/.beep/h3-verified-knowledge.log,checkout-material,337,0,~/YeeBois/projects/beep-effect3-worktrees/rsc-h3-telemetry,owner-unverified,unverified,source retained; archive from owner checkout,fleet observation only; archive from the owning checkout,foreign-owner
~/YeeBois/projects/beep-effect3-worktrees/rsc-h3-telemetry/.beep/h3-verified-knowledge.result,checkout-material,2,0,~/YeeBois/projects/beep-effect3-worktrees/rsc-h3-telemetry,owner-unverified,unverified,source retained; archive from owner checkout,fleet observation only; archive from the owning checkout,foreign-owner
~/YeeBois/projects/beep-effect3-worktrees/rsc-h3-telemetry/.beep/h3-accepted-focused.head,checkout-material,41,0,~/YeeBois/projects/beep-effect3-worktrees/rsc-h3-telemetry,owner-unverified,unverified,source retained; archive from owner checkout,fleet observation only; archive from the owning checkout,foreign-owner
~/YeeBois/projects/beep-effect3-worktrees/rsc-h3-telemetry/.beep/h3-accepted-focused.log,checkout-material,2335,0,~/YeeBois/projects/beep-effect3-worktrees/rsc-h3-telemetry,owner-unverified,unverified,source retained; archive from owner checkout,fleet observation only; archive from the owning checkout,foreign-owner
~/YeeBois/projects/beep-effect3-worktrees/rsc-h3-telemetry/.beep/h3-accepted-focused.result,checkout-material,2,0,~/YeeBois/projects/beep-effect3-worktrees/rsc-h3-telemetry,owner-unverified,unverified,source retained; archive from owner checkout,fleet observation only; archive from the owning checkout,foreign-owner
~/YeeBois/projects/beep-effect3-worktrees/rsc-h3-telemetry/.beep/h3-accepted-package-ai.head,checkout-material,41,0,~/YeeBois/projects/beep-effect3-worktrees/rsc-h3-telemetry,owner-unverified,unverified,source retained; archive from owner checkout,fleet observation only; archive from the owning checkout,foreign-owner
~/YeeBois/projects/beep-effect3-worktrees/rsc-h3-telemetry/.beep/h3-accepted-package-ai.log,checkout-material,359,0,~/YeeBois/projects/beep-effect3-worktrees/rsc-h3-telemetry,owner-unverified,unverified,source retained; archive from owner checkout,fleet observation only; archive from the owning checkout,foreign-owner
~/YeeBois/projects/beep-effect3-worktrees/rsc-h3-telemetry/.beep/h3-accepted-package-ai.result,checkout-material,2,0,~/YeeBois/projects/beep-effect3-worktrees/rsc-h3-telemetry,owner-unverified,unverified,source retained; archive from owner checkout,fleet observation only; archive from the owning checkout,foreign-owner
~/YeeBois/projects/beep-effect3-worktrees/rsc-h3-telemetry/.beep/h3-accepted-fallow-audit.head,checkout-material,41,0,~/YeeBois/projects/beep-effect3-worktrees/rsc-h3-telemetry,owner-unverified,unverified,source retained; archive from owner checkout,fleet observation only; archive from the owning checkout,foreign-owner
~/YeeBois/projects/beep-effect3-worktrees/rsc-h3-telemetry/.beep/h3-accepted-fallow-audit.log,checkout-material,414,0,~/YeeBois/projects/beep-effect3-worktrees/rsc-h3-telemetry,owner-unverified,unverified,source retained; archive from owner checkout,fleet observation only; archive from the owning checkout,foreign-owner
~/YeeBois/projects/beep-effect3-worktrees/rsc-h3-telemetry/.beep/h3-accepted-fallow-audit.result,checkout-material,2,0,~/YeeBois/projects/beep-effect3-worktrees/rsc-h3-telemetry,owner-unverified,unverified,source retained; archive from owner checkout,fleet observation only; archive from the owning checkout,foreign-owner
~/YeeBois/projects/beep-effect3-worktrees/rsc-h3-telemetry/.beep/h3-accepted-fallow-health.head,checkout-material,41,0,~/YeeBois/projects/beep-effect3-worktrees/rsc-h3-telemetry,owner-unverified,unverified,source retained; archive from owner checkout,fleet observation only; archive from the owning checkout,foreign-owner
~/YeeBois/projects/beep-effect3-worktrees/rsc-h3-telemetry/.beep/h3-accepted-fallow-health.log,checkout-material,416,0,~/YeeBois/projects/beep-effect3-worktrees/rsc-h3-telemetry,owner-unverified,unverified,source retained; archive from owner checkout,fleet observation only; archive from the owning checkout,foreign-owner
~/YeeBois/projects/beep-effect3-worktrees/rsc-h3-telemetry/.beep/h3-accepted-fallow-health.result,checkout-material,2,0,~/YeeBois/projects/beep-effect3-worktrees/rsc-h3-telemetry,owner-unverified,unverified,source retained; archive from owner checkout,fleet observation only; archive from the owning checkout,foreign-owner
~/YeeBois/projects/beep-effect3-worktrees/rsc-h3-telemetry/.beep/h3-accepted-test-tsgo.head,checkout-material,41,0,~/YeeBois/projects/beep-effect3-worktrees/rsc-h3-telemetry,owner-unverified,unverified,source retained; archive from owner checkout,fleet observation only; archive from the owning checkout,foreign-owner
~/YeeBois/projects/beep-effect3-worktrees/rsc-h3-telemetry/.beep/h3-accepted-test-tsgo.log,checkout-material,332,0,~/YeeBois/projects/beep-effect3-worktrees/rsc-h3-telemetry,owner-unverified,unverified,source retained; archive from owner checkout,fleet observation only; archive from the owning checkout,foreign-owner
~/YeeBois/projects/beep-effect3-worktrees/rsc-h3-telemetry/.beep/h3-accepted-test-tsgo.result,checkout-material,2,0,~/YeeBois/projects/beep-effect3-worktrees/rsc-h3-telemetry,owner-unverified,unverified,source retained; archive from owner checkout,fleet observation only; archive from the owning checkout,foreign-owner
~/YeeBois/projects/beep-effect3-worktrees/rsc-h3-telemetry/.beep/h3-accepted-census.head,checkout-material,41,0,~/YeeBois/projects/beep-effect3-worktrees/rsc-h3-telemetry,owner-unverified,unverified,source retained; archive from owner checkout,fleet observation only; archive from the owning checkout,foreign-owner
~/YeeBois/projects/beep-effect3-worktrees/rsc-h3-telemetry/.beep/h3-accepted-census.log,checkout-material,357,0,~/YeeBois/projects/beep-effect3-worktrees/rsc-h3-telemetry,owner-unverified,unverified,source retained; archive from owner checkout,fleet observation only; archive from the owning checkout,foreign-owner
~/YeeBois/projects/beep-effect3-worktrees/rsc-h3-telemetry/.beep/h3-accepted-census.result,checkout-material,2,0,~/YeeBois/projects/beep-effect3-worktrees/rsc-h3-telemetry,owner-unverified,unverified,source retained; archive from owner checkout,fleet observation only; archive from the owning checkout,foreign-owner
~/YeeBois/projects/beep-effect3-worktrees/rsc-h3-telemetry/.beep/h3-accepted-prune-claude.head,checkout-material,41,0,~/YeeBois/projects/beep-effect3-worktrees/rsc-h3-telemetry,owner-unverified,unverified,source retained; archive from owner checkout,fleet observation only; archive from the owning checkout,foreign-owner
~/YeeBois/projects/beep-effect3-worktrees/rsc-h3-telemetry/.beep/h3-accepted-prune-claude.log,checkout-material,377,0,~/YeeBois/projects/beep-effect3-worktrees/rsc-h3-telemetry,owner-unverified,unverified,source retained; archive from owner checkout,fleet observation only; archive from the owning checkout,foreign-owner
~/YeeBois/projects/beep-effect3-worktrees/rsc-h3-telemetry/.beep/h3-accepted-prune-claude.result,checkout-material,2,0,~/YeeBois/projects/beep-effect3-worktrees/rsc-h3-telemetry,owner-unverified,unverified,source retained; archive from owner checkout,fleet observation only; archive from the owning checkout,foreign-owner
~/YeeBois/projects/beep-effect3-worktrees/rsc-h3-telemetry/.beep/h3-accepted-prune-codex.head,checkout-material,41,0,~/YeeBois/projects/beep-effect3-worktrees/rsc-h3-telemetry,owner-unverified,unverified,source retained; archive from owner checkout,fleet observation only; archive from the owning checkout,foreign-owner
~/YeeBois/projects/beep-effect3-worktrees/rsc-h3-telemetry/.beep/h3-accepted-prune-codex.log,checkout-material,375,0,~/YeeBois/projects/beep-effect3-worktrees/rsc-h3-telemetry,owner-unverified,unverified,source retained; archive from owner checkout,fleet observation only; archive from the owning checkout,foreign-owner
~/YeeBois/projects/beep-effect3-worktrees/rsc-h3-telemetry/.beep/h3-accepted-prune-codex.result,checkout-material,2,0,~/YeeBois/projects/beep-effect3-worktrees/rsc-h3-telemetry,owner-unverified,unverified,source retained; archive from owner checkout,fleet observation only; archive from the owning checkout,foreign-owner
~/YeeBois/projects/beep-effect3-worktrees/rsc-h3-telemetry/.beep/h3-accepted-prune-cursor.head,checkout-material,41,0,~/YeeBois/projects/beep-effect3-worktrees/rsc-h3-telemetry,owner-unverified,unverified,source retained; archive from owner checkout,fleet observation only; archive from the owning checkout,foreign-owner
~/YeeBois/projects/beep-effect3-worktrees/rsc-h3-telemetry/.beep/h3-accepted-prune-cursor.log,checkout-material,376,0,~/YeeBois/projects/beep-effect3-worktrees/rsc-h3-telemetry,owner-unverified,unverified,source retained; archive from owner checkout,fleet observation only; archive from the owning checkout,foreign-owner
~/YeeBois/projects/beep-effect3-worktrees/rsc-h3-telemetry/.beep/h3-accepted-prune-cursor.result,checkout-material,2,0,~/YeeBois/projects/beep-effect3-worktrees/rsc-h3-telemetry,owner-unverified,unverified,source retained; archive from owner checkout,fleet observation only; archive from the owning checkout,foreign-owner
~/YeeBois/projects/beep-effect3-worktrees/rsc-h3-telemetry/.beep/h3-accepted-package-cli.head,checkout-material,41,0,~/YeeBois/projects/beep-effect3-worktrees/rsc-h3-telemetry,owner-unverified,unverified,source retained; archive from owner checkout,fleet observation only; archive from the owning checkout,foreign-owner
~/YeeBois/projects/beep-effect3-worktrees/rsc-h3-telemetry/.beep/h3-accepted-package-cli.log,checkout-material,352,0,~/YeeBois/projects/beep-effect3-worktrees/rsc-h3-telemetry,owner-unverified,unverified,source retained; archive from owner checkout,fleet observation only; archive from the owning checkout,foreign-owner
~/YeeBois/projects/beep-effect3-worktrees/rsc-h3-telemetry/.beep/h3-accepted-package-cli.result,checkout-material,2,0,~/YeeBois/projects/beep-effect3-worktrees/rsc-h3-telemetry,owner-unverified,unverified,source retained; archive from owner checkout,fleet observation only; archive from the owning checkout,foreign-owner
~/YeeBois/projects/beep-effect3-worktrees/rsc-h3-telemetry/.beep/h3-accepted-docgen.head,checkout-material,41,0,~/YeeBois/projects/beep-effect3-worktrees/rsc-h3-telemetry,owner-unverified,unverified,source retained; archive from owner checkout,fleet observation only; archive from the owning checkout,foreign-owner
~/YeeBois/projects/beep-effect3-worktrees/rsc-h3-telemetry/.beep/h3-accepted-docgen.log,checkout-material,346,0,~/YeeBois/projects/beep-effect3-worktrees/rsc-h3-telemetry,owner-unverified,unverified,source retained; archive from owner checkout,fleet observation only; archive from the owning checkout,foreign-owner
~/YeeBois/projects/beep-effect3-worktrees/rsc-h3-telemetry/.beep/h3-accepted-docgen.result,checkout-material,2,0,~/YeeBois/projects/beep-effect3-worktrees/rsc-h3-telemetry,owner-unverified,unverified,source retained; archive from owner checkout,fleet observation only; archive from the owning checkout,foreign-owner
~/YeeBois/projects/beep-effect3-worktrees/rsc-h3-telemetry/.beep/h3-accepted-jsdoc.head,checkout-material,41,0,~/YeeBois/projects/beep-effect3-worktrees/rsc-h3-telemetry,owner-unverified,unverified,source retained; archive from owner checkout,fleet observation only; archive from the owning checkout,foreign-owner
~/YeeBois/projects/beep-effect3-worktrees/rsc-h3-telemetry/.beep/h3-accepted-jsdoc.log,checkout-material,746,0,~/YeeBois/projects/beep-effect3-worktrees/rsc-h3-telemetry,owner-unverified,unverified,source retained; archive from owner checkout,fleet observation only; archive from the owning checkout,foreign-owner
~/YeeBois/projects/beep-effect3-worktrees/rsc-h3-telemetry/.beep/h3-accepted-jsdoc.result,checkout-material,2,0,~/YeeBois/projects/beep-effect3-worktrees/rsc-h3-telemetry,owner-unverified,unverified,source retained; archive from owner checkout,fleet observation only; archive from the owning checkout,foreign-owner
~/YeeBois/projects/beep-effect3-worktrees/rsc-h3-telemetry/.beep/h3-accepted-knowledge.head,checkout-material,41,0,~/YeeBois/projects/beep-effect3-worktrees/rsc-h3-telemetry,owner-unverified,unverified,source retained; archive from owner checkout,fleet observation only; archive from the owning checkout,foreign-owner
~/YeeBois/projects/beep-effect3-worktrees/rsc-h3-telemetry/.beep/h3-accepted-knowledge.log,checkout-material,337,0,~/YeeBois/projects/beep-effect3-worktrees/rsc-h3-telemetry,owner-unverified,unverified,source retained; archive from owner checkout,fleet observation only; archive from the owning checkout,foreign-owner
~/YeeBois/projects/beep-effect3-worktrees/rsc-h3-telemetry/.beep/h3-accepted-knowledge.result,checkout-material,2,0,~/YeeBois/projects/beep-effect3-worktrees/rsc-h3-telemetry,owner-unverified,unverified,source retained; archive from owner checkout,fleet observation only; archive from the owning checkout,foreign-owner
~/YeeBois/projects/beep-effect3-worktrees/rsc-h3-telemetry/.beep/h3-finalproof-gates.sh,checkout-material,1468,0,~/YeeBois/projects/beep-effect3-worktrees/rsc-h3-telemetry,owner-unverified,unverified,source retained; archive from owner checkout,fleet observation only; archive from the owning checkout,foreign-owner
~/YeeBois/projects/beep-effect3-worktrees/rsc-h3-telemetry/.beep/h3-finalproof-admission.log,checkout-material,38,0,~/YeeBois/projects/beep-effect3-worktrees/rsc-h3-telemetry,owner-unverified,unverified,source retained; archive from owner checkout,fleet observation only; archive from the owning checkout,foreign-owner
~/YeeBois/projects/beep-effect3/.claude/worktrees/nifty-cray-f60103/.beep/yeet/jobs/<run-id>.log,checkout-jobs,1967271,1970176,~/YeeBois/projects/beep-effect3/.claude/worktrees/nifty-cray-f60103,owner-unverified,unverified,source retained; archive from owner checkout,fleet observation only; archive from the owning checkout,foreign-owner
~/YeeBois/projects/beep-effect3/.claude/worktrees/nifty-cray-f60103/.beep/yeet/jobs/<run-id>.json,checkout-jobs,2285,0,~/YeeBois/projects/beep-effect3/.claude/worktrees/nifty-cray-f60103,owner-unverified,unverified,source retained; archive from owner checkout,fleet observation only; archive from the owning checkout,foreign-owner
~/YeeBois/projects/beep-effect3/.claude/worktrees/nifty-cray-f60103/.beep/yeet/jobs/<run-id>.log,checkout-jobs,2951268,2953216,~/YeeBois/projects/beep-effect3/.claude/worktrees/nifty-cray-f60103,owner-unverified,unverified,source retained; archive from owner checkout,fleet observation only; archive from the owning checkout,foreign-owner
~/YeeBois/projects/beep-effect3/.claude/worktrees/nifty-cray-f60103/.beep/yeet/jobs/<run-id>.json,checkout-jobs,3311,0,~/YeeBois/projects/beep-effect3/.claude/worktrees/nifty-cray-f60103,owner-unverified,unverified,source retained; archive from owner checkout,fleet observation only; archive from the owning checkout,foreign-owner
~/YeeBois/projects/beep-effect3/.claude/worktrees/nifty-cray-f60103/.beep/fallow,checkout-material,428208,430080,~/YeeBois/projects/beep-effect3/.claude/worktrees/nifty-cray-f60103,owner-unverified,unverified,source retained; archive from owner checkout,fleet observation only; archive from the owning checkout,foreign-owner
~/YeeBois/projects/beep-effect3/.claude/worktrees/nifty-cray-f60103/.beep/quality,checkout-material,0,0,~/YeeBois/projects/beep-effect3/.claude/worktrees/nifty-cray-f60103,owner-unverified,unverified,source retained; archive from owner checkout,fleet observation only; archive from the owning checkout,foreign-owner
~/YeeBois/projects/beep-effect3/.claude/worktrees/nifty-cray-f60103/.beep/ci/jsdoc-documentation.inventory.jsonc,checkout-generated,20975753,20979712,~/YeeBois/projects/beep-effect3/.claude/worktrees/nifty-cray-f60103,owner-unverified,unverified,source retained; archive from owner checkout,fleet observation only; archive from the owning checkout,foreign-owner
~/YeeBois/projects/beep-effect3/.claude/worktrees/nifty-cray-f60103/.beep/ci/jsdoc-documentation.inventory.md,checkout-generated,361460,364544,~/YeeBois/projects/beep-effect3/.claude/worktrees/nifty-cray-f60103,owner-unverified,unverified,source retained; archive from owner checkout,fleet observation only; archive from the owning checkout,foreign-owner
~/YeeBois/projects/beep-effect5/.beep/yeet/jobs/<run-id>.log,checkout-jobs,132855,135168,~/YeeBois/projects/beep-effect5,owner-unverified,unverified,source retained; archive from owner checkout,fleet observation only; archive from the owning checkout,foreign-owner
~/YeeBois/projects/beep-effect5/.beep/yeet/jobs/<run-id>.log,checkout-jobs,111007,114688,~/YeeBois/projects/beep-effect5,owner-unverified,unverified,source retained; archive from owner checkout,fleet observation only; archive from the owning checkout,foreign-owner
~/YeeBois/projects/beep-effect5/.beep/yeet/jobs/<run-id>.json,checkout-jobs,1916,0,~/YeeBois/projects/beep-effect5,owner-unverified,unverified,source retained; archive from owner checkout,fleet observation only; archive from the owning checkout,foreign-owner
~/YeeBois/projects/beep-effect5/.beep/yeet/jobs/<run-id>.json,checkout-jobs,1916,0,~/YeeBois/projects/beep-effect5,owner-unverified,unverified,source retained; archive from owner checkout,fleet observation only; archive from the owning checkout,foreign-owner
~/YeeBois/projects/beep-effect5/.beep/yeet/jobs/<run-id>.log,checkout-jobs,4810105,4812800,~/YeeBois/projects/beep-effect5,owner-unverified,unverified,source retained; archive from owner checkout,fleet observation only; archive from the owning checkout,foreign-owner
~/YeeBois/projects/beep-effect5/.beep/yeet/jobs/<run-id>.json,checkout-jobs,1880,0,~/YeeBois/projects/beep-effect5,owner-unverified,unverified,source retained; archive from owner checkout,fleet observation only; archive from the owning checkout,foreign-owner
~/YeeBois/projects/beep-effect5/.beep/yeet/jobs/<run-id>.log,checkout-jobs,52784,53248,~/YeeBois/projects/beep-effect5,owner-unverified,unverified,source retained; archive from owner checkout,fleet observation only; archive from the owning checkout,foreign-owner
~/YeeBois/projects/beep-effect5/.beep/yeet/jobs/<run-id>.json,checkout-jobs,2120,0,~/YeeBois/projects/beep-effect5,owner-unverified,unverified,source retained; archive from owner checkout,fleet observation only; archive from the owning checkout,foreign-owner
~/YeeBois/projects/beep-effect5/.beep/yeet/jobs/<run-id>.log,checkout-jobs,52268,53248,~/YeeBois/projects/beep-effect5,owner-unverified,unverified,source retained; archive from owner checkout,fleet observation only; archive from the owning checkout,foreign-owner
~/YeeBois/projects/beep-effect5/.beep/yeet/jobs/<run-id>.json,checkout-jobs,2120,0,~/YeeBois/projects/beep-effect5,owner-unverified,unverified,source retained; archive from owner checkout,fleet observation only; archive from the owning checkout,foreign-owner
~/YeeBois/projects/beep-effect5/.beep/yeet/jobs/<run-id>.log,checkout-jobs,50583,53248,~/YeeBois/projects/beep-effect5,owner-unverified,unverified,source retained; archive from owner checkout,fleet observation only; archive from the owning checkout,foreign-owner
~/YeeBois/projects/beep-effect5/.beep/yeet/jobs/<run-id>.json,checkout-jobs,2120,0,~/YeeBois/projects/beep-effect5,owner-unverified,unverified,source retained; archive from owner checkout,fleet observation only; archive from the owning checkout,foreign-owner
~/YeeBois/projects/beep-effect5/.beep/yeet/jobs/<run-id>.log,checkout-jobs,49722,53248,~/YeeBois/projects/beep-effect5,owner-unverified,unverified,source retained; archive from owner checkout,fleet observation only; archive from the owning checkout,foreign-owner
~/YeeBois/projects/beep-effect5/.beep/yeet/jobs/<run-id>.json,checkout-jobs,2118,0,~/YeeBois/projects/beep-effect5,owner-unverified,unverified,source retained; archive from owner checkout,fleet observation only; archive from the owning checkout,foreign-owner
~/YeeBois/projects/beep-effect5/.beep/yeet/jobs/<run-id>.log,checkout-jobs,49726,53248,~/YeeBois/projects/beep-effect5,owner-unverified,unverified,source retained; archive from owner checkout,fleet observation only; archive from the owning checkout,foreign-owner
~/YeeBois/projects/beep-effect5/.beep/yeet/jobs/<run-id>.json,checkout-jobs,2118,0,~/YeeBois/projects/beep-effect5,owner-unverified,unverified,source retained; archive from owner checkout,fleet observation only; archive from the owning checkout,foreign-owner
~/YeeBois/projects/beep-effect5/.beep/yeet/jobs/<run-id>.log,checkout-jobs,4847222,4849664,~/YeeBois/projects/beep-effect5,owner-unverified,unverified,source retained; archive from owner checkout,fleet observation only; archive from the owning checkout,foreign-owner
~/YeeBois/projects/beep-effect5/.beep/yeet/jobs/<run-id>.json,checkout-jobs,2059,0,~/YeeBois/projects/beep-effect5,owner-unverified,unverified,source retained; archive from owner checkout,fleet observation only; archive from the owning checkout,foreign-owner
~/YeeBois/projects/beep-effect5/.beep/yeet/jobs/<run-id>.log,checkout-jobs,112059,114688,~/YeeBois/projects/beep-effect5,owner-unverified,unverified,source retained; archive from owner checkout,fleet observation only; archive from the owning checkout,foreign-owner
~/YeeBois/projects/beep-effect5/.beep/yeet/jobs/<run-id>.log,checkout-jobs,549540,552960,~/YeeBois/projects/beep-effect5,owner-unverified,unverified,source retained; archive from owner checkout,fleet observation only; archive from the owning checkout,foreign-owner
~/YeeBois/projects/beep-effect5/.beep/yeet/jobs/<run-id>.json,checkout-jobs,2117,0,~/YeeBois/projects/beep-effect5,owner-unverified,unverified,source retained; archive from owner checkout,fleet observation only; archive from the owning checkout,foreign-owner
~/YeeBois/projects/beep-effect5/.beep/yeet/jobs/<run-id>.log,checkout-jobs,1905,0,~/YeeBois/projects/beep-effect5,owner-unverified,unverified,source retained; archive from owner checkout,fleet observation only; archive from the owning checkout,foreign-owner
~/YeeBois/projects/beep-effect5/.beep/yeet/jobs/<run-id>.json,checkout-jobs,2292,0,~/YeeBois/projects/beep-effect5,owner-unverified,unverified,source retained; archive from owner checkout,fleet observation only; archive from the owning checkout,foreign-owner
~/YeeBois/projects/beep-effect5/.beep/yeet/jobs/<run-id>.log,checkout-jobs,4877689,4878336,~/YeeBois/projects/beep-effect5,owner-unverified,unverified,source retained; archive from owner checkout,fleet observation only; archive from the owning checkout,foreign-owner
~/YeeBois/projects/beep-effect5/.beep/yeet/jobs/<run-id>.json,checkout-jobs,2143,0,~/YeeBois/projects/beep-effect5,owner-unverified,unverified,source retained; archive from owner checkout,fleet observation only; archive from the owning checkout,foreign-owner
~/YeeBois/projects/beep-effect5/.beep/yeet/jobs/<run-id>.log,checkout-jobs,4863948,4866048,~/YeeBois/projects/beep-effect5,owner-unverified,unverified,source retained; archive from owner checkout,fleet observation only; archive from the owning checkout,foreign-owner
~/YeeBois/projects/beep-effect5/.beep/yeet/jobs/<run-id>.json,checkout-jobs,2291,0,~/YeeBois/projects/beep-effect5,owner-unverified,unverified,source retained; archive from owner checkout,fleet observation only; archive from the owning checkout,foreign-owner
~/YeeBois/projects/beep-effect5/.beep/yeet/jobs/<run-id>.log,checkout-jobs,4972043,4972544,~/YeeBois/projects/beep-effect5,owner-unverified,unverified,source retained; archive from owner checkout,fleet observation only; archive from the owning checkout,foreign-owner
~/YeeBois/projects/beep-effect5/.beep/yeet/jobs/<run-id>.json,checkout-jobs,1919,0,~/YeeBois/projects/beep-effect5,owner-unverified,unverified,source retained; archive from owner checkout,fleet observation only; archive from the owning checkout,foreign-owner
~/YeeBois/projects/beep-effect5/.beep/yeet/jobs/<run-id>.json,checkout-jobs,2131,0,~/YeeBois/projects/beep-effect5,owner-unverified,unverified,source retained; archive from owner checkout,fleet observation only; archive from the owning checkout,foreign-owner
~/YeeBois/projects/beep-effect5/.beep/fallow,checkout-material,1131026,1142784,~/YeeBois/projects/beep-effect5,owner-unverified,unverified,source retained; archive from owner checkout,fleet observation only; archive from the owning checkout,foreign-owner
~/YeeBois/projects/beep-effect5/.beep/professional-desktop,checkout-material,39461202,39460864,~/YeeBois/projects/beep-effect5,owner-unverified,unverified,source retained; archive from owner checkout,fleet observation only; archive from the owning checkout,foreign-owner
~/YeeBois/projects/beep-effect5/.beep/run,checkout-pids,1509,0,~/YeeBois/projects/beep-effect5,owner-unverified,unverified,source retained; archive from owner checkout,fleet observation only; archive from the owning checkout,foreign-owner
~/YeeBois/projects/beep-effect5/.beep/ci/jsdoc-documentation.inventory.jsonc,checkout-generated,20613934,20615168,~/YeeBois/projects/beep-effect5,owner-unverified,unverified,source retained; archive from owner checkout,fleet observation only; archive from the owning checkout,foreign-owner
~/YeeBois/projects/beep-effect5/.beep/ci/jsdoc-documentation.inventory.md,checkout-generated,362122,364544,~/YeeBois/projects/beep-effect5,owner-unverified,unverified,source retained; archive from owner checkout,fleet observation only; archive from the owning checkout,foreign-owner
~/YeeBois/projects/beep-effect5/.beep/pstack-port,checkout-material,2803645,2818048,~/YeeBois/projects/beep-effect5,owner-unverified,unverified,source retained; archive from owner checkout,fleet observation only; archive from the owning checkout,foreign-owner
~/YeeBois/projects/beep-effect5/.beep/per-module-imports,checkout-material,2119,0,~/YeeBois/projects/beep-effect5,owner-unverified,unverified,source retained; archive from owner checkout,fleet observation only; archive from the owning checkout,foreign-owner
~/YeeBois/projects/beep-effect5/.beep/research,checkout-material,31508523,32067584,~/YeeBois/projects/beep-effect5,owner-unverified,unverified,source retained; archive from owner checkout,fleet observation only; archive from the owning checkout,foreign-owner
~/YeeBois/projects/beep-effect5/.beep/issue-1014,checkout-material,10186,12288,~/YeeBois/projects/beep-effect5,owner-unverified,unverified,source retained; archive from owner checkout,fleet observation only; archive from the owning checkout,foreign-owner
~/YeeBois/projects/beep-effect5/.beep/qa/round-1,checkout-qa,3882766,3883008,~/YeeBois/projects/beep-effect5,owner-unverified,unverified,source retained; archive from owner checkout,fleet observation only; archive from the owning checkout,foreign-owner
~/YeeBois/projects/beep-effect5/.beep/qa/round-2,checkout-qa,45068834,45252608,~/YeeBois/projects/beep-effect5,owner-unverified,unverified,source retained; archive from owner checkout,fleet observation only; archive from the owning checkout,foreign-owner
~/YeeBois/projects/beep-effect5/.beep/qa/round-3,checkout-qa,4215586,4218880,~/YeeBois/projects/beep-effect5,owner-unverified,unverified,source retained; archive from owner checkout,fleet observation only; archive from the owning checkout,foreign-owner
~/YeeBois/projects/beep-effect5/.beep/qa/round-4,checkout-qa,46364553,46542848,~/YeeBois/projects/beep-effect5,owner-unverified,unverified,source retained; archive from owner checkout,fleet observation only; archive from the owning checkout,foreign-owner
~/YeeBois/projects/beep-effect5/.beep/qa/round-5,checkout-qa,44023960,44208128,~/YeeBois/projects/beep-effect5,owner-unverified,unverified,source retained; archive from owner checkout,fleet observation only; archive from the owning checkout,foreign-owner
~/YeeBois/projects/beep-effect5/.beep/qa/round-6,checkout-qa,40001652,40181760,~/YeeBois/projects/beep-effect5,owner-unverified,unverified,source retained; archive from owner checkout,fleet observation only; archive from the owning checkout,foreign-owner
~/YeeBois/projects/beep-effect5/.beep/qa/round-7,checkout-qa,39745625,39915520,~/YeeBois/projects/beep-effect5,owner-unverified,unverified,source retained; archive from owner checkout,fleet observation only; archive from the owning checkout,foreign-owner
~/YeeBois/projects/beep-effect5/.beep/qa/round-8,checkout-qa,27592234,27750400,~/YeeBois/projects/beep-effect5,owner-unverified,unverified,source retained; archive from owner checkout,fleet observation only; archive from the owning checkout,foreign-owner
~/YeeBois/projects/beep-effect5/.beep/qa/round-9,checkout-qa,27171108,27361280,~/YeeBois/projects/beep-effect5,owner-unverified,unverified,source retained; archive from owner checkout,fleet observation only; archive from the owning checkout,foreign-owner
~/YeeBois/projects/beep-effect5/.beep/qa/round-10,checkout-qa,28029937,28209152,~/YeeBois/projects/beep-effect5,owner-unverified,unverified,source retained; archive from owner checkout,fleet observation only; archive from the owning checkout,foreign-owner
~/YeeBois/projects/beep-effect5/.beep/qa/round-11,checkout-qa,28180796,28336128,~/YeeBois/projects/beep-effect5,owner-unverified,unverified,source retained; archive from owner checkout,fleet observation only; archive from the owning checkout,foreign-owner
~/YeeBois/projects/beep-effect5/.beep/qa/round-12,checkout-qa,3185430,3186688,~/YeeBois/projects/beep-effect5,owner-unverified,unverified,source retained; archive from owner checkout,fleet observation only; archive from the owning checkout,foreign-owner
~/YeeBois/projects/beep-effect5/.beep/qa/round-13,checkout-qa,2988095,2994176,~/YeeBois/projects/beep-effect5,owner-unverified,unverified,source retained; archive from owner checkout,fleet observation only; archive from the owning checkout,foreign-owner
~/YeeBois/projects/beep-effect5/.beep/qa/round-14,checkout-qa,3083469,3084288,~/YeeBois/projects/beep-effect5,owner-unverified,unverified,source retained; archive from owner checkout,fleet observation only; archive from the owning checkout,foreign-owner
~/YeeBois/projects/beep-effect5/.beep/qa/round-15,checkout-qa,2996416,3002368,~/YeeBois/projects/beep-effect5,owner-unverified,unverified,source retained; archive from owner checkout,fleet observation only; archive from the owning checkout,foreign-owner
~/YeeBois/projects/beep-effect5/.beep/cache,checkout-material,23,0,~/YeeBois/projects/beep-effect5,owner-unverified,unverified,source retained; archive from owner checkout,fleet observation only; archive from the owning checkout,foreign-owner
~/YeeBois/projects/beep-effect5/.beep/quality,checkout-material,0,0,~/YeeBois/projects/beep-effect5,owner-unverified,unverified,source retained; archive from owner checkout,fleet observation only; archive from the owning checkout,foreign-owner
~/YeeBois/projects/beep-effect5-worktrees/document-semantic-conformance/.beep/semantic-conformance,checkout-material,8602,0,~/YeeBois/projects/beep-effect5-worktrees/document-semantic-conformance,owner-unverified,unverified,source retained; archive from owner checkout,fleet observation only; archive from the owning checkout,foreign-owner
~/YeeBois/projects/beep-effect5-worktrees/document-semantic-conformance-delivery/.beep/semantic-conformance,checkout-material,4932,0,~/YeeBois/projects/beep-effect5-worktrees/document-semantic-conformance-delivery,owner-unverified,unverified,source retained; archive from owner checkout,fleet observation only; archive from the owning checkout,foreign-owner
~/YeeBois/projects/beep-effect5-worktrees/document-semantic-conformance-delivery/.beep/fallow,checkout-material,23774,20480,~/YeeBois/projects/beep-effect5-worktrees/document-semantic-conformance-delivery,owner-unverified,unverified,source retained; archive from owner checkout,fleet observation only; archive from the owning checkout,foreign-owner
~/YeeBois/projects/beep-effect5-worktrees/document-semantic-conformance-delivery/.beep/ci/jsdoc-documentation.inventory.jsonc,checkout-generated,20464451,20467712,~/YeeBois/projects/beep-effect5-worktrees/document-semantic-conformance-delivery,owner-unverified,unverified,source retained; archive from owner checkout,fleet observation only; archive from the owning checkout,foreign-owner
~/YeeBois/projects/beep-effect5-worktrees/document-semantic-conformance-delivery/.beep/ci/jsdoc-documentation.inventory.md,checkout-generated,64970,65536,~/YeeBois/projects/beep-effect5-worktrees/document-semantic-conformance-delivery,owner-unverified,unverified,source retained; archive from owner checkout,fleet observation only; archive from the owning checkout,foreign-owner
~/YeeBois/projects/beep-effect5-worktrees/run-scopes/.beep/fallow,checkout-material,20327,16384,~/YeeBois/projects/beep-effect5-worktrees/run-scopes,owner-unverified,unverified,source retained; archive from owner checkout,fleet observation only; archive from the owning checkout,foreign-owner
~/YeeBois/projects/beep-effect5-worktrees/run-scopes/.beep/ci/jsdoc-documentation.inventory.jsonc,checkout-generated,16804460,16805888,~/YeeBois/projects/beep-effect5-worktrees/run-scopes,owner-unverified,unverified,source retained; archive from owner checkout,fleet observation only; archive from the owning checkout,foreign-owner
~/YeeBois/projects/beep-effect5-worktrees/run-scopes/.beep/ci/jsdoc-documentation.inventory.md,checkout-generated,73343,73728,~/YeeBois/projects/beep-effect5-worktrees/run-scopes,owner-unverified,unverified,source retained; archive from owner checkout,fleet observation only; archive from the owning checkout,foreign-owner
~/YeeBois/projects/beep-effect5-worktrees/single-runtime-root/.beep/fallow,checkout-material,14752,12288,~/YeeBois/projects/beep-effect5-worktrees/single-runtime-root,owner-unverified,unverified,source retained; archive from owner checkout,fleet observation only; archive from the owning checkout,foreign-owner
~/YeeBois/projects/beep-effect5-worktrees/tmpfs-reap-coverage/.beep/review-fixture,checkout-material,0,0,~/YeeBois/projects/beep-effect5-worktrees/tmpfs-reap-coverage,owner-unverified,unverified,source retained; archive from owner checkout,fleet observation only; archive from the owning checkout,foreign-owner
~/YeeBois/projects/beep-effect5-worktrees/tmpfs-reap-coverage/.beep/fallow,checkout-material,20326,16384,~/YeeBois/projects/beep-effect5-worktrees/tmpfs-reap-coverage,owner-unverified,unverified,source retained; archive from owner checkout,fleet observation only; archive from the owning checkout,foreign-owner
~/YeeBois/projects/beep-effect5/.claude/worktrees/bold-varahamihira-7ca0eb/.beep/yeet/jobs/<run-id>.log,checkout-jobs,3148931,3149824,~/YeeBois/projects/beep-effect5/.claude/worktrees/bold-varahamihira-7ca0eb,owner-unverified,unverified,source retained; archive from owner checkout,fleet observation only; archive from the owning checkout,foreign-owner
~/YeeBois/projects/beep-effect5/.claude/worktrees/bold-varahamihira-7ca0eb/.beep/yeet/jobs/<run-id>.json,checkout-jobs,2624,0,~/YeeBois/projects/beep-effect5/.claude/worktrees/bold-varahamihira-7ca0eb,owner-unverified,unverified,source retained; archive from owner checkout,fleet observation only; archive from the owning checkout,foreign-owner
~/YeeBois/projects/beep-effect5/.claude/worktrees/bold-varahamihira-7ca0eb/.beep/yeet/jobs/<run-id>.log,checkout-jobs,3006,0,~/YeeBois/projects/beep-effect5/.claude/worktrees/bold-varahamihira-7ca0eb,owner-unverified,unverified,source retained; archive from owner checkout,fleet observation only; archive from the owning checkout,foreign-owner
~/YeeBois/projects/beep-effect5/.claude/worktrees/bold-varahamihira-7ca0eb/.beep/yeet/jobs/<run-id>.json,checkout-jobs,2436,0,~/YeeBois/projects/beep-effect5/.claude/worktrees/bold-varahamihira-7ca0eb,owner-unverified,unverified,source retained; archive from owner checkout,fleet observation only; archive from the owning checkout,foreign-owner
~/YeeBois/projects/beep-effect5/.claude/worktrees/bold-varahamihira-7ca0eb/.beep/yeet/jobs/<run-id>.log,checkout-jobs,4299799,4300800,~/YeeBois/projects/beep-effect5/.claude/worktrees/bold-varahamihira-7ca0eb,owner-unverified,unverified,source retained; archive from owner checkout,fleet observation only; archive from the owning checkout,foreign-owner
~/YeeBois/projects/beep-effect5/.claude/worktrees/bold-varahamihira-7ca0eb/.beep/yeet/jobs/<run-id>.json,checkout-jobs,2622,0,~/YeeBois/projects/beep-effect5/.claude/worktrees/bold-varahamihira-7ca0eb,owner-unverified,unverified,source retained; archive from owner checkout,fleet observation only; archive from the owning checkout,foreign-owner
~/YeeBois/projects/beep-effect5/.claude/worktrees/bold-varahamihira-7ca0eb/.beep/yeet/jobs/<run-id>.log,checkout-jobs,1767935,1769472,~/YeeBois/projects/beep-effect5/.claude/worktrees/bold-varahamihira-7ca0eb,owner-unverified,unverified,source retained; archive from owner checkout,fleet observation only; archive from the owning checkout,foreign-owner
~/YeeBois/projects/beep-effect5/.claude/worktrees/bold-varahamihira-7ca0eb/.beep/yeet/jobs/<run-id>.json,checkout-jobs,2226,0,~/YeeBois/projects/beep-effect5/.claude/worktrees/bold-varahamihira-7ca0eb,owner-unverified,unverified,source retained; archive from owner checkout,fleet observation only; archive from the owning checkout,foreign-owner
~/YeeBois/projects/beep-effect5/.claude/worktrees/bold-varahamihira-7ca0eb/.beep/fallow,checkout-material,427111,425984,~/YeeBois/projects/beep-effect5/.claude/worktrees/bold-varahamihira-7ca0eb,owner-unverified,unverified,source retained; archive from owner checkout,fleet observation only; archive from the owning checkout,foreign-owner
~/YeeBois/projects/beep-effect5/.claude/worktrees/bold-varahamihira-7ca0eb/.beep/quality,checkout-material,0,0,~/YeeBois/projects/beep-effect5/.claude/worktrees/bold-varahamihira-7ca0eb,owner-unverified,unverified,source retained; archive from owner checkout,fleet observation only; archive from the owning checkout,foreign-owner
~/YeeBois/projects/beep-effect5/.claude/worktrees/bold-varahamihira-7ca0eb/.beep/ci/jsdoc-documentation.inventory.jsonc,checkout-generated,20404372,20406272,~/YeeBois/projects/beep-effect5/.claude/worktrees/bold-varahamihira-7ca0eb,owner-unverified,unverified,source retained; archive from owner checkout,fleet observation only; archive from the owning checkout,foreign-owner
~/YeeBois/projects/beep-effect5/.claude/worktrees/bold-varahamihira-7ca0eb/.beep/ci/jsdoc-documentation.inventory.md,checkout-generated,336207,339968,~/YeeBois/projects/beep-effect5/.claude/worktrees/bold-varahamihira-7ca0eb,owner-unverified,unverified,source retained; archive from owner checkout,fleet observation only; archive from the owning checkout,foreign-owner
~/YeeBois/projects/beep-effect6/.beep/run-logs,checkout-material,1093545,1097728,~/YeeBois/projects/beep-effect6,owner-unverified,unverified,source retained; archive from owner checkout,fleet observation only; archive from the owning checkout,foreign-owner
~/YeeBois/projects/beep-effect6/.beep/professional-desktop,checkout-material,41110569,41107456,~/YeeBois/projects/beep-effect6,owner-unverified,unverified,source retained; archive from owner checkout,fleet observation only; archive from the owning checkout,foreign-owner
~/YeeBois/projects/beep-effect6/.beep/ci/jsdoc-documentation.inventory.jsonc,checkout-generated,20613934,20615168,~/YeeBois/projects/beep-effect6,owner-unverified,unverified,source retained; archive from owner checkout,fleet observation only; archive from the owning checkout,foreign-owner
~/YeeBois/projects/beep-effect6/.beep/ci/jsdoc-documentation.inventory.md,checkout-generated,362122,364544,~/YeeBois/projects/beep-effect6,owner-unverified,unverified,source retained; archive from owner checkout,fleet observation only; archive from the owning checkout,foreign-owner
~/YeeBois/projects/beep-effect6/.beep/qa-capture.mjs,checkout-material,28299,28672,~/YeeBois/projects/beep-effect6,owner-unverified,unverified,source retained; archive from owner checkout,fleet observation only; archive from the owning checkout,foreign-owner
~/YeeBois/projects/beep-effect6/.beep/qa/round-1,checkout-qa,1573909,1630208,~/YeeBois/projects/beep-effect6,owner-unverified,unverified,source retained; archive from owner checkout,fleet observation only; archive from the owning checkout,foreign-owner
~/YeeBois/projects/beep-effect6/.beep/qa/round-2,checkout-qa,2688266,2727936,~/YeeBois/projects/beep-effect6,owner-unverified,unverified,source retained; archive from owner checkout,fleet observation only; archive from the owning checkout,foreign-owner
~/YeeBois/projects/beep-effect6/.beep/qa/round-3,checkout-qa,2696068,2740224,~/YeeBois/projects/beep-effect6,owner-unverified,unverified,source retained; archive from owner checkout,fleet observation only; archive from the owning checkout,foreign-owner
~/YeeBois/projects/beep-effect6/.beep/qa/round-4,checkout-qa,2901888,2945024,~/YeeBois/projects/beep-effect6,owner-unverified,unverified,source retained; archive from owner checkout,fleet observation only; archive from the owning checkout,foreign-owner
~/YeeBois/projects/beep-effect6/.beep/fallow,checkout-material,366850,364544,~/YeeBois/projects/beep-effect6,owner-unverified,unverified,source retained; archive from owner checkout,fleet observation only; archive from the owning checkout,foreign-owner
~/YeeBois/projects/beep-effect6-worktrees/tsgo-039-adoption/.beep/fallow,checkout-material,158098,159744,~/YeeBois/projects/beep-effect6-worktrees/tsgo-039-adoption,owner-unverified,unverified,source retained; archive from owner checkout,fleet observation only; archive from the owning checkout,foreign-owner
~/YeeBois/projects/beep-effect6-worktrees/yeet-auto-admit-heavy/.beep/fallow,checkout-material,391830,389120,~/YeeBois/projects/beep-effect6-worktrees/yeet-auto-admit-heavy,owner-unverified,unverified,source retained; archive from owner checkout,fleet observation only; archive from the owning checkout,foreign-owner
~/YeeBois/projects/beep-effect6-worktrees/yeet-auto-admit-heavy/.beep/quality,checkout-material,0,0,~/YeeBois/projects/beep-effect6-worktrees/yeet-auto-admit-heavy,owner-unverified,unverified,source retained; archive from owner checkout,fleet observation only; archive from the owning checkout,foreign-owner
~/YeeBois/projects/beep-effect6-worktrees/yeet-auto-admit-heavy/.beep/ci/jsdoc-documentation.inventory.jsonc,checkout-generated,20599642,20602880,~/YeeBois/projects/beep-effect6-worktrees/yeet-auto-admit-heavy,owner-unverified,unverified,source retained; archive from owner checkout,fleet observation only; archive from the owning checkout,foreign-owner
~/YeeBois/projects/beep-effect6-worktrees/yeet-auto-admit-heavy/.beep/ci/jsdoc-documentation.inventory.md,checkout-generated,362122,364544,~/YeeBois/projects/beep-effect6-worktrees/yeet-auto-admit-heavy,owner-unverified,unverified,source retained; archive from owner checkout,fleet observation only; archive from the owning checkout,foreign-owner
~/YeeBois/projects/beep-effect6/.claude/worktrees/hungry-leavitt-ffca03/.beep/fallow,checkout-material,378939,376832,~/YeeBois/projects/beep-effect6/.claude/worktrees/hungry-leavitt-ffca03,owner-unverified,unverified,source retained; archive from owner checkout,fleet observation only; archive from the owning checkout,foreign-owner
~/YeeBois/projects/beep-effect6/.claude/worktrees/hungry-leavitt-ffca03/.beep/ci/jsdoc-documentation.inventory.jsonc,checkout-generated,20418341,20418560,~/YeeBois/projects/beep-effect6/.claude/worktrees/hungry-leavitt-ffca03,owner-unverified,unverified,source retained; archive from owner checkout,fleet observation only; archive from the owning checkout,foreign-owner
~/YeeBois/projects/beep-effect6/.claude/worktrees/hungry-leavitt-ffca03/.beep/ci/jsdoc-documentation.inventory.md,checkout-generated,360011,360448,~/YeeBois/projects/beep-effect6/.claude/worktrees/hungry-leavitt-ffca03,owner-unverified,unverified,source retained; archive from owner checkout,fleet observation only; archive from the owning checkout,foreign-owner
~/YeeBois/projects/beep-effect6/.claude/worktrees/hungry-leavitt-ffca03/.beep/quality,checkout-material,0,0,~/YeeBois/projects/beep-effect6/.claude/worktrees/hungry-leavitt-ffca03,owner-unverified,unverified,source retained; archive from owner checkout,fleet observation only; archive from the owning checkout,foreign-owner
~/YeeBois/projects/beep-effect6/.claude/worktrees/nice-ellis-1db28f/.beep/fallow,checkout-material,375839,376832,~/YeeBois/projects/beep-effect6/.claude/worktrees/nice-ellis-1db28f,owner-unverified,unverified,source retained; archive from owner checkout,fleet observation only; archive from the owning checkout,foreign-owner
~/YeeBois/projects/beep-effect6/.claude/worktrees/nice-ellis-1db28f/.beep/ci/jsdoc-documentation.inventory.jsonc,checkout-generated,21862197,21864448,~/YeeBois/projects/beep-effect6/.claude/worktrees/nice-ellis-1db28f,owner-unverified,unverified,source retained; archive from owner checkout,fleet observation only; archive from the owning checkout,foreign-owner
~/YeeBois/projects/beep-effect6/.claude/worktrees/nice-ellis-1db28f/.beep/ci/jsdoc-documentation.inventory.md,checkout-generated,401187,401408,~/YeeBois/projects/beep-effect6/.claude/worktrees/nice-ellis-1db28f,owner-unverified,unverified,source retained; archive from owner checkout,fleet observation only; archive from the owning checkout,foreign-owner
~/YeeBois/projects/beep-effect7/.beep/ci/jsdoc-documentation.inventory.jsonc,checkout-generated,20613934,20615168,~/YeeBois/projects/beep-effect7,owner-unverified,unverified,source retained; archive from owner checkout,fleet observation only; archive from the owning checkout,foreign-owner
~/YeeBois/projects/beep-effect7/.beep/ci/jsdoc-documentation.inventory.md,checkout-generated,362122,364544,~/YeeBois/projects/beep-effect7,owner-unverified,unverified,source retained; archive from owner checkout,fleet observation only; archive from the owning checkout,foreign-owner
~/YeeBois/projects/beep-effect7/.beep/fallow,checkout-material,400160,397312,~/YeeBois/projects/beep-effect7,owner-unverified,unverified,source retained; archive from owner checkout,fleet observation only; archive from the owning checkout,foreign-owner
~/YeeBois/projects/beep-effect7/.beep/research,checkout-material,36677678,36704256,~/YeeBois/projects/beep-effect7,owner-unverified,unverified,source retained; archive from owner checkout,fleet observation only; archive from the owning checkout,foreign-owner
~/YeeBois/projects/beep-effect7-gitleaks-beta105/.beep/fallow,checkout-material,12872,12288,~/YeeBois/projects/beep-effect7-gitleaks-beta105,owner-unverified,unverified,source retained; archive from owner checkout,fleet observation only; archive from the owning checkout,foreign-owner
~/YeeBois/projects/beep-effect7-gitleaks-beta105/.beep/ci/jsdoc-documentation.inventory.jsonc,checkout-generated,16257353,16261120,~/YeeBois/projects/beep-effect7-gitleaks-beta105,owner-unverified,unverified,source retained; archive from owner checkout,fleet observation only; archive from the owning checkout,foreign-owner
~/YeeBois/projects/beep-effect7-gitleaks-beta105/.beep/ci/jsdoc-documentation.inventory.md,checkout-generated,77690,77824,~/YeeBois/projects/beep-effect7-gitleaks-beta105,owner-unverified,unverified,source retained; archive from owner checkout,fleet observation only; archive from the owning checkout,foreign-owner
~/YeeBois/projects/beep-effect7-worktrees/graft-auto-upgrade/.beep/handoff-summary.md,checkout-material,9298,12288,~/YeeBois/projects/beep-effect7-worktrees/graft-auto-upgrade,owner-unverified,unverified,source retained; archive from owner checkout,fleet observation only; archive from the owning checkout,foreign-owner
~/YeeBois/projects/beep-effect7-worktrees/graft-auto-upgrade/.beep/yeet/jobs/<run-id>.log,checkout-jobs,1709,0,~/YeeBois/projects/beep-effect7-worktrees/graft-auto-upgrade,owner-unverified,unverified,source retained; archive from owner checkout,fleet observation only; archive from the owning checkout,foreign-owner
~/YeeBois/projects/beep-effect7-worktrees/graft-auto-upgrade/.beep/yeet/jobs/<run-id>.json,checkout-jobs,3301,0,~/YeeBois/projects/beep-effect7-worktrees/graft-auto-upgrade,owner-unverified,unverified,source retained; archive from owner checkout,fleet observation only; archive from the owning checkout,foreign-owner
~/YeeBois/projects/beep-effect7-worktrees/graft-auto-upgrade/.beep/yeet/jobs/<run-id>.log,checkout-jobs,1607,0,~/YeeBois/projects/beep-effect7-worktrees/graft-auto-upgrade,owner-unverified,unverified,source retained; archive from owner checkout,fleet observation only; archive from the owning checkout,foreign-owner
~/YeeBois/projects/beep-effect7-worktrees/graft-auto-upgrade/.beep/yeet/jobs/<run-id>.json,checkout-jobs,3301,0,~/YeeBois/projects/beep-effect7-worktrees/graft-auto-upgrade,owner-unverified,unverified,source retained; archive from owner checkout,fleet observation only; archive from the owning checkout,foreign-owner
~/YeeBois/projects/beep-effect7-worktrees/graft-auto-upgrade/.beep/yeet/jobs/<run-id>.log,checkout-jobs,90862,94208,~/YeeBois/projects/beep-effect7-worktrees/graft-auto-upgrade,owner-unverified,unverified,source retained; archive from owner checkout,fleet observation only; archive from the owning checkout,foreign-owner
~/YeeBois/projects/beep-effect7-worktrees/graft-auto-upgrade/.beep/yeet/jobs/<run-id>.json,checkout-jobs,3132,0,~/YeeBois/projects/beep-effect7-worktrees/graft-auto-upgrade,owner-unverified,unverified,source retained; archive from owner checkout,fleet observation only; archive from the owning checkout,foreign-owner
~/YeeBois/projects/beep-effect7-worktrees/graft-auto-upgrade/.beep/yeet/jobs/<run-id>.log,checkout-jobs,56800,57344,~/YeeBois/projects/beep-effect7-worktrees/graft-auto-upgrade,owner-unverified,unverified,source retained; archive from owner checkout,fleet observation only; archive from the owning checkout,foreign-owner
~/YeeBois/projects/beep-effect7-worktrees/graft-auto-upgrade/.beep/yeet/jobs/<run-id>.json,checkout-jobs,2261,0,~/YeeBois/projects/beep-effect7-worktrees/graft-auto-upgrade,owner-unverified,unverified,source retained; archive from owner checkout,fleet observation only; archive from the owning checkout,foreign-owner
~/YeeBois/projects/beep-effect7-worktrees/graft-auto-upgrade/.beep/yeet/jobs/<run-id>.log,checkout-jobs,4792988,4796416,~/YeeBois/projects/beep-effect7-worktrees/graft-auto-upgrade,owner-unverified,unverified,source retained; archive from owner checkout,fleet observation only; archive from the owning checkout,foreign-owner
~/YeeBois/projects/beep-effect7-worktrees/graft-auto-upgrade/.beep/yeet/jobs/<run-id>.json,checkout-jobs,2260,0,~/YeeBois/projects/beep-effect7-worktrees/graft-auto-upgrade,owner-unverified,unverified,source retained; archive from owner checkout,fleet observation only; archive from the owning checkout,foreign-owner
~/YeeBois/projects/beep-effect7-worktrees/graft-auto-upgrade/.beep/yeet/jobs/<run-id>.log,checkout-jobs,4821576,4825088,~/YeeBois/projects/beep-effect7-worktrees/graft-auto-upgrade,owner-unverified,unverified,source retained; archive from owner checkout,fleet observation only; archive from the owning checkout,foreign-owner
~/YeeBois/projects/beep-effect7-worktrees/graft-auto-upgrade/.beep/yeet/jobs/<run-id>.json,checkout-jobs,2260,0,~/YeeBois/projects/beep-effect7-worktrees/graft-auto-upgrade,owner-unverified,unverified,source retained; archive from owner checkout,fleet observation only; archive from the owning checkout,foreign-owner
~/YeeBois/projects/beep-effect7-worktrees/graft-auto-upgrade/.beep/yeet/jobs/<run-id>.log,checkout-jobs,32791,36864,~/YeeBois/projects/beep-effect7-worktrees/graft-auto-upgrade,owner-unverified,unverified,source retained; archive from owner checkout,fleet observation only; archive from the owning checkout,foreign-owner
~/YeeBois/projects/beep-effect7-worktrees/graft-auto-upgrade/.beep/yeet/jobs/<run-id>.json,checkout-jobs,2260,0,~/YeeBois/projects/beep-effect7-worktrees/graft-auto-upgrade,owner-unverified,unverified,source retained; archive from owner checkout,fleet observation only; archive from the owning checkout,foreign-owner
~/YeeBois/projects/beep-effect7-worktrees/graft-auto-upgrade/.beep/fallow,checkout-material,760105,757760,~/YeeBois/projects/beep-effect7-worktrees/graft-auto-upgrade,owner-unverified,unverified,source retained; archive from owner checkout,fleet observation only; archive from the owning checkout,foreign-owner
~/YeeBois/projects/beep-effect7-worktrees/graft-auto-upgrade/.beep/quality,checkout-material,0,0,~/YeeBois/projects/beep-effect7-worktrees/graft-auto-upgrade,owner-unverified,unverified,source retained; archive from owner checkout,fleet observation only; archive from the owning checkout,foreign-owner
~/YeeBois/projects/beep-effect7-worktrees/graft-auto-upgrade/.beep/ci/jsdoc-documentation.inventory.jsonc,checkout-generated,20555659,20557824,~/YeeBois/projects/beep-effect7-worktrees/graft-auto-upgrade,owner-unverified,unverified,source retained; archive from owner checkout,fleet observation only; archive from the owning checkout,foreign-owner
~/YeeBois/projects/beep-effect7-worktrees/graft-auto-upgrade/.beep/ci/jsdoc-documentation.inventory.md,checkout-generated,361807,364544,~/YeeBois/projects/beep-effect7-worktrees/graft-auto-upgrade,owner-unverified,unverified,source retained; archive from owner checkout,fleet observation only; archive from the owning checkout,foreign-owner
~/YeeBois/projects/beep-effect8/.beep/yeet/jobs/<run-id>.log,checkout-jobs,63501,65536,~/YeeBois/projects/beep-effect8,owner-unverified,unverified,source retained; archive from owner checkout,fleet observation only; archive from the owning checkout,foreign-owner
~/YeeBois/projects/beep-effect8/.beep/yeet/jobs/<run-id>.json,checkout-jobs,2128,0,~/YeeBois/projects/beep-effect8,owner-unverified,unverified,source retained; archive from owner checkout,fleet observation only; archive from the owning checkout,foreign-owner
~/YeeBois/projects/beep-effect8/.beep/professional-desktop,checkout-material,122179788,122175488,~/YeeBois/projects/beep-effect8,owner-unverified,unverified,source retained; archive from owner checkout,fleet observation only; archive from the owning checkout,foreign-owner
~/YeeBois/projects/beep-effect8/.beep/ci/jsdoc-documentation.inventory.jsonc,checkout-generated,20613934,20615168,~/YeeBois/projects/beep-effect8,owner-unverified,unverified,source retained; archive from owner checkout,fleet observation only; archive from the owning checkout,foreign-owner
~/YeeBois/projects/beep-effect8/.beep/ci/jsdoc-documentation.inventory.md,checkout-generated,362122,364544,~/YeeBois/projects/beep-effect8,owner-unverified,unverified,source retained; archive from owner checkout,fleet observation only; archive from the owning checkout,foreign-owner
~/YeeBois/projects/beep-effect8/.beep/qa/sidecar.log,checkout-qa,864,0,~/YeeBois/projects/beep-effect8,owner-unverified,unverified,source retained; archive from owner checkout,fleet observation only; archive from the owning checkout,foreign-owner
~/YeeBois/projects/beep-effect8/.beep/qa/dev.log,checkout-qa,7518,8192,~/YeeBois/projects/beep-effect8,owner-unverified,unverified,source retained; archive from owner checkout,fleet observation only; archive from the owning checkout,foreign-owner
~/YeeBois/projects/beep-effect8/.beep/qa/round-1,checkout-qa,7365906,7393280,~/YeeBois/projects/beep-effect8,owner-unverified,unverified,source retained; archive from owner checkout,fleet observation only; archive from the owning checkout,foreign-owner
~/YeeBois/projects/beep-effect8/.beep/qa/round-2,checkout-qa,7949987,7983104,~/YeeBois/projects/beep-effect8,owner-unverified,unverified,source retained; archive from owner checkout,fleet observation only; archive from the owning checkout,foreign-owner
~/YeeBois/projects/beep-effect8/.beep/qa/round-3,checkout-qa,19739088,19947520,~/YeeBois/projects/beep-effect8,owner-unverified,unverified,source retained; archive from owner checkout,fleet observation only; archive from the owning checkout,foreign-owner
~/YeeBois/projects/beep-effect8/.beep/qa/round-4,checkout-qa,20673307,20869120,~/YeeBois/projects/beep-effect8,owner-unverified,unverified,source retained; archive from owner checkout,fleet observation only; archive from the owning checkout,foreign-owner
~/YeeBois/projects/beep-effect8/.beep/qa/round-5,checkout-qa,23417336,23699456,~/YeeBois/projects/beep-effect8,owner-unverified,unverified,source retained; archive from owner checkout,fleet observation only; archive from the owning checkout,foreign-owner
~/YeeBois/projects/beep-effect8/.beep/qa-capture.mjs,checkout-material,11983,12288,~/YeeBois/projects/beep-effect8,owner-unverified,unverified,source retained; archive from owner checkout,fleet observation only; archive from the owning checkout,foreign-owner
~/YeeBois/projects/beep-effect8/.beep/fallow,checkout-material,741297,749568,~/YeeBois/projects/beep-effect8,owner-unverified,unverified,source retained; archive from owner checkout,fleet observation only; archive from the owning checkout,foreign-owner
~/YeeBois/projects/beep-effect8/.beep/jsdoc-shape-fix.ts,checkout-material,5867,8192,~/YeeBois/projects/beep-effect8,owner-unverified,unverified,source retained; archive from owner checkout,fleet observation only; archive from the owning checkout,foreign-owner
~/YeeBois/projects/beep-effect8/.beep/jsdoc-type-alias-fix.ts,checkout-material,2146,0,~/YeeBois/projects/beep-effect8,owner-unverified,unverified,source retained; archive from owner checkout,fleet observation only; archive from the owning checkout,foreign-owner
~/YeeBois/projects/beep-effect8/.beep/jsdoc-semantic-fix.ts,checkout-material,3658,0,~/YeeBois/projects/beep-effect8,owner-unverified,unverified,source retained; archive from owner checkout,fleet observation only; archive from the owning checkout,foreign-owner
~/YeeBois/projects/beep-effect8/.beep/jsdoc-catalog-example-fix.ts,checkout-material,3129,0,~/YeeBois/projects/beep-effect8,owner-unverified,unverified,source retained; archive from owner checkout,fleet observation only; archive from the owning checkout,foreign-owner
~/YeeBois/projects/beep-effect8/.beep/jsdoc-example-order-fix.ts,checkout-material,2640,0,~/YeeBois/projects/beep-effect8,owner-unverified,unverified,source retained; archive from owner checkout,fleet observation only; archive from the owning checkout,foreign-owner
~/YeeBois/projects/beep-effect8/.beep/beep-docs-import-fix.ts,checkout-material,1576,0,~/YeeBois/projects/beep-effect8,owner-unverified,unverified,source retained; archive from owner checkout,fleet observation only; archive from the owning checkout,foreign-owner
~/YeeBois/projects/beep-effect8/.beep/jsdoc-local-import-fix.ts,checkout-material,810,0,~/YeeBois/projects/beep-effect8,owner-unverified,unverified,source retained; archive from owner checkout,fleet observation only; archive from the owning checkout,foreign-owner
~/YeeBois/projects/beep-effect8/.beep/jsdoc-example-type-fix.ts,checkout-material,4661,8192,~/YeeBois/projects/beep-effect8,owner-unverified,unverified,source retained; archive from owner checkout,fleet observation only; archive from the owning checkout,foreign-owner
~/YeeBois/projects/beep-effect8/.beep/schema-service-probe.ts,checkout-material,1097,0,~/YeeBois/projects/beep-effect8,owner-unverified,unverified,source retained; archive from owner checkout,fleet observation only; archive from the owning checkout,foreign-owner
~/YeeBois/projects/beep-effect8/.beep/schema-service-probe.tsconfig.json,checkout-material,207,0,~/YeeBois/projects/beep-effect8,owner-unverified,unverified,source retained; archive from owner checkout,fleet observation only; archive from the owning checkout,foreign-owner
~/YeeBois/projects/beep-effect8/.beep/node_modules,checkout-material,365012,368640,~/YeeBois/projects/beep-effect8,owner-unverified,unverified,source retained; archive from owner checkout,fleet observation only; archive from the owning checkout,foreign-owner
~/YeeBois/projects/beep-effect8/.beep/schema-default-call-fix.ts,checkout-material,1238,0,~/YeeBois/projects/beep-effect8,owner-unverified,unverified,source retained; archive from owner checkout,fleet observation only; archive from the owning checkout,foreign-owner
~/YeeBois/projects/beep-effect8/.beep/effect-docgen-example-fix.ts,checkout-material,7327,8192,~/YeeBois/projects/beep-effect8,owner-unverified,unverified,source retained; archive from owner checkout,fleet observation only; archive from the owning checkout,foreign-owner
~/YeeBois/projects/beep-effect8/.beep/scratch,checkout-material,73515,73728,~/YeeBois/projects/beep-effect8,owner-unverified,unverified,source retained; archive from owner checkout,fleet observation only; archive from the owning checkout,foreign-owner
~/YeeBois/projects/beep-effect8/.beep/model-routing-sync-audit,checkout-material,20500112,20725760,~/YeeBois/projects/beep-effect8,owner-unverified,unverified,source retained; archive from owner checkout,fleet observation only; archive from the owning checkout,foreign-owner
~/YeeBois/projects/beep-effect8/.beep/legal-document-intake-resume.md,checkout-material,3219,0,~/YeeBois/projects/beep-effect8,owner-unverified,unverified,source retained; archive from owner checkout,fleet observation only; archive from the owning checkout,foreign-owner
~/YeeBois/projects/beep-effect8-s5/.beep/yeet/jobs/<run-id>.log,checkout-jobs,897460,901120,~/YeeBois/projects/beep-effect8-s5,owner-unverified,unverified,source retained; archive from owner checkout,fleet observation only; archive from the owning checkout,foreign-owner
~/YeeBois/projects/beep-effect8-s5/.beep/yeet/jobs/<run-id>.json,checkout-jobs,2414,0,~/YeeBois/projects/beep-effect8-s5,owner-unverified,unverified,source retained; archive from owner checkout,fleet observation only; archive from the owning checkout,foreign-owner
~/YeeBois/projects/beep-effect8-s5/.beep/yeet/jobs/<run-id>.log,checkout-jobs,97149,98304,~/YeeBois/projects/beep-effect8-s5,owner-unverified,unverified,source retained; archive from owner checkout,fleet observation only; archive from the owning checkout,foreign-owner
~/YeeBois/projects/beep-effect8-s5/.beep/yeet/jobs/<run-id>.json,checkout-jobs,2049,0,~/YeeBois/projects/beep-effect8-s5,owner-unverified,unverified,source retained; archive from owner checkout,fleet observation only; archive from the owning checkout,foreign-owner
~/YeeBois/projects/beep-effect8-s5/.beep/yeet/jobs/<run-id>.log,checkout-jobs,196780,200704,~/YeeBois/projects/beep-effect8-s5,owner-unverified,unverified,source retained; archive from owner checkout,fleet observation only; archive from the owning checkout,foreign-owner
~/YeeBois/projects/beep-effect8-s5/.beep/yeet/jobs/<run-id>.json,checkout-jobs,2166,0,~/YeeBois/projects/beep-effect8-s5,owner-unverified,unverified,source retained; archive from owner checkout,fleet observation only; archive from the owning checkout,foreign-owner
~/YeeBois/projects/beep-effect8-s5/.beep/yeet/jobs/<run-id>.log,checkout-jobs,88004,90112,~/YeeBois/projects/beep-effect8-s5,owner-unverified,unverified,source retained; archive from owner checkout,fleet observation only; archive from the owning checkout,foreign-owner
~/YeeBois/projects/beep-effect8-s5/.beep/yeet/jobs/<run-id>.json,checkout-jobs,2088,0,~/YeeBois/projects/beep-effect8-s5,owner-unverified,unverified,source retained; archive from owner checkout,fleet observation only; archive from the owning checkout,foreign-owner
~/YeeBois/projects/beep-effect8-s5/.beep/yeet/jobs/<run-id>.log,checkout-jobs,130185,131072,~/YeeBois/projects/beep-effect8-s5,owner-unverified,unverified,source retained; archive from owner checkout,fleet observation only; archive from the owning checkout,foreign-owner
~/YeeBois/projects/beep-effect8-s5/.beep/yeet/jobs/<run-id>.json,checkout-jobs,2100,0,~/YeeBois/projects/beep-effect8-s5,owner-unverified,unverified,source retained; archive from owner checkout,fleet observation only; archive from the owning checkout,foreign-owner
~/YeeBois/projects/beep-effect8-s5/.beep/yeet/jobs/<run-id>.log,checkout-jobs,67850,69632,~/YeeBois/projects/beep-effect8-s5,owner-unverified,unverified,source retained; archive from owner checkout,fleet observation only; archive from the owning checkout,foreign-owner
~/YeeBois/projects/beep-effect8-s5/.beep/yeet/jobs/<run-id>.json,checkout-jobs,2043,0,~/YeeBois/projects/beep-effect8-s5,owner-unverified,unverified,source retained; archive from owner checkout,fleet observation only; archive from the owning checkout,foreign-owner
~/YeeBois/projects/beep-effect8-s5/.beep/yeet/jobs/<run-id>.log,checkout-jobs,100071,102400,~/YeeBois/projects/beep-effect8-s5,owner-unverified,unverified,source retained; archive from owner checkout,fleet observation only; archive from the owning checkout,foreign-owner
~/YeeBois/projects/beep-effect8-s5/.beep/yeet/jobs/<run-id>.json,checkout-jobs,2039,0,~/YeeBois/projects/beep-effect8-s5,owner-unverified,unverified,source retained; archive from owner checkout,fleet observation only; archive from the owning checkout,foreign-owner
~/YeeBois/projects/beep-effect8-s5/.beep/fallow,checkout-material,506289,503808,~/YeeBois/projects/beep-effect8-s5,owner-unverified,unverified,source retained; archive from owner checkout,fleet observation only; archive from the owning checkout,foreign-owner
~/YeeBois/projects/beep-effect8-s5/.beep/ci/jsdoc-documentation.inventory.jsonc,checkout-generated,21862199,21864448,~/YeeBois/projects/beep-effect8-s5,owner-unverified,unverified,source retained; archive from owner checkout,fleet observation only; archive from the owning checkout,foreign-owner
~/YeeBois/projects/beep-effect8-s5/.beep/ci/jsdoc-documentation.inventory.md,checkout-generated,401187,401408,~/YeeBois/projects/beep-effect8-s5,owner-unverified,unverified,source retained; archive from owner checkout,fleet observation only; archive from the owning checkout,foreign-owner
~/YeeBois/projects/beep-effect8-s5/.beep/review-fixes-worktrees,checkout-ledgers,0,0,~/YeeBois/projects/beep-effect8-s5,owner-unverified,unverified,source retained; archive from owner checkout,fleet observation only; archive from the owning checkout,foreign-owner
~/YeeBois/projects/beep-effect8-s5/.beep/stage-b-validation,checkout-material,13519487,13537280,~/YeeBois/projects/beep-effect8-s5,owner-unverified,unverified,source retained; archive from owner checkout,fleet observation only; archive from the owning checkout,foreign-owner
~/YeeBois/projects/beep-effect8-s5/.beep/stage-b-verify-worktrees,checkout-ledgers,0,0,~/YeeBois/projects/beep-effect8-s5,owner-unverified,unverified,source retained; archive from owner checkout,fleet observation only; archive from the owning checkout,foreign-owner
~/YeeBois/projects/beep-effect8-s5/.beep/corpus-test-repos,checkout-material,0,0,~/YeeBois/projects/beep-effect8-s5,owner-unverified,unverified,source retained; archive from owner checkout,fleet observation only; archive from the owning checkout,foreign-owner
~/YeeBois/projects/beep-effect8-s5/.beep/run2-residue-repair,checkout-material,0,0,~/YeeBois/projects/beep-effect8-s5,owner-unverified,unverified,source retained; archive from owner checkout,fleet observation only; archive from the owning checkout,foreign-owner
~/YeeBois/projects/beep-effect8-s5/.beep/cache,checkout-material,23,0,~/YeeBois/projects/beep-effect8-s5,owner-unverified,unverified,source retained; archive from owner checkout,fleet observation only; archive from the owning checkout,foreign-owner
~/YeeBois/projects/beep-effect8-worktrees/cross-provider-agent-comms/.beep/yeet/jobs/<run-id>.log,checkout-jobs,90011,90112,~/YeeBois/projects/beep-effect8-worktrees/cross-provider-agent-comms,owner-unverified,unverified,source retained; archive from owner checkout,fleet observation only; archive from the owning checkout,foreign-owner
~/YeeBois/projects/beep-effect8-worktrees/cross-provider-agent-comms/.beep/yeet/jobs/<run-id>.json,checkout-jobs,2466,0,~/YeeBois/projects/beep-effect8-worktrees/cross-provider-agent-comms,owner-unverified,unverified,source retained; archive from owner checkout,fleet observation only; archive from the owning checkout,foreign-owner
~/YeeBois/projects/beep-effect8-worktrees/cross-provider-agent-comms/.beep/yeet/jobs/<run-id>.log,checkout-jobs,60588,61440,~/YeeBois/projects/beep-effect8-worktrees/cross-provider-agent-comms,owner-unverified,unverified,source retained; archive from owner checkout,fleet observation only; archive from the owning checkout,foreign-owner
~/YeeBois/projects/beep-effect8-worktrees/cross-provider-agent-comms/.beep/yeet/jobs/<run-id>.json,checkout-jobs,2466,0,~/YeeBois/projects/beep-effect8-worktrees/cross-provider-agent-comms,owner-unverified,unverified,source retained; archive from owner checkout,fleet observation only; archive from the owning checkout,foreign-owner
~/YeeBois/projects/beep-effect8-worktrees/cross-provider-agent-comms/.beep/yeet/jobs/<run-id>.log,checkout-jobs,61477,65536,~/YeeBois/projects/beep-effect8-worktrees/cross-provider-agent-comms,owner-unverified,unverified,source retained; archive from owner checkout,fleet observation only; archive from the owning checkout,foreign-owner
~/YeeBois/projects/beep-effect8-worktrees/cross-provider-agent-comms/.beep/yeet/jobs/<run-id>.json,checkout-jobs,2441,0,~/YeeBois/projects/beep-effect8-worktrees/cross-provider-agent-comms,owner-unverified,unverified,source retained; archive from owner checkout,fleet observation only; archive from the owning checkout,foreign-owner
~/YeeBois/projects/beep-effect8-worktrees/cross-provider-agent-comms/.beep/yeet/jobs/<run-id>.log,checkout-jobs,2970,0,~/YeeBois/projects/beep-effect8-worktrees/cross-provider-agent-comms,owner-unverified,unverified,source retained; archive from owner checkout,fleet observation only; archive from the owning checkout,foreign-owner
~/YeeBois/projects/beep-effect8-worktrees/cross-provider-agent-comms/.beep/yeet/jobs/<run-id>.json,checkout-jobs,2579,0,~/YeeBois/projects/beep-effect8-worktrees/cross-provider-agent-comms,owner-unverified,unverified,source retained; archive from owner checkout,fleet observation only; archive from the owning checkout,foreign-owner
~/YeeBois/projects/beep-effect8-worktrees/cross-provider-agent-comms/.beep/yeet/jobs/<run-id>.log,checkout-jobs,87566,90112,~/YeeBois/projects/beep-effect8-worktrees/cross-provider-agent-comms,owner-unverified,unverified,source retained; archive from owner checkout,fleet observation only; archive from the owning checkout,foreign-owner
~/YeeBois/projects/beep-effect8-worktrees/cross-provider-agent-comms/.beep/yeet/jobs/<run-id>.log,checkout-jobs,24608,28672,~/YeeBois/projects/beep-effect8-worktrees/cross-provider-agent-comms,owner-unverified,unverified,source retained; archive from owner checkout,fleet observation only; archive from the owning checkout,foreign-owner
~/YeeBois/projects/beep-effect8-worktrees/cross-provider-agent-comms/.beep/yeet/jobs/<run-id>.json,checkout-jobs,2579,0,~/YeeBois/projects/beep-effect8-worktrees/cross-provider-agent-comms,owner-unverified,unverified,source retained; archive from owner checkout,fleet observation only; archive from the owning checkout,foreign-owner
~/YeeBois/projects/beep-effect8-worktrees/cross-provider-agent-comms/.beep/yeet/jobs/<run-id>.json,checkout-jobs,2242,0,~/YeeBois/projects/beep-effect8-worktrees/cross-provider-agent-comms,owner-unverified,unverified,source retained; archive from owner checkout,fleet observation only; archive from the owning checkout,foreign-owner
~/YeeBois/projects/beep-effect8-worktrees/cross-provider-agent-comms/.beep/yeet/jobs/<run-id>.log,checkout-jobs,67358,69632,~/YeeBois/projects/beep-effect8-worktrees/cross-provider-agent-comms,owner-unverified,unverified,source retained; archive from owner checkout,fleet observation only; archive from the owning checkout,foreign-owner
~/YeeBois/projects/beep-effect8-worktrees/cross-provider-agent-comms/.beep/yeet/jobs/<run-id>.log,checkout-jobs,157536,159744,~/YeeBois/projects/beep-effect8-worktrees/cross-provider-agent-comms,owner-unverified,unverified,source retained; archive from owner checkout,fleet observation only; archive from the owning checkout,foreign-owner
~/YeeBois/projects/beep-effect8-worktrees/cross-provider-agent-comms/.beep/yeet/jobs/<run-id>.json,checkout-jobs,2541,0,~/YeeBois/projects/beep-effect8-worktrees/cross-provider-agent-comms,owner-unverified,unverified,source retained; archive from owner checkout,fleet observation only; archive from the owning checkout,foreign-owner
~/YeeBois/projects/beep-effect8-worktrees/cross-provider-agent-comms/.beep/yeet/jobs/<run-id>.log,checkout-jobs,67143,69632,~/YeeBois/projects/beep-effect8-worktrees/cross-provider-agent-comms,owner-unverified,unverified,source retained; archive from owner checkout,fleet observation only; archive from the owning checkout,foreign-owner
~/YeeBois/projects/beep-effect8-worktrees/cross-provider-agent-comms/.beep/yeet/jobs/<run-id>.json,checkout-jobs,2531,0,~/YeeBois/projects/beep-effect8-worktrees/cross-provider-agent-comms,owner-unverified,unverified,source retained; archive from owner checkout,fleet observation only; archive from the owning checkout,foreign-owner
~/YeeBois/projects/beep-effect8-worktrees/cross-provider-agent-comms/.beep/yeet/jobs/<run-id>.json,checkout-jobs,2034,0,~/YeeBois/projects/beep-effect8-worktrees/cross-provider-agent-comms,owner-unverified,unverified,source retained; archive from owner checkout,fleet observation only; archive from the owning checkout,foreign-owner
~/YeeBois/projects/beep-effect8-worktrees/cross-provider-agent-comms/.beep/fallow,checkout-material,499841,495616,~/YeeBois/projects/beep-effect8-worktrees/cross-provider-agent-comms,owner-unverified,unverified,source retained; archive from owner checkout,fleet observation only; archive from the owning checkout,foreign-owner
~/YeeBois/projects/beep-effect8-worktrees/cross-provider-agent-comms/.beep/cache,checkout-material,23,0,~/YeeBois/projects/beep-effect8-worktrees/cross-provider-agent-comms,owner-unverified,unverified,source retained; archive from owner checkout,fleet observation only; archive from the owning checkout,foreign-owner
~/YeeBois/projects/beep-effect8-worktrees/cross-provider-agent-comms/.beep/ci/agent-comms-jsdoc.inventory.jsonc,checkout-generated,19502432,19505152,~/YeeBois/projects/beep-effect8-worktrees/cross-provider-agent-comms,owner-unverified,unverified,source retained; archive from owner checkout,fleet observation only; archive from the owning checkout,foreign-owner
~/YeeBois/projects/beep-effect8-worktrees/cross-provider-agent-comms/.beep/ci/agent-comms-jsdoc.inventory.md,checkout-generated,177767,180224,~/YeeBois/projects/beep-effect8-worktrees/cross-provider-agent-comms,owner-unverified,unverified,source retained; archive from owner checkout,fleet observation only; archive from the owning checkout,foreign-owner
~/YeeBois/projects/beep-effect8-worktrees/cross-provider-agent-comms/.beep/ci/agent-comms-jsdoc.final.jsonc,checkout-generated,19502097,19505152,~/YeeBois/projects/beep-effect8-worktrees/cross-provider-agent-comms,owner-unverified,unverified,source retained; archive from owner checkout,fleet observation only; archive from the owning checkout,foreign-owner
~/YeeBois/projects/beep-effect8-worktrees/cross-provider-agent-comms/.beep/ci/agent-comms-jsdoc.final.md,checkout-generated,175257,176128,~/YeeBois/projects/beep-effect8-worktrees/cross-provider-agent-comms,owner-unverified,unverified,source retained; archive from owner checkout,fleet observation only; archive from the owning checkout,foreign-owner
~/YeeBois/projects/beep-effect8-worktrees/ontology-v3-journal/.beep/handoffs,checkout-material,406830,413696,~/YeeBois/projects/beep-effect8-worktrees/ontology-v3-journal,owner-unverified,unverified,source retained; archive from owner checkout,fleet observation only; archive from the owning checkout,foreign-owner
~/YeeBois/projects/beep-effect8/.claude/worktrees/elegant-grothendieck-0168b7/.beep/ci/jsdoc-documentation.inventory.jsonc,checkout-generated,15551194,15552512,~/YeeBois/projects/beep-effect8/.claude/worktrees/elegant-grothendieck-0168b7,owner-unverified,unverified,source retained; archive from owner checkout,fleet observation only; archive from the owning checkout,foreign-owner
~/YeeBois/projects/beep-effect8/.claude/worktrees/elegant-grothendieck-0168b7/.beep/ci/jsdoc-documentation.inventory.md,checkout-generated,12241,12288,~/YeeBois/projects/beep-effect8/.claude/worktrees/elegant-grothendieck-0168b7,owner-unverified,unverified,source retained; archive from owner checkout,fleet observation only; archive from the owning checkout,foreign-owner
~/YeeBois/projects/beep-effect8/.claude/worktrees/elegant-grothendieck-0168b7/.beep/fallow,checkout-material,37813,32768,~/YeeBois/projects/beep-effect8/.claude/worktrees/elegant-grothendieck-0168b7,owner-unverified,unverified,source retained; archive from owner checkout,fleet observation only; archive from the owning checkout,foreign-owner
~/YeeBois/projects/beep-effect9/.beep/yeet/jobs/<run-id>.log,checkout-jobs,22729,24576,~/YeeBois/projects/beep-effect9,owner-unverified,unverified,source retained; archive from owner checkout,fleet observation only; archive from the owning checkout,foreign-owner
~/YeeBois/projects/beep-effect9/.beep/yeet/jobs/<run-id>.json,checkout-jobs,2340,0,~/YeeBois/projects/beep-effect9,owner-unverified,unverified,source retained; archive from owner checkout,fleet observation only; archive from the owning checkout,foreign-owner
~/YeeBois/projects/beep-effect9/.beep/yeet/jobs/<run-id>.log,checkout-jobs,52849,53248,~/YeeBois/projects/beep-effect9,owner-unverified,unverified,source retained; archive from owner checkout,fleet observation only; archive from the owning checkout,foreign-owner
~/YeeBois/projects/beep-effect9/.beep/yeet/jobs/<run-id>.json,checkout-jobs,2345,0,~/YeeBois/projects/beep-effect9,owner-unverified,unverified,source retained; archive from owner checkout,fleet observation only; archive from the owning checkout,foreign-owner
~/YeeBois/projects/beep-effect9/.beep/yeet/jobs/<run-id>.log,checkout-jobs,21425,24576,~/YeeBois/projects/beep-effect9,owner-unverified,unverified,source retained; archive from owner checkout,fleet observation only; archive from the owning checkout,foreign-owner
~/YeeBois/projects/beep-effect9/.beep/yeet/jobs/<run-id>.json,checkout-jobs,2184,0,~/YeeBois/projects/beep-effect9,owner-unverified,unverified,source retained; archive from owner checkout,fleet observation only; archive from the owning checkout,foreign-owner
~/YeeBois/projects/beep-effect9/.beep/yeet/jobs/<run-id>.log,checkout-jobs,8502,12288,~/YeeBois/projects/beep-effect9,owner-unverified,unverified,source retained; archive from owner checkout,fleet observation only; archive from the owning checkout,foreign-owner
~/YeeBois/projects/beep-effect9/.beep/yeet/jobs/<run-id>.json,checkout-jobs,2198,0,~/YeeBois/projects/beep-effect9,owner-unverified,unverified,source retained; archive from owner checkout,fleet observation only; archive from the owning checkout,foreign-owner
~/YeeBois/projects/beep-effect9/.beep/yeet/jobs/<run-id>.log,checkout-jobs,55470,57344,~/YeeBois/projects/beep-effect9,owner-unverified,unverified,source retained; archive from owner checkout,fleet observation only; archive from the owning checkout,foreign-owner
~/YeeBois/projects/beep-effect9/.beep/yeet/jobs/<run-id>.json,checkout-jobs,2154,0,~/YeeBois/projects/beep-effect9,owner-unverified,unverified,source retained; archive from owner checkout,fleet observation only; archive from the owning checkout,foreign-owner
~/YeeBois/projects/beep-effect9/.beep/yeet/jobs/<run-id>.log,checkout-jobs,67800,69632,~/YeeBois/projects/beep-effect9,owner-unverified,unverified,source retained; archive from owner checkout,fleet observation only; archive from the owning checkout,foreign-owner
~/YeeBois/projects/beep-effect9/.beep/yeet/jobs/<run-id>.json,checkout-jobs,2144,0,~/YeeBois/projects/beep-effect9,owner-unverified,unverified,source retained; archive from owner checkout,fleet observation only; archive from the owning checkout,foreign-owner
~/YeeBois/projects/beep-effect9/.beep/yeet/jobs/<run-id>.log,checkout-jobs,49252,53248,~/YeeBois/projects/beep-effect9,owner-unverified,unverified,source retained; archive from owner checkout,fleet observation only; archive from the owning checkout,foreign-owner
~/YeeBois/projects/beep-effect9/.beep/yeet/jobs/<run-id>.json,checkout-jobs,2128,0,~/YeeBois/projects/beep-effect9,owner-unverified,unverified,source retained; archive from owner checkout,fleet observation only; archive from the owning checkout,foreign-owner
~/YeeBois/projects/beep-effect9/.beep/yeet/jobs/<run-id>.log,checkout-jobs,130,0,~/YeeBois/projects/beep-effect9,owner-unverified,unverified,source retained; archive from owner checkout,fleet observation only; archive from the owning checkout,foreign-owner
~/YeeBois/projects/beep-effect9/.beep/yeet/jobs/<run-id>.json,checkout-jobs,1972,0,~/YeeBois/projects/beep-effect9,owner-unverified,unverified,source retained; archive from owner checkout,fleet observation only; archive from the owning checkout,foreign-owner
~/YeeBois/projects/beep-effect9/.beep/yeet/jobs/<run-id>.log,checkout-jobs,75684,77824,~/YeeBois/projects/beep-effect9,owner-unverified,unverified,source retained; archive from owner checkout,fleet observation only; archive from the owning checkout,foreign-owner
~/YeeBois/projects/beep-effect9/.beep/yeet/jobs/<run-id>.json,checkout-jobs,2164,0,~/YeeBois/projects/beep-effect9,owner-unverified,unverified,source retained; archive from owner checkout,fleet observation only; archive from the owning checkout,foreign-owner
~/YeeBois/projects/beep-effect9/.beep/yeet/jobs/<run-id>.log,checkout-jobs,31997,32768,~/YeeBois/projects/beep-effect9,owner-unverified,unverified,source retained; archive from owner checkout,fleet observation only; archive from the owning checkout,foreign-owner
~/YeeBois/projects/beep-effect9/.beep/yeet/jobs/<run-id>.json,checkout-jobs,2164,0,~/YeeBois/projects/beep-effect9,owner-unverified,unverified,source retained; archive from owner checkout,fleet observation only; archive from the owning checkout,foreign-owner
~/YeeBois/projects/beep-effect9/.beep/yeet/jobs/<run-id>.log,checkout-jobs,9925,12288,~/YeeBois/projects/beep-effect9,owner-unverified,unverified,source retained; archive from owner checkout,fleet observation only; archive from the owning checkout,foreign-owner
~/YeeBois/projects/beep-effect9/.beep/yeet/jobs/<run-id>.json,checkout-jobs,2166,0,~/YeeBois/projects/beep-effect9,owner-unverified,unverified,source retained; archive from owner checkout,fleet observation only; archive from the owning checkout,foreign-owner
~/YeeBois/projects/beep-effect9/.beep/yeet/jobs/<run-id>.log,checkout-jobs,169654,172032,~/YeeBois/projects/beep-effect9,owner-unverified,unverified,source retained; archive from owner checkout,fleet observation only; archive from the owning checkout,foreign-owner
~/YeeBois/projects/beep-effect9/.beep/yeet/jobs/<run-id>.json,checkout-jobs,2172,0,~/YeeBois/projects/beep-effect9,owner-unverified,unverified,source retained; archive from owner checkout,fleet observation only; archive from the owning checkout,foreign-owner
~/YeeBois/projects/beep-effect9/.beep/yeet/jobs/<run-id>.log,checkout-jobs,23023,24576,~/YeeBois/projects/beep-effect9,owner-unverified,unverified,source retained; archive from owner checkout,fleet observation only; archive from the owning checkout,foreign-owner
~/YeeBois/projects/beep-effect9/.beep/yeet/jobs/<run-id>.log,checkout-jobs,478125,479232,~/YeeBois/projects/beep-effect9,owner-unverified,unverified,source retained; archive from owner checkout,fleet observation only; archive from the owning checkout,foreign-owner
~/YeeBois/projects/beep-effect9/.beep/yeet/jobs/<run-id>.json,checkout-jobs,2210,0,~/YeeBois/projects/beep-effect9,owner-unverified,unverified,source retained; archive from owner checkout,fleet observation only; archive from the owning checkout,foreign-owner
~/YeeBois/projects/beep-effect9/.beep/yeet/jobs/<run-id>.log,checkout-jobs,7062,8192,~/YeeBois/projects/beep-effect9,owner-unverified,unverified,source retained; archive from owner checkout,fleet observation only; archive from the owning checkout,foreign-owner
~/YeeBois/projects/beep-effect9/.beep/yeet/jobs/<run-id>.json,checkout-jobs,2192,0,~/YeeBois/projects/beep-effect9,owner-unverified,unverified,source retained; archive from owner checkout,fleet observation only; archive from the owning checkout,foreign-owner
~/YeeBois/projects/beep-effect9/.beep/yeet/jobs/<run-id>.log,checkout-jobs,116,0,~/YeeBois/projects/beep-effect9,owner-unverified,unverified,source retained; archive from owner checkout,fleet observation only; archive from the owning checkout,foreign-owner
~/YeeBois/projects/beep-effect9/.beep/yeet/jobs/<run-id>.json,checkout-jobs,1907,0,~/YeeBois/projects/beep-effect9,owner-unverified,unverified,source retained; archive from owner checkout,fleet observation only; archive from the owning checkout,foreign-owner
~/YeeBois/projects/beep-effect9/.beep/yeet/jobs/<run-id>.log,checkout-jobs,10413,12288,~/YeeBois/projects/beep-effect9,owner-unverified,unverified,source retained; archive from owner checkout,fleet observation only; archive from the owning checkout,foreign-owner
~/YeeBois/projects/beep-effect9/.beep/yeet/jobs/<run-id>.json,checkout-jobs,2184,0,~/YeeBois/projects/beep-effect9,owner-unverified,unverified,source retained; archive from owner checkout,fleet observation only; archive from the owning checkout,foreign-owner
~/YeeBois/projects/beep-effect9/.beep/yeet/jobs/<run-id>.log,checkout-jobs,6886,8192,~/YeeBois/projects/beep-effect9,owner-unverified,unverified,source retained; archive from owner checkout,fleet observation only; archive from the owning checkout,foreign-owner
~/YeeBois/projects/beep-effect9/.beep/yeet/jobs/<run-id>.json,checkout-jobs,2375,0,~/YeeBois/projects/beep-effect9,owner-unverified,unverified,source retained; archive from owner checkout,fleet observation only; archive from the owning checkout,foreign-owner
~/YeeBois/projects/beep-effect9/.beep/yeet/jobs/<run-id>.log,checkout-jobs,6663,8192,~/YeeBois/projects/beep-effect9,owner-unverified,unverified,source retained; archive from owner checkout,fleet observation only; archive from the owning checkout,foreign-owner
~/YeeBois/projects/beep-effect9/.beep/yeet/jobs/<run-id>.json,checkout-jobs,2343,0,~/YeeBois/projects/beep-effect9,owner-unverified,unverified,source retained; archive from owner checkout,fleet observation only; archive from the owning checkout,foreign-owner
~/YeeBois/projects/beep-effect9/.beep/yeet/jobs/<run-id>.log,checkout-jobs,37744,40960,~/YeeBois/projects/beep-effect9,owner-unverified,unverified,source retained; archive from owner checkout,fleet observation only; archive from the owning checkout,foreign-owner
~/YeeBois/projects/beep-effect9/.beep/yeet/jobs/<run-id>.log,checkout-jobs,34567,36864,~/YeeBois/projects/beep-effect9,owner-unverified,unverified,source retained; archive from owner checkout,fleet observation only; archive from the owning checkout,foreign-owner
~/YeeBois/projects/beep-effect9/.beep/yeet/jobs/<run-id>.json,checkout-jobs,1960,0,~/YeeBois/projects/beep-effect9,owner-unverified,unverified,source retained; archive from owner checkout,fleet observation only; archive from the owning checkout,foreign-owner
~/YeeBois/projects/beep-effect9/.beep/yeet/jobs/<run-id>.json,checkout-jobs,2188,0,~/YeeBois/projects/beep-effect9,owner-unverified,unverified,source retained; archive from owner checkout,fleet observation only; archive from the owning checkout,foreign-owner
~/YeeBois/projects/beep-effect9/.beep/yeet/jobs/<run-id>.log,checkout-jobs,66218,69632,~/YeeBois/projects/beep-effect9,owner-unverified,unverified,source retained; archive from owner checkout,fleet observation only; archive from the owning checkout,foreign-owner
~/YeeBois/projects/beep-effect9/.beep/yeet/jobs/<run-id>.json,checkout-jobs,2168,0,~/YeeBois/projects/beep-effect9,owner-unverified,unverified,source retained; archive from owner checkout,fleet observation only; archive from the owning checkout,foreign-owner
~/YeeBois/projects/beep-effect9/.beep/yeet/jobs/<run-id>.log,checkout-jobs,14886,16384,~/YeeBois/projects/beep-effect9,owner-unverified,unverified,source retained; archive from owner checkout,fleet observation only; archive from the owning checkout,foreign-owner
~/YeeBois/projects/beep-effect9/.beep/yeet/jobs/<run-id>.json,checkout-jobs,2178,0,~/YeeBois/projects/beep-effect9,owner-unverified,unverified,source retained; archive from owner checkout,fleet observation only; archive from the owning checkout,foreign-owner
~/YeeBois/projects/beep-effect9/.beep/yeet/jobs/<run-id>.log,checkout-jobs,15150,16384,~/YeeBois/projects/beep-effect9,owner-unverified,unverified,source retained; archive from owner checkout,fleet observation only; archive from the owning checkout,foreign-owner
~/YeeBois/projects/beep-effect9/.beep/yeet/jobs/<run-id>.json,checkout-jobs,2160,0,~/YeeBois/projects/beep-effect9,owner-unverified,unverified,source retained; archive from owner checkout,fleet observation only; archive from the owning checkout,foreign-owner
~/YeeBois/projects/beep-effect9/.beep/yeet/jobs/<run-id>.log,checkout-jobs,40153,40960,~/YeeBois/projects/beep-effect9,owner-unverified,unverified,source retained; archive from owner checkout,fleet observation only; archive from the owning checkout,foreign-owner
~/YeeBois/projects/beep-effect9/.beep/yeet/jobs/<run-id>.json,checkout-jobs,2184,0,~/YeeBois/projects/beep-effect9,owner-unverified,unverified,source retained; archive from owner checkout,fleet observation only; archive from the owning checkout,foreign-owner
~/YeeBois/projects/beep-effect9/.beep/yeet/jobs/<run-id>.log,checkout-jobs,90745,94208,~/YeeBois/projects/beep-effect9,owner-unverified,unverified,source retained; archive from owner checkout,fleet observation only; archive from the owning checkout,foreign-owner
~/YeeBois/projects/beep-effect9/.beep/yeet/jobs/<run-id>.json,checkout-jobs,1959,0,~/YeeBois/projects/beep-effect9,owner-unverified,unverified,source retained; archive from owner checkout,fleet observation only; archive from the owning checkout,foreign-owner
~/YeeBois/projects/beep-effect9/.beep/yeet/jobs/<run-id>.json,checkout-jobs,2206,0,~/YeeBois/projects/beep-effect9,owner-unverified,unverified,source retained; archive from owner checkout,fleet observation only; archive from the owning checkout,foreign-owner
~/YeeBois/projects/beep-effect9/.beep/yeet/jobs/<run-id>.log,checkout-jobs,28362,28672,~/YeeBois/projects/beep-effect9,owner-unverified,unverified,source retained; archive from owner checkout,fleet observation only; archive from the owning checkout,foreign-owner
~/YeeBois/projects/beep-effect9/.beep/yeet/jobs/<run-id>.log,checkout-jobs,182666,184320,~/YeeBois/projects/beep-effect9,owner-unverified,unverified,source retained; archive from owner checkout,fleet observation only; archive from the owning checkout,foreign-owner
~/YeeBois/projects/beep-effect9/.beep/yeet/jobs/<run-id>.json,checkout-jobs,2182,0,~/YeeBois/projects/beep-effect9,owner-unverified,unverified,source retained; archive from owner checkout,fleet observation only; archive from the owning checkout,foreign-owner
~/YeeBois/projects/beep-effect9/.beep/yeet/jobs/<run-id>.log,checkout-jobs,6310,8192,~/YeeBois/projects/beep-effect9,owner-unverified,unverified,source retained; archive from owner checkout,fleet observation only; archive from the owning checkout,foreign-owner
~/YeeBois/projects/beep-effect9/.beep/yeet/jobs/<run-id>.json,checkout-jobs,2347,0,~/YeeBois/projects/beep-effect9,owner-unverified,unverified,source retained; archive from owner checkout,fleet observation only; archive from the owning checkout,foreign-owner
~/YeeBois/projects/beep-effect9/.beep/yeet/jobs/<run-id>.log,checkout-jobs,6948,8192,~/YeeBois/projects/beep-effect9,owner-unverified,unverified,source retained; archive from owner checkout,fleet observation only; archive from the owning checkout,foreign-owner
~/YeeBois/projects/beep-effect9/.beep/yeet/jobs/<run-id>.json,checkout-jobs,2333,0,~/YeeBois/projects/beep-effect9,owner-unverified,unverified,source retained; archive from owner checkout,fleet observation only; archive from the owning checkout,foreign-owner
~/YeeBois/projects/beep-effect9/.beep/yeet/jobs/<run-id>.log,checkout-jobs,3294,0,~/YeeBois/projects/beep-effect9,owner-unverified,unverified,source retained; archive from owner checkout,fleet observation only; archive from the owning checkout,foreign-owner
~/YeeBois/projects/beep-effect9/.beep/yeet/jobs/<run-id>.json,checkout-jobs,1960,0,~/YeeBois/projects/beep-effect9,owner-unverified,unverified,source retained; archive from owner checkout,fleet observation only; archive from the owning checkout,foreign-owner
~/YeeBois/projects/beep-effect9/.beep/yeet/jobs/<run-id>.log,checkout-jobs,8209,12288,~/YeeBois/projects/beep-effect9,owner-unverified,unverified,source retained; archive from owner checkout,fleet observation only; archive from the owning checkout,foreign-owner
~/YeeBois/projects/beep-effect9/.beep/yeet/jobs/<run-id>.json,checkout-jobs,2357,0,~/YeeBois/projects/beep-effect9,owner-unverified,unverified,source retained; archive from owner checkout,fleet observation only; archive from the owning checkout,foreign-owner
~/YeeBois/projects/beep-effect9/.beep/yeet/jobs/<run-id>.log,checkout-jobs,13066,16384,~/YeeBois/projects/beep-effect9,owner-unverified,unverified,source retained; archive from owner checkout,fleet observation only; archive from the owning checkout,foreign-owner
~/YeeBois/projects/beep-effect9/.beep/yeet/jobs/<run-id>.json,checkout-jobs,1960,0,~/YeeBois/projects/beep-effect9,owner-unverified,unverified,source retained; archive from owner checkout,fleet observation only; archive from the owning checkout,foreign-owner
~/YeeBois/projects/beep-effect9/.beep/yeet/jobs/<run-id>.log,checkout-jobs,6975,8192,~/YeeBois/projects/beep-effect9,owner-unverified,unverified,source retained; archive from owner checkout,fleet observation only; archive from the owning checkout,foreign-owner
~/YeeBois/projects/beep-effect9/.beep/yeet/jobs/<run-id>.json,checkout-jobs,2351,0,~/YeeBois/projects/beep-effect9,owner-unverified,unverified,source retained; archive from owner checkout,fleet observation only; archive from the owning checkout,foreign-owner
~/YeeBois/projects/beep-effect9/.beep/yeet/jobs/<run-id>.log,checkout-jobs,1150663,1150976,~/YeeBois/projects/beep-effect9,owner-unverified,unverified,source retained; archive from owner checkout,fleet observation only; archive from the owning checkout,foreign-owner
~/YeeBois/projects/beep-effect9/.beep/yeet/jobs/<run-id>.json,checkout-jobs,1956,0,~/YeeBois/projects/beep-effect9,owner-unverified,unverified,source retained; archive from owner checkout,fleet observation only; archive from the owning checkout,foreign-owner
~/YeeBois/projects/beep-effect9/.beep/yeet/jobs/<run-id>.log,checkout-jobs,83540,86016,~/YeeBois/projects/beep-effect9,owner-unverified,unverified,source retained; archive from owner checkout,fleet observation only; archive from the owning checkout,foreign-owner
~/YeeBois/projects/beep-effect9/.beep/yeet/jobs/<run-id>.json,checkout-jobs,2127,0,~/YeeBois/projects/beep-effect9,owner-unverified,unverified,source retained; archive from owner checkout,fleet observation only; archive from the owning checkout,foreign-owner
~/YeeBois/projects/beep-effect9/.beep/yeet/jobs/<run-id>.json,checkout-jobs,1956,0,~/YeeBois/projects/beep-effect9,owner-unverified,unverified,source retained; archive from owner checkout,fleet observation only; archive from the owning checkout,foreign-owner
~/YeeBois/projects/beep-effect9/.beep/yeet/jobs/<run-id>.log,checkout-jobs,79685,81920,~/YeeBois/projects/beep-effect9,owner-unverified,unverified,source retained; archive from owner checkout,fleet observation only; archive from the owning checkout,foreign-owner
~/YeeBois/projects/beep-effect9/.beep/yeet/jobs/<run-id>.json,checkout-jobs,2234,0,~/YeeBois/projects/beep-effect9,owner-unverified,unverified,source retained; archive from owner checkout,fleet observation only; archive from the owning checkout,foreign-owner
~/YeeBois/projects/beep-effect9/.beep/yeet/jobs/<run-id>.log,checkout-jobs,2000047,2002944,~/YeeBois/projects/beep-effect9,owner-unverified,unverified,source retained; archive from owner checkout,fleet observation only; archive from the owning checkout,foreign-owner
~/YeeBois/projects/beep-effect9/.beep/yeet/jobs/<run-id>.log,checkout-jobs,24705,28672,~/YeeBois/projects/beep-effect9,owner-unverified,unverified,source retained; archive from owner checkout,fleet observation only; archive from the owning checkout,foreign-owner
~/YeeBois/projects/beep-effect9/.beep/yeet/jobs/<run-id>.json,checkout-jobs,2031,0,~/YeeBois/projects/beep-effect9,owner-unverified,unverified,source retained; archive from owner checkout,fleet observation only; archive from the owning checkout,foreign-owner
~/YeeBois/projects/beep-effect9/.beep/yeet/jobs/<run-id>.log,checkout-jobs,1320,0,~/YeeBois/projects/beep-effect9,owner-unverified,unverified,source retained; archive from owner checkout,fleet observation only; archive from the owning checkout,foreign-owner
~/YeeBois/projects/beep-effect9/.beep/yeet/jobs/<run-id>.json,checkout-jobs,2029,0,~/YeeBois/projects/beep-effect9,owner-unverified,unverified,source retained; archive from owner checkout,fleet observation only; archive from the owning checkout,foreign-owner
~/YeeBois/projects/beep-effect9/.beep/yeet/jobs/<run-id>.json,checkout-jobs,2384,0,~/YeeBois/projects/beep-effect9,owner-unverified,unverified,source retained; archive from owner checkout,fleet observation only; archive from the owning checkout,foreign-owner
~/YeeBois/projects/beep-effect9/.beep/yeet/jobs/<run-id>.log,checkout-jobs,3351,0,~/YeeBois/projects/beep-effect9,owner-unverified,unverified,source retained; archive from owner checkout,fleet observation only; archive from the owning checkout,foreign-owner
~/YeeBois/projects/beep-effect9/.beep/yeet/jobs/<run-id>.json,checkout-jobs,2389,0,~/YeeBois/projects/beep-effect9,owner-unverified,unverified,source retained; archive from owner checkout,fleet observation only; archive from the owning checkout,foreign-owner
~/YeeBois/projects/beep-effect9/.beep/yeet/jobs/<run-id>.log,checkout-jobs,82981,86016,~/YeeBois/projects/beep-effect9,owner-unverified,unverified,source retained; archive from owner checkout,fleet observation only; archive from the owning checkout,foreign-owner
~/YeeBois/projects/beep-effect9/.beep/yeet/jobs/<run-id>.log,checkout-jobs,395116,397312,~/YeeBois/projects/beep-effect9,owner-unverified,unverified,source retained; archive from owner checkout,fleet observation only; archive from the owning checkout,foreign-owner
~/YeeBois/projects/beep-effect9/.beep/yeet/jobs/<run-id>.json,checkout-jobs,2229,0,~/YeeBois/projects/beep-effect9,owner-unverified,unverified,source retained; archive from owner checkout,fleet observation only; archive from the owning checkout,foreign-owner
~/YeeBois/projects/beep-effect9/.beep/yeet/jobs/<run-id>.log,checkout-jobs,649261,651264,~/YeeBois/projects/beep-effect9,owner-unverified,unverified,source retained; archive from owner checkout,fleet observation only; archive from the owning checkout,foreign-owner
~/YeeBois/projects/beep-effect9/.beep/yeet/jobs/<run-id>.json,checkout-jobs,2400,0,~/YeeBois/projects/beep-effect9,owner-unverified,unverified,source retained; archive from owner checkout,fleet observation only; archive from the owning checkout,foreign-owner
~/YeeBois/projects/beep-effect9/.beep/yeet/jobs/<run-id>.json,checkout-jobs,2026,0,~/YeeBois/projects/beep-effect9,owner-unverified,unverified,source retained; archive from owner checkout,fleet observation only; archive from the owning checkout,foreign-owner
~/YeeBois/projects/beep-effect9/.beep/yeet/jobs/<run-id>.log,checkout-jobs,292515,294912,~/YeeBois/projects/beep-effect9,owner-unverified,unverified,source retained; archive from owner checkout,fleet observation only; archive from the owning checkout,foreign-owner
~/YeeBois/projects/beep-effect9/.beep/yeet/jobs/<run-id>.json,checkout-jobs,2034,0,~/YeeBois/projects/beep-effect9,owner-unverified,unverified,source retained; archive from owner checkout,fleet observation only; archive from the owning checkout,foreign-owner
~/YeeBois/projects/beep-effect9/.beep/yeet/jobs/<run-id>.log,checkout-jobs,258327,262144,~/YeeBois/projects/beep-effect9,owner-unverified,unverified,source retained; archive from owner checkout,fleet observation only; archive from the owning checkout,foreign-owner
~/YeeBois/projects/beep-effect9/.beep/yeet/jobs/<run-id>.json,checkout-jobs,1976,0,~/YeeBois/projects/beep-effect9,owner-unverified,unverified,source retained; archive from owner checkout,fleet observation only; archive from the owning checkout,foreign-owner
~/YeeBois/projects/beep-effect9/.beep/yeet/jobs/<run-id>.log,checkout-jobs,390651,393216,~/YeeBois/projects/beep-effect9,owner-unverified,unverified,source retained; archive from owner checkout,fleet observation only; archive from the owning checkout,foreign-owner
~/YeeBois/projects/beep-effect9/.beep/yeet/jobs/<run-id>.json,checkout-jobs,2136,0,~/YeeBois/projects/beep-effect9,owner-unverified,unverified,source retained; archive from owner checkout,fleet observation only; archive from the owning checkout,foreign-owner
~/YeeBois/projects/beep-effect9/.beep/yeet/jobs/<run-id>.log,checkout-jobs,258648,262144,~/YeeBois/projects/beep-effect9,owner-unverified,unverified,source retained; archive from owner checkout,fleet observation only; archive from the owning checkout,foreign-owner
~/YeeBois/projects/beep-effect9/.beep/yeet/jobs/<run-id>.json,checkout-jobs,2034,0,~/YeeBois/projects/beep-effect9,owner-unverified,unverified,source retained; archive from owner checkout,fleet observation only; archive from the owning checkout,foreign-owner
~/YeeBois/projects/beep-effect9/.beep/yeet/jobs/<run-id>.log,checkout-jobs,1047,0,~/YeeBois/projects/beep-effect9,owner-unverified,unverified,source retained; archive from owner checkout,fleet observation only; archive from the owning checkout,foreign-owner
~/YeeBois/projects/beep-effect9/.beep/yeet/jobs/<run-id>.json,checkout-jobs,2368,0,~/YeeBois/projects/beep-effect9,owner-unverified,unverified,source retained; archive from owner checkout,fleet observation only; archive from the owning checkout,foreign-owner
~/YeeBois/projects/beep-effect9/.beep/yeet/jobs/<run-id>.log,checkout-jobs,275589,278528,~/YeeBois/projects/beep-effect9,owner-unverified,unverified,source retained; archive from owner checkout,fleet observation only; archive from the owning checkout,foreign-owner
~/YeeBois/projects/beep-effect9/.beep/yeet/jobs/<run-id>.json,checkout-jobs,2035,0,~/YeeBois/projects/beep-effect9,owner-unverified,unverified,source retained; archive from owner checkout,fleet observation only; archive from the owning checkout,foreign-owner
~/YeeBois/projects/beep-effect9/.beep/yeet/jobs/<run-id>.log,checkout-jobs,1058221,1060864,~/YeeBois/projects/beep-effect9,owner-unverified,unverified,source retained; archive from owner checkout,fleet observation only; archive from the owning checkout,foreign-owner
~/YeeBois/projects/beep-effect9/.beep/yeet/jobs/<run-id>.json,checkout-jobs,2036,0,~/YeeBois/projects/beep-effect9,owner-unverified,unverified,source retained; archive from owner checkout,fleet observation only; archive from the owning checkout,foreign-owner
~/YeeBois/projects/beep-effect9/.beep/fallow,checkout-material,450888,446464,~/YeeBois/projects/beep-effect9,owner-unverified,unverified,source retained; archive from owner checkout,fleet observation only; archive from the owning checkout,foreign-owner
~/YeeBois/projects/beep-effect9/.beep/professional-desktop,checkout-material,0,0,~/YeeBois/projects/beep-effect9,owner-unverified,unverified,source retained; archive from owner checkout,fleet observation only; archive from the owning checkout,foreign-owner
~/YeeBois/projects/beep-effect9/.beep/ci/jsdoc-documentation.inventory.jsonc,checkout-generated,20975753,20979712,~/YeeBois/projects/beep-effect9,owner-unverified,unverified,source retained; archive from owner checkout,fleet observation only; archive from the owning checkout,foreign-owner
~/YeeBois/projects/beep-effect9/.beep/ci/jsdoc-documentation.inventory.md,checkout-generated,361460,364544,~/YeeBois/projects/beep-effect9,owner-unverified,unverified,source retained; archive from owner checkout,fleet observation only; archive from the owning checkout,foreign-owner
~/YeeBois/projects/beep-effect9/.beep/quality,checkout-material,0,0,~/YeeBois/projects/beep-effect9,owner-unverified,unverified,source retained; archive from owner checkout,fleet observation only; archive from the owning checkout,foreign-owner
~/YeeBois/projects/beep-effect9/.beep/effect-vitest-repair,checkout-material,18799607,19025920,~/YeeBois/projects/beep-effect9,owner-unverified,unverified,source retained; archive from owner checkout,fleet observation only; archive from the owning checkout,foreign-owner
~/YeeBois/projects/beep-effect9/.beep/boolean-creep-confinement-fixture.txt,checkout-material,14,0,~/YeeBois/projects/beep-effect9,owner-unverified,unverified,source retained; archive from owner checkout,fleet observation only; archive from the owning checkout,foreign-owner
~/YeeBois/projects/beep-effect9/.beep/boolean-creep-partial-closeout.json,checkout-material,761,0,~/YeeBois/projects/beep-effect9,owner-unverified,unverified,source retained; archive from owner checkout,fleet observation only; archive from the owning checkout,foreign-owner
~/YeeBois/projects/beep-effect9-ceiling/.beep/ci/jsdoc-documentation.inventory.jsonc,checkout-generated,17008185,17010688,~/YeeBois/projects/beep-effect9-ceiling,owner-unverified,unverified,source retained; archive from owner checkout,fleet observation only; archive from the owning checkout,foreign-owner
~/YeeBois/projects/beep-effect9-ceiling/.beep/ci/jsdoc-documentation.inventory.md,checkout-generated,12590,16384,~/YeeBois/projects/beep-effect9-ceiling,owner-unverified,unverified,source retained; archive from owner checkout,fleet observation only; archive from the owning checkout,foreign-owner
~/YeeBois/projects/beep-effect9-ceiling/.beep/fallow,checkout-material,128213,126976,~/YeeBois/projects/beep-effect9-ceiling,owner-unverified,unverified,source retained; archive from owner checkout,fleet observation only; archive from the owning checkout,foreign-owner
~/YeeBois/projects/beep-effect9-worktrees/boolean-creep-r54-remainder-2026-10-01/.beep/yeet/jobs/<run-id>.log,checkout-jobs,1082327,1085440,~/YeeBois/projects/beep-effect9-worktrees/boolean-creep-r54-remainder-2026-10-01,owner-unverified,unverified,source retained; archive from owner checkout,fleet observation only; archive from the owning checkout,foreign-owner
~/YeeBois/projects/beep-effect9-worktrees/boolean-creep-r54-remainder-2026-10-01/.beep/yeet/jobs/<run-id>.json,checkout-jobs,2688,0,~/YeeBois/projects/beep-effect9-worktrees/boolean-creep-r54-remainder-2026-10-01,owner-unverified,unverified,source retained; archive from owner checkout,fleet observation only; archive from the owning checkout,foreign-owner
~/YeeBois/projects/beep-effect9-worktrees/boolean-creep-r54-remainder-2026-10-01/.beep/yeet/jobs/<run-id>.log,checkout-jobs,739122,741376,~/YeeBois/projects/beep-effect9-worktrees/boolean-creep-r54-remainder-2026-10-01,owner-unverified,unverified,source retained; archive from owner checkout,fleet observation only; archive from the owning checkout,foreign-owner
~/YeeBois/projects/beep-effect9-worktrees/boolean-creep-r54-remainder-2026-10-01/.beep/yeet/jobs/<run-id>.json,checkout-jobs,2688,0,~/YeeBois/projects/beep-effect9-worktrees/boolean-creep-r54-remainder-2026-10-01,owner-unverified,unverified,source retained; archive from owner checkout,fleet observation only; archive from the owning checkout,foreign-owner
~/YeeBois/projects/beep-effect9-worktrees/boolean-creep-r54-remainder-2026-10-01/.beep/yeet/jobs/<run-id>.log,checkout-jobs,9997,12288,~/YeeBois/projects/beep-effect9-worktrees/boolean-creep-r54-remainder-2026-10-01,owner-unverified,unverified,source retained; archive from owner checkout,fleet observation only; archive from the owning checkout,foreign-owner
~/YeeBois/projects/beep-effect9-worktrees/boolean-creep-r54-remainder-2026-10-01/.beep/yeet/jobs/<run-id>.json,checkout-jobs,2471,0,~/YeeBois/projects/beep-effect9-worktrees/boolean-creep-r54-remainder-2026-10-01,owner-unverified,unverified,source retained; archive from owner checkout,fleet observation only; archive from the owning checkout,foreign-owner
~/YeeBois/projects/beep-effect9-worktrees/boolean-creep-r54-remainder-2026-10-01/.beep/yeet/jobs/<run-id>.log,checkout-jobs,15899,16384,~/YeeBois/projects/beep-effect9-worktrees/boolean-creep-r54-remainder-2026-10-01,owner-unverified,unverified,source retained; archive from owner checkout,fleet observation only; archive from the owning checkout,foreign-owner
~/YeeBois/projects/beep-effect9-worktrees/boolean-creep-r54-remainder-2026-10-01/.beep/yeet/jobs/<run-id>.json,checkout-jobs,2501,0,~/YeeBois/projects/beep-effect9-worktrees/boolean-creep-r54-remainder-2026-10-01,owner-unverified,unverified,source retained; archive from owner checkout,fleet observation only; archive from the owning checkout,foreign-owner
~/YeeBois/projects/beep-effect9-worktrees/boolean-creep-r54-remainder-2026-10-01/.beep/yeet/jobs/<run-id>.log,checkout-jobs,88736,90112,~/YeeBois/projects/beep-effect9-worktrees/boolean-creep-r54-remainder-2026-10-01,owner-unverified,unverified,source retained; archive from owner checkout,fleet observation only; archive from the owning checkout,foreign-owner
~/YeeBois/projects/beep-effect9-worktrees/boolean-creep-r54-remainder-2026-10-01/.beep/yeet/jobs/<run-id>.json,checkout-jobs,2721,0,~/YeeBois/projects/beep-effect9-worktrees/boolean-creep-r54-remainder-2026-10-01,owner-unverified,unverified,source retained; archive from owner checkout,fleet observation only; archive from the owning checkout,foreign-owner
~/YeeBois/projects/beep-effect9-worktrees/boolean-creep-r54-remainder-2026-10-01/.beep/yeet/jobs/<run-id>.log,checkout-jobs,864698,868352,~/YeeBois/projects/beep-effect9-worktrees/boolean-creep-r54-remainder-2026-10-01,owner-unverified,unverified,source retained; archive from owner checkout,fleet observation only; archive from the owning checkout,foreign-owner
~/YeeBois/projects/beep-effect9-worktrees/boolean-creep-r54-remainder-2026-10-01/.beep/yeet/jobs/<run-id>.json,checkout-jobs,2275,0,~/YeeBois/projects/beep-effect9-worktrees/boolean-creep-r54-remainder-2026-10-01,owner-unverified,unverified,source retained; archive from owner checkout,fleet observation only; archive from the owning checkout,foreign-owner
~/YeeBois/projects/beep-effect9-worktrees/boolean-creep-r54-remainder-2026-10-01/.beep/yeet/jobs/<run-id>.log,checkout-jobs,26370,28672,~/YeeBois/projects/beep-effect9-worktrees/boolean-creep-r54-remainder-2026-10-01,owner-unverified,unverified,source retained; archive from owner checkout,fleet observation only; archive from the owning checkout,foreign-owner
~/YeeBois/projects/beep-effect9-worktrees/boolean-creep-r54-remainder-2026-10-01/.beep/yeet/jobs/<run-id>.json,checkout-jobs,2523,0,~/YeeBois/projects/beep-effect9-worktrees/boolean-creep-r54-remainder-2026-10-01,owner-unverified,unverified,source retained; archive from owner checkout,fleet observation only; archive from the owning checkout,foreign-owner
~/YeeBois/projects/beep-effect9-worktrees/boolean-creep-r54-remainder-2026-10-01/.beep/yeet/jobs/<run-id>.log,checkout-jobs,32469,32768,~/YeeBois/projects/beep-effect9-worktrees/boolean-creep-r54-remainder-2026-10-01,owner-unverified,unverified,source retained; archive from owner checkout,fleet observation only; archive from the owning checkout,foreign-owner
~/YeeBois/projects/beep-effect9-worktrees/boolean-creep-r54-remainder-2026-10-01/.beep/yeet/jobs/<run-id>.json,checkout-jobs,2495,0,~/YeeBois/projects/beep-effect9-worktrees/boolean-creep-r54-remainder-2026-10-01,owner-unverified,unverified,source retained; archive from owner checkout,fleet observation only; archive from the owning checkout,foreign-owner
~/YeeBois/projects/beep-effect9-worktrees/boolean-creep-r54-remainder-2026-10-01/.beep/yeet/jobs/<run-id>.log,checkout-jobs,206833,208896,~/YeeBois/projects/beep-effect9-worktrees/boolean-creep-r54-remainder-2026-10-01,owner-unverified,unverified,source retained; archive from owner checkout,fleet observation only; archive from the owning checkout,foreign-owner
~/YeeBois/projects/beep-effect9-worktrees/boolean-creep-r54-remainder-2026-10-01/.beep/yeet/jobs/<run-id>.json,checkout-jobs,2501,0,~/YeeBois/projects/beep-effect9-worktrees/boolean-creep-r54-remainder-2026-10-01,owner-unverified,unverified,source retained; archive from owner checkout,fleet observation only; archive from the owning checkout,foreign-owner
~/YeeBois/projects/beep-effect9-worktrees/boolean-creep-r54-remainder-2026-10-01/.beep/yeet/jobs/<run-id>.log,checkout-jobs,1228,0,~/YeeBois/projects/beep-effect9-worktrees/boolean-creep-r54-remainder-2026-10-01,owner-unverified,unverified,source retained; archive from owner checkout,fleet observation only; archive from the owning checkout,foreign-owner
~/YeeBois/projects/beep-effect9-worktrees/boolean-creep-r54-remainder-2026-10-01/.beep/yeet/jobs/<run-id>.json,checkout-jobs,2701,0,~/YeeBois/projects/beep-effect9-worktrees/boolean-creep-r54-remainder-2026-10-01,owner-unverified,unverified,source retained; archive from owner checkout,fleet observation only; archive from the owning checkout,foreign-owner
~/YeeBois/projects/beep-effect9-worktrees/boolean-creep-r54-remainder-2026-10-01/.beep/yeet/jobs/<run-id>.log,checkout-jobs,99631,102400,~/YeeBois/projects/beep-effect9-worktrees/boolean-creep-r54-remainder-2026-10-01,owner-unverified,unverified,source retained; archive from owner checkout,fleet observation only; archive from the owning checkout,foreign-owner
~/YeeBois/projects/beep-effect9-worktrees/boolean-creep-r54-remainder-2026-10-01/.beep/yeet/jobs/<run-id>.json,checkout-jobs,2491,0,~/YeeBois/projects/beep-effect9-worktrees/boolean-creep-r54-remainder-2026-10-01,owner-unverified,unverified,source retained; archive from owner checkout,fleet observation only; archive from the owning checkout,foreign-owner
~/YeeBois/projects/beep-effect9-worktrees/boolean-creep-r54-remainder-2026-10-01/.beep/yeet/jobs/<run-id>.log,checkout-jobs,56185,57344,~/YeeBois/projects/beep-effect9-worktrees/boolean-creep-r54-remainder-2026-10-01,owner-unverified,unverified,source retained; archive from owner checkout,fleet observation only; archive from the owning checkout,foreign-owner
~/YeeBois/projects/beep-effect9-worktrees/boolean-creep-r54-remainder-2026-10-01/.beep/yeet/jobs/<run-id>.json,checkout-jobs,2493,0,~/YeeBois/projects/beep-effect9-worktrees/boolean-creep-r54-remainder-2026-10-01,owner-unverified,unverified,source retained; archive from owner checkout,fleet observation only; archive from the owning checkout,foreign-owner
~/YeeBois/projects/beep-effect9-worktrees/boolean-creep-r54-remainder-2026-10-01/.beep/yeet/jobs/<run-id>.log,checkout-jobs,101236,102400,~/YeeBois/projects/beep-effect9-worktrees/boolean-creep-r54-remainder-2026-10-01,owner-unverified,unverified,source retained; archive from owner checkout,fleet observation only; archive from the owning checkout,foreign-owner
~/YeeBois/projects/beep-effect9-worktrees/boolean-creep-r54-remainder-2026-10-01/.beep/yeet/jobs/<run-id>.log,checkout-jobs,2164741,2166784,~/YeeBois/projects/beep-effect9-worktrees/boolean-creep-r54-remainder-2026-10-01,owner-unverified,unverified,source retained; archive from owner checkout,fleet observation only; archive from the owning checkout,foreign-owner
~/YeeBois/projects/beep-effect9-worktrees/boolean-creep-r54-remainder-2026-10-01/.beep/yeet/jobs/<run-id>.json,checkout-jobs,2489,0,~/YeeBois/projects/beep-effect9-worktrees/boolean-creep-r54-remainder-2026-10-01,owner-unverified,unverified,source retained; archive from owner checkout,fleet observation only; archive from the owning checkout,foreign-owner
~/YeeBois/projects/beep-effect9-worktrees/boolean-creep-r54-remainder-2026-10-01/.beep/yeet/jobs/<run-id>.json,checkout-jobs,2716,0,~/YeeBois/projects/beep-effect9-worktrees/boolean-creep-r54-remainder-2026-10-01,owner-unverified,unverified,source retained; archive from owner checkout,fleet observation only; archive from the owning checkout,foreign-owner
~/YeeBois/projects/beep-effect9-worktrees/boolean-creep-r54-remainder-2026-10-01/.beep/yeet/jobs/<run-id>.log,checkout-jobs,2036884,2039808,~/YeeBois/projects/beep-effect9-worktrees/boolean-creep-r54-remainder-2026-10-01,owner-unverified,unverified,source retained; archive from owner checkout,fleet observation only; archive from the owning checkout,foreign-owner
~/YeeBois/projects/beep-effect9-worktrees/boolean-creep-r54-remainder-2026-10-01/.beep/yeet/jobs/<run-id>.log,checkout-jobs,1145,0,~/YeeBois/projects/beep-effect9-worktrees/boolean-creep-r54-remainder-2026-10-01,owner-unverified,unverified,source retained; archive from owner checkout,fleet observation only; archive from the owning checkout,foreign-owner
~/YeeBois/projects/beep-effect9-worktrees/boolean-creep-r54-remainder-2026-10-01/.beep/yeet/jobs/<run-id>.json,checkout-jobs,2660,0,~/YeeBois/projects/beep-effect9-worktrees/boolean-creep-r54-remainder-2026-10-01,owner-unverified,unverified,source retained; archive from owner checkout,fleet observation only; archive from the owning checkout,foreign-owner
~/YeeBois/projects/beep-effect9-worktrees/boolean-creep-r54-remainder-2026-10-01/.beep/yeet/jobs/<run-id>.log,checkout-jobs,1914908,1916928,~/YeeBois/projects/beep-effect9-worktrees/boolean-creep-r54-remainder-2026-10-01,owner-unverified,unverified,source retained; archive from owner checkout,fleet observation only; archive from the owning checkout,foreign-owner
~/YeeBois/projects/beep-effect9-worktrees/boolean-creep-r54-remainder-2026-10-01/.beep/yeet/jobs/<run-id>.json,checkout-jobs,2669,0,~/YeeBois/projects/beep-effect9-worktrees/boolean-creep-r54-remainder-2026-10-01,owner-unverified,unverified,source retained; archive from owner checkout,fleet observation only; archive from the owning checkout,foreign-owner
~/YeeBois/projects/beep-effect9-worktrees/boolean-creep-r54-remainder-2026-10-01/.beep/yeet/jobs/<run-id>.json,checkout-jobs,2693,0,~/YeeBois/projects/beep-effect9-worktrees/boolean-creep-r54-remainder-2026-10-01,owner-unverified,unverified,source retained; archive from owner checkout,fleet observation only; archive from the owning checkout,foreign-owner
~/YeeBois/projects/beep-effect9-worktrees/boolean-creep-r54-remainder-2026-10-01/.beep/yeet/jobs/<run-id>.log,checkout-jobs,80714,81920,~/YeeBois/projects/beep-effect9-worktrees/boolean-creep-r54-remainder-2026-10-01,owner-unverified,unverified,source retained; archive from owner checkout,fleet observation only; archive from the owning checkout,foreign-owner
~/YeeBois/projects/beep-effect9-worktrees/boolean-creep-r54-remainder-2026-10-01/.beep/yeet/jobs/<run-id>.json,checkout-jobs,2388,0,~/YeeBois/projects/beep-effect9-worktrees/boolean-creep-r54-remainder-2026-10-01,owner-unverified,unverified,source retained; archive from owner checkout,fleet observation only; archive from the owning checkout,foreign-owner
~/YeeBois/projects/beep-effect9-worktrees/boolean-creep-r54-remainder-2026-10-01/.beep/yeet/jobs/<run-id>.log,checkout-jobs,2068070,2068480,~/YeeBois/projects/beep-effect9-worktrees/boolean-creep-r54-remainder-2026-10-01,owner-unverified,unverified,source retained; archive from owner checkout,fleet observation only; archive from the owning checkout,foreign-owner
~/YeeBois/projects/beep-effect9-worktrees/boolean-creep-r54-remainder-2026-10-01/.beep/yeet/jobs/<run-id>.json,checkout-jobs,2675,0,~/YeeBois/projects/beep-effect9-worktrees/boolean-creep-r54-remainder-2026-10-01,owner-unverified,unverified,source retained; archive from owner checkout,fleet observation only; archive from the owning checkout,foreign-owner
~/YeeBois/projects/beep-effect9-worktrees/boolean-creep-r54-remainder-2026-10-01/.beep/yeet/jobs/<run-id>.log,checkout-jobs,1829336,1830912,~/YeeBois/projects/beep-effect9-worktrees/boolean-creep-r54-remainder-2026-10-01,owner-unverified,unverified,source retained; archive from owner checkout,fleet observation only; archive from the owning checkout,foreign-owner
~/YeeBois/projects/beep-effect9-worktrees/boolean-creep-r54-remainder-2026-10-01/.beep/yeet/jobs/<run-id>.json,checkout-jobs,2699,0,~/YeeBois/projects/beep-effect9-worktrees/boolean-creep-r54-remainder-2026-10-01,owner-unverified,unverified,source retained; archive from owner checkout,fleet observation only; archive from the owning checkout,foreign-owner
~/YeeBois/projects/beep-effect9-worktrees/boolean-creep-r54-remainder-2026-10-01/.beep/yeet/jobs/<run-id>.log,checkout-jobs,1614163,1617920,~/YeeBois/projects/beep-effect9-worktrees/boolean-creep-r54-remainder-2026-10-01,owner-unverified,unverified,source retained; archive from owner checkout,fleet observation only; archive from the owning checkout,foreign-owner
~/YeeBois/projects/beep-effect9-worktrees/boolean-creep-r54-remainder-2026-10-01/.beep/yeet/jobs/<run-id>.json,checkout-jobs,2711,0,~/YeeBois/projects/beep-effect9-worktrees/boolean-creep-r54-remainder-2026-10-01,owner-unverified,unverified,source retained; archive from owner checkout,fleet observation only; archive from the owning checkout,foreign-owner
~/YeeBois/projects/beep-effect9-worktrees/boolean-creep-r54-remainder-2026-10-01/.beep/yeet/jobs/<run-id>.log,checkout-jobs,259006,262144,~/YeeBois/projects/beep-effect9-worktrees/boolean-creep-r54-remainder-2026-10-01,owner-unverified,unverified,source retained; archive from owner checkout,fleet observation only; archive from the owning checkout,foreign-owner
~/YeeBois/projects/beep-effect9-worktrees/boolean-creep-r54-remainder-2026-10-01/.beep/yeet/jobs/<run-id>.log,checkout-jobs,1145,0,~/YeeBois/projects/beep-effect9-worktrees/boolean-creep-r54-remainder-2026-10-01,owner-unverified,unverified,source retained; archive from owner checkout,fleet observation only; archive from the owning checkout,foreign-owner
~/YeeBois/projects/beep-effect9-worktrees/boolean-creep-r54-remainder-2026-10-01/.beep/yeet/jobs/<run-id>.json,checkout-jobs,2626,0,~/YeeBois/projects/beep-effect9-worktrees/boolean-creep-r54-remainder-2026-10-01,owner-unverified,unverified,source retained; archive from owner checkout,fleet observation only; archive from the owning checkout,foreign-owner
~/YeeBois/projects/beep-effect9-worktrees/boolean-creep-r54-remainder-2026-10-01/.beep/yeet/jobs/<run-id>.log,checkout-jobs,1960896,1961984,~/YeeBois/projects/beep-effect9-worktrees/boolean-creep-r54-remainder-2026-10-01,owner-unverified,unverified,source retained; archive from owner checkout,fleet observation only; archive from the owning checkout,foreign-owner
~/YeeBois/projects/beep-effect9-worktrees/boolean-creep-r54-remainder-2026-10-01/.beep/yeet/jobs/<run-id>.json,checkout-jobs,2627,0,~/YeeBois/projects/beep-effect9-worktrees/boolean-creep-r54-remainder-2026-10-01,owner-unverified,unverified,source retained; archive from owner checkout,fleet observation only; archive from the owning checkout,foreign-owner
~/YeeBois/projects/beep-effect9-worktrees/boolean-creep-r54-remainder-2026-10-01/.beep/yeet/jobs/<run-id>.log,checkout-jobs,13886,16384,~/YeeBois/projects/beep-effect9-worktrees/boolean-creep-r54-remainder-2026-10-01,owner-unverified,unverified,source retained; archive from owner checkout,fleet observation only; archive from the owning checkout,foreign-owner
~/YeeBois/projects/beep-effect9-worktrees/boolean-creep-r54-remainder-2026-10-01/.beep/yeet/jobs/<run-id>.json,checkout-jobs,2635,0,~/YeeBois/projects/beep-effect9-worktrees/boolean-creep-r54-remainder-2026-10-01,owner-unverified,unverified,source retained; archive from owner checkout,fleet observation only; archive from the owning checkout,foreign-owner
~/YeeBois/projects/beep-effect9-worktrees/boolean-creep-r54-remainder-2026-10-01/.beep/yeet/jobs/<run-id>.json,checkout-jobs,2371,0,~/YeeBois/projects/beep-effect9-worktrees/boolean-creep-r54-remainder-2026-10-01,owner-unverified,unverified,source retained; archive from owner checkout,fleet observation only; archive from the owning checkout,foreign-owner
~/YeeBois/projects/beep-effect9-worktrees/boolean-creep-r54-remainder-2026-10-01/.beep/yeet/jobs/<run-id>.log,checkout-jobs,1117354,1118208,~/YeeBois/projects/beep-effect9-worktrees/boolean-creep-r54-remainder-2026-10-01,owner-unverified,unverified,source retained; archive from owner checkout,fleet observation only; archive from the owning checkout,foreign-owner
~/YeeBois/projects/beep-effect9-worktrees/boolean-creep-r54-remainder-2026-10-01/.beep/yeet/jobs/<run-id>.json,checkout-jobs,2687,0,~/YeeBois/projects/beep-effect9-worktrees/boolean-creep-r54-remainder-2026-10-01,owner-unverified,unverified,source retained; archive from owner checkout,fleet observation only; archive from the owning checkout,foreign-owner
~/YeeBois/projects/beep-effect9-worktrees/boolean-creep-r54-remainder-2026-10-01/.beep/yeet/jobs/<run-id>.log,checkout-jobs,28953,32768,~/YeeBois/projects/beep-effect9-worktrees/boolean-creep-r54-remainder-2026-10-01,owner-unverified,unverified,source retained; archive from owner checkout,fleet observation only; archive from the owning checkout,foreign-owner
~/YeeBois/projects/beep-effect9-worktrees/boolean-creep-r54-remainder-2026-10-01/.beep/yeet/jobs/<run-id>.json,checkout-jobs,2372,0,~/YeeBois/projects/beep-effect9-worktrees/boolean-creep-r54-remainder-2026-10-01,owner-unverified,unverified,source retained; archive from owner checkout,fleet observation only; archive from the owning checkout,foreign-owner
~/YeeBois/projects/beep-effect9-worktrees/boolean-creep-r54-remainder-2026-10-01/.beep/yeet/jobs/<run-id>.log,checkout-jobs,1902128,1904640,~/YeeBois/projects/beep-effect9-worktrees/boolean-creep-r54-remainder-2026-10-01,owner-unverified,unverified,source retained; archive from owner checkout,fleet observation only; archive from the owning checkout,foreign-owner
~/YeeBois/projects/beep-effect9-worktrees/boolean-creep-r54-remainder-2026-10-01/.beep/yeet/jobs/<run-id>.json,checkout-jobs,2686,0,~/YeeBois/projects/beep-effect9-worktrees/boolean-creep-r54-remainder-2026-10-01,owner-unverified,unverified,source retained; archive from owner checkout,fleet observation only; archive from the owning checkout,foreign-owner
~/YeeBois/projects/beep-effect9-worktrees/boolean-creep-r54-remainder-2026-10-01/.beep/yeet/jobs/<run-id>.log,checkout-jobs,1412,0,~/YeeBois/projects/beep-effect9-worktrees/boolean-creep-r54-remainder-2026-10-01,owner-unverified,unverified,source retained; archive from owner checkout,fleet observation only; archive from the owning checkout,foreign-owner
~/YeeBois/projects/beep-effect9-worktrees/boolean-creep-r54-remainder-2026-10-01/.beep/yeet/jobs/<run-id>.json,checkout-jobs,2286,0,~/YeeBois/projects/beep-effect9-worktrees/boolean-creep-r54-remainder-2026-10-01,owner-unverified,unverified,source retained; archive from owner checkout,fleet observation only; archive from the owning checkout,foreign-owner
~/YeeBois/projects/beep-effect9-worktrees/boolean-creep-r54-remainder-2026-10-01/.beep/fallow,checkout-material,431881,430080,~/YeeBois/projects/beep-effect9-worktrees/boolean-creep-r54-remainder-2026-10-01,owner-unverified,unverified,source retained; archive from owner checkout,fleet observation only; archive from the owning checkout,foreign-owner
~/YeeBois/projects/beep-effect9-worktrees/boolean-creep-r54-remainder-2026-10-01/.beep/quality,checkout-material,0,0,~/YeeBois/projects/beep-effect9-worktrees/boolean-creep-r54-remainder-2026-10-01,owner-unverified,unverified,source retained; archive from owner checkout,fleet observation only; archive from the owning checkout,foreign-owner
~/YeeBois/projects/beep-effect9-worktrees/boolean-creep-r54-remainder-2026-10-01/.beep/ci/jsdoc-documentation.inventory.jsonc,checkout-generated,20465287,20467712,~/YeeBois/projects/beep-effect9-worktrees/boolean-creep-r54-remainder-2026-10-01,owner-unverified,unverified,source retained; archive from owner checkout,fleet observation only; archive from the owning checkout,foreign-owner
~/YeeBois/projects/beep-effect9-worktrees/boolean-creep-r54-remainder-2026-10-01/.beep/ci/jsdoc-documentation.inventory.md,checkout-generated,336285,339968,~/YeeBois/projects/beep-effect9-worktrees/boolean-creep-r54-remainder-2026-10-01,owner-unverified,unverified,source retained; archive from owner checkout,fleet observation only; archive from the owning checkout,foreign-owner
